method,run,n_eval,time
midas_rho0.5,0,2000.0,0.0015352079935837537
midas_rho0.5,0,2300.0,0.002358623984036967
midas_rho0.5,0,2600.0,0.0031289570033550262
midas_rho0.5,0,2900.0,0.003888664999976754
midas_rho0.5,0,3200.0,0.0046559149923268706
midas_rho0.5,0,3500.0,0.005445539980428293
midas_rho0.5,0,3800.0,0.00622641496011056
midas_rho0.5,0,4100.0,0.007041289965854958
midas_rho0.5,0,4400.0,0.007818914978997782
midas_rho0.5,0,4700.0,0.008605748997069895
midas_rho0.5,0,5000.0,0.009384206990944222
midas_rho0.5,0,5300.0,0.010233373963274062
midas_rho0.5,0,5600.0,0.011046123952837661
midas_rho0.5,0,5900.0,0.01185049896594137
midas_rho0.5,0,6200.0,0.012652998964767903
midas_rho0.5,0,6500.0,0.013594789954368025
midas_rho0.5,0,6800.0,0.014622248942032456
midas_rho0.5,0,7100.0,0.015553790959529579
midas_rho0.5,0,7400.0,0.01649508296395652
midas_rho0.5,0,7700.0,0.017425999976694584
midas_rho0.5,0,8000.0,0.018364583957009017
midas_rho0.5,0,8300.0,0.01932787595433183
midas_rho0.5,0,8600.0,0.020261292957002297
midas_rho0.5,0,8900.0,0.021251376951113343
midas_rho0.5,0,9200.0,0.02222716895630583
midas_rho0.5,0,9500.0,0.02322554393322207
midas_rho0.5,0,9800.0,0.024222709937021136
midas_rho0.5,0,10100.0,0.025218043942004442
midas_rho0.5,0,10400.0,0.026218043931294233
midas_rho0.5,0,10700.0,0.02723366892314516
midas_rho0.5,0,11000.0,0.054884834913536906
midas_rho0.5,0,11300.0,0.05606100193108432
midas_rho0.5,0,11600.0,0.05703062692191452
midas_rho0.5,0,11900.0,0.05806383493472822
midas_rho0.5,0,12200.0,0.05904425194603391
midas_rho0.5,0,12500.0,0.06015883493819274
midas_rho0.5,0,12800.0,0.061166542931459844
midas_rho0.5,0,13100.0,0.06216170993866399
midas_rho0.5,0,13400.0,0.06315729295602068
midas_rho0.5,0,13700.0,0.06426237596315332
midas_rho0.5,0,14000.0,0.06533020897768438
midas_rho0.5,0,14300.0,0.06636429196805693
midas_rho0.5,0,14600.0,0.06742570898495615
midas_rho0.5,0,14900.0,0.06845458399038762
midas_rho0.5,0,15200.0,0.06951716798357666
midas_rho0.5,0,15500.0,0.07059533498249948
midas_rho0.5,0,15800.0,0.07165904398425482
midas_rho0.5,0,16100.0,0.07273387696477585
midas_rho0.5,0,16400.0,0.07382154394872487
midas_rho0.5,0,16700.0,0.07493600295856595
midas_rho0.5,0,17000.0,0.0760355859529227
midas_rho0.5,0,17300.0,0.07719804494990967
midas_rho0.5,0,17600.0,0.07839175293338485
midas_rho0.5,0,17900.0,0.07963575291796587
midas_rho0.5,0,18200.0,0.08097991993417963
midas_rho0.5,0,18500.0,0.08218446193495765
midas_rho0.5,0,18800.0,0.08339883695589378
midas_rho0.5,0,19100.0,0.08467975395615213
midas_rho0.5,0,19400.0,0.0858691289613489
midas_rho0.5,0,19700.0,0.08708937896881253
midas_rho0.5,0,20000.0,0.08837537898216397
midas_rho0.5,0,20300.0,0.08963842099183239
midas_rho0.5,0,20600.0,0.09095796197652817
midas_rho0.5,0,20900.0,0.092258086981019
midas_rho0.5,0,21200.0,0.09354867099318653
midas_rho0.5,0,21500.0,0.09483842097688466
midas_rho0.5,0,21800.0,0.09616946298046969
midas_rho0.5,0,22100.0,0.09780779600259848
midas_rho0.5,0,22400.0,0.0992271300056018
midas_rho0.5,0,22700.0,0.10058708899305202
midas_rho0.5,0,23000.0,0.1020002139848657
midas_rho0.5,0,23300.0,0.10335387996747158
midas_rho0.5,0,23600.0,0.104735629982315
midas_rho0.5,0,23900.0,0.10610983800143003
midas_rho0.5,0,24200.0,0.10750454699154943
midas_rho0.5,0,24500.0,0.10893604697776027
midas_rho0.5,0,24800.0,0.11030429697711952
midas_rho0.5,0,25100.0,0.11165125496336259
midas_rho0.5,0,25400.0,0.11303471296560019
midas_rho0.5,0,25700.0,0.11447975496412255
midas_rho0.5,0,26000.0,0.11583500495180488
midas_rho0.5,0,26300.0,0.11721254597068764
midas_rho0.5,0,26600.0,0.11856683797668666
midas_rho0.5,0,26900.0,0.11996354698203504
midas_rho0.5,0,27200.0,0.1213637129694689
midas_rho0.5,0,27500.0,0.12274967096163891
midas_rho0.5,0,27800.0,0.12428304596687667
midas_rho0.5,0,28100.0,0.12571229596505873
midas_rho0.5,0,28400.0,0.1271873799560126
midas_rho0.5,0,28700.0,0.12863442196976393
midas_rho0.5,0,29000.0,0.1301975059614051
midas_rho0.5,0,29300.0,0.13186154796858318
midas_rho0.5,0,29600.0,0.13368517297203653
midas_rho0.5,0,29900.0,0.13512542296666652
midas_rho0.5,0,30200.0,0.1365504229615908
midas_rho0.5,0,30500.0,0.13803058996563777
midas_rho0.5,0,30800.0,0.13947479796479456
midas_rho0.5,0,31100.0,0.14095783996162936
midas_rho0.5,0,31400.0,0.14240113197593018
midas_rho0.5,0,31700.0,0.14390375697985291
midas_rho0.5,0,32000.0,0.14535313195665367
midas_rho0.5,0,32300.0,0.1468445899663493
midas_rho0.5,0,32600.0,0.14839317297446541
midas_rho0.5,0,32900.0,0.14989633997902274
midas_rho0.5,0,33200.0,0.15144071498070844
midas_rho0.5,0,33500.0,0.15298883998184465
midas_rho0.5,0,33800.0,0.15453975697164424
midas_rho0.5,0,34100.0,0.15606246498646215
midas_rho0.5,0,34400.0,0.157635006995406
midas_rho0.5,0,34700.0,0.15923071498400532
midas_rho0.5,0,35000.0,0.1607657149725128
midas_rho0.5,0,35300.0,0.16229867297806777
midas_rho0.5,0,35600.0,0.1640525059774518
midas_rho0.5,0,35900.0,0.1656814219604712
midas_rho0.5,0,36200.0,0.16729958896758035
midas_rho0.5,0,36500.0,0.16894387995125726
midas_rho0.5,0,36800.0,0.17058358792564832
midas_rho0.5,0,37100.0,0.1721395469212439
midas_rho0.5,0,37400.0,0.1737560889159795
midas_rho0.5,0,37700.0,0.17543762989225797
midas_rho0.5,0,38000.0,0.17710333789000288
midas_rho0.5,0,38300.0,0.17875012988224626
midas_rho0.5,0,38600.0,0.18054496389231645
midas_rho0.5,0,38900.0,0.18237254690029658
midas_rho0.5,0,39200.0,0.1840291298867669
midas_rho0.5,0,39500.0,0.1856497548869811
midas_rho0.5,0,39800.0,0.1873545048874803
midas_rho0.5,0,40100.0,0.18900900488370098
midas_rho0.5,0,40400.0,0.1907505458802916
midas_rho0.5,0,40700.0,0.19244092088774778
midas_rho0.5,0,41000.0,0.19408250489505008
midas_rho0.5,0,41300.0,0.19574442188604735
midas_rho0.5,0,41600.0,0.1976930888777133
midas_rho0.5,0,41900.0,0.19954163089278154
midas_rho0.5,0,42200.0,0.20128200590261258
midas_rho0.5,0,42500.0,0.20307446492370218
midas_rho0.5,0,42800.0,0.2048722559120506
midas_rho0.5,0,43100.0,0.2066662558936514
midas_rho0.5,0,43400.0,0.20852492286940105
midas_rho0.5,0,43700.0,0.21028746385127306
midas_rho0.5,0,44000.0,0.212083630845882
midas_rho0.5,0,44300.0,0.21407258982071653
midas_rho0.5,0,44600.0,0.21599921482265927
midas_rho0.5,0,44900.0,0.21778071482549421
midas_rho0.5,0,45200.0,0.2196260488126427
midas_rho0.5,0,45500.0,0.2214233398262877
midas_rho0.5,0,45800.0,0.22326008984236978
midas_rho0.5,0,46100.0,0.22510542382951826
midas_rho0.5,0,46400.0,0.22691004880471155
midas_rho0.5,0,46700.0,0.22874371480429545
midas_rho0.5,0,47000.0,0.23062617282266729
midas_rho0.5,0,47300.0,0.23258913081372157
midas_rho0.5,0,47600.0,0.23441042282502167
midas_rho0.5,0,47900.0,0.23625283982255496
midas_rho0.5,0,48200.0,0.23810329783009365
midas_rho0.5,0,48500.0,0.23993704785243608
midas_rho0.5,0,48800.0,0.24192850684630685
midas_rho0.5,0,49100.0,0.24377750683925115
midas_rho0.5,0,49400.0,0.24563217282411642
midas_rho0.5,0,49700.0,0.24767138081369922
midas_rho0.5,0,50000.0,0.24959438081714325
midas_rho0.5,0,50300.0,0.25145221382263117
midas_rho0.5,0,50600.0,0.2534442138276063
midas_rho0.5,0,50900.0,0.2553466728422791
midas_rho0.5,0,51200.0,0.2573538388533052
midas_rho0.5,0,51500.0,0.25970696384320036
midas_rho0.5,0,51800.0,0.26156646382878534
midas_rho0.5,0,52100.0,0.26345267181750387
midas_rho0.5,0,52400.0,0.2654172138136346
midas_rho0.5,0,52700.0,0.2673372557910625
midas_rho0.5,0,53000.0,0.26924983877688646
midas_rho0.5,0,53300.0,0.2712275887897704
midas_rho0.5,0,53600.0,0.273151754779974
midas_rho0.5,0,53900.0,0.2751855457900092
midas_rho0.5,0,54200.0,0.2771433797897771
midas_rho0.5,0,54500.0,0.27907892179791816
midas_rho0.5,0,54800.0,0.28141325479373336
midas_rho0.5,0,55100.0,0.28355121379718184
midas_rho0.5,0,55400.0,0.28554633879684843
midas_rho0.5,0,55700.0,0.28759025581530295
midas_rho0.5,0,56000.0,0.28957446382264607
midas_rho0.5,0,56300.0,0.29157717182533816
midas_rho0.5,0,56600.0,0.29368062983849086
midas_rho0.5,0,56900.0,0.2957351718505379
midas_rho0.5,0,57200.0,0.2981478388537653
midas_rho0.5,0,57500.0,0.3003102968505118
midas_rho0.5,0,57800.0,0.302356921863975
midas_rho0.5,0,58100.0,0.3044380048813764
midas_rho0.5,0,58400.0,0.30654567189048976
midas_rho0.5,0,58700.0,0.3086585058772471
midas_rho0.5,0,59000.0,0.3107215058989823
midas_rho0.5,0,59300.0,0.3128820058773272
midas_rho0.5,0,59600.0,0.3153584228712134
midas_rho0.5,0,59900.0,0.31752992287511006
midas_rho0.5,0,60200.0,0.31971146387513727
midas_rho0.5,0,60500.0,0.32183904785779305
midas_rho0.5,0,60800.0,0.32398750583524816
midas_rho0.5,0,61100.0,0.3261040468350984
midas_rho0.5,0,61400.0,0.32819183784886263
midas_rho0.5,0,61700.0,0.33041696285363287
midas_rho0.5,0,62000.0,0.3327000048593618
midas_rho0.5,1,2000.0,0.0014692080148961395
midas_rho0.5,1,2300.0,0.0022021250333637
midas_rho0.5,1,2600.0,0.0029794580477755517
midas_rho0.5,1,2900.0,0.0037452080578077585
midas_rho0.5,1,3200.0,0.004512500046985224
midas_rho0.5,1,3500.0,0.005288458021823317
midas_rho0.5,1,3800.0,0.006092833005823195
midas_rho0.5,1,4100.0,0.006895541009726003
midas_rho0.5,1,4400.0,0.007701208000071347
midas_rho0.5,1,4700.0,0.008525957993697375
midas_rho0.5,1,5000.0,0.009365165984490886
midas_rho0.5,1,5300.0,0.010229123989120126
midas_rho0.5,1,5600.0,0.011077873990871012
midas_rho0.5,1,5900.0,0.011970790976192802
midas_rho0.5,1,6200.0,0.01287558296462521
midas_rho0.5,1,6500.0,0.013772082980722189
midas_rho0.5,1,6800.0,0.014659832988400012
midas_rho0.5,1,7100.0,0.015595165983540937
midas_rho0.5,1,7400.0,0.016521706973435357
midas_rho0.5,1,7700.0,0.017460289964219555
midas_rho0.5,1,8000.0,0.018409664975479245
midas_rho0.5,1,8300.0,0.019379497971385717
midas_rho0.5,1,8600.0,0.02032128896098584
midas_rho0.5,1,8900.0,0.021214413980487734
midas_rho0.5,1,9200.0,0.02216937197954394
midas_rho0.5,1,9500.0,0.02310295499046333
midas_rho0.5,1,9800.0,0.02410674700513482
midas_rho0.5,1,10100.0,0.02507562201935798
midas_rho0.5,1,10400.0,0.026096497022081167
midas_rho0.5,1,10700.0,0.027067706017987803
midas_rho0.5,1,11000.0,0.02811754003050737
midas_rho0.5,1,11300.0,0.02912658202694729
midas_rho0.5,1,11600.0,0.03018308203900233
midas_rho0.5,1,11900.0,0.031208290049107745
midas_rho0.5,1,12200.0,0.032299373066052794
midas_rho0.5,1,12500.0,0.033337081054924056
midas_rho0.5,1,12800.0,0.03539395605912432
midas_rho0.5,1,13100.0,0.03643828906933777
midas_rho0.5,1,13400.0,0.037453039054526016
midas_rho0.5,1,13700.0,0.03849128904403187
midas_rho0.5,1,14000.0,0.039548706059576944
midas_rho0.5,1,14300.0,0.04058179006096907
midas_rho0.5,1,14600.0,0.04162062404793687
midas_rho0.5,1,14900.0,0.04268137406324968
midas_rho0.5,1,15200.0,0.04374412406468764
midas_rho0.5,1,15500.0,0.044842041068477556
midas_rho0.5,1,15800.0,0.04592629105900414
midas_rho0.5,1,16100.0,0.04703612404409796
midas_rho0.5,1,16400.0,0.04813083301996812
midas_rho0.5,1,16700.0,0.04922337402240373
midas_rho0.5,1,17000.0,0.0503480400366243
midas_rho0.5,1,17300.0,0.05147779002436437
midas_rho0.5,1,17600.0,0.052639706031186506
midas_rho0.5,1,17900.0,0.053877289028605446
midas_rho0.5,1,18200.0,0.05506678903475404
midas_rho0.5,1,18500.0,0.0562133310304489
midas_rho0.5,1,18800.0,0.05743228903156705
midas_rho0.5,1,19100.0,0.05867416402907111
midas_rho0.5,1,19400.0,0.05991437303600833
midas_rho0.5,1,19700.0,0.06111554004019126
midas_rho0.5,1,20000.0,0.06240170606179163
midas_rho0.5,1,20300.0,0.06366587206139229
midas_rho0.5,1,20600.0,0.06492991306004114
midas_rho0.5,1,20900.0,0.06618016306310892
midas_rho0.5,1,21200.0,0.0674702470714692
midas_rho0.5,1,21500.0,0.06875333105563186
midas_rho0.5,1,21800.0,0.06997779005905613
midas_rho0.5,1,22100.0,0.07128554006339982
midas_rho0.5,1,22400.0,0.07257049906183966
midas_rho0.5,1,22700.0,0.07391437407932244
midas_rho0.5,1,23000.0,0.07524120708694682
midas_rho0.5,1,23300.0,0.0765494990919251
midas_rho0.5,1,23600.0,0.07792208308819681
midas_rho0.5,1,23900.0,0.07926479110028595
midas_rho0.5,1,24200.0,0.0805844581045676
midas_rho0.5,1,24500.0,0.08196691612829454
midas_rho0.5,1,24800.0,0.08332941611297429
midas_rho0.5,1,25100.0,0.08465487411012873
midas_rho0.5,1,25400.0,0.08601949911098927
midas_rho0.5,1,25700.0,0.0873844571178779
midas_rho0.5,1,26000.0,0.08876691511250101
midas_rho0.5,1,26300.0,0.09016229011467658
midas_rho0.5,1,26600.0,0.0915393320901785
midas_rho0.5,1,26900.0,0.09302616509376094
midas_rho0.5,1,27200.0,0.09442891509388573
midas_rho0.5,1,27500.0,0.09584987309062853
midas_rho0.5,1,27800.0,0.09725145707488991
midas_rho0.5,1,28100.0,0.09871704006218351
midas_rho0.5,1,28400.0,0.10013016508310102
midas_rho0.5,1,28700.0,0.10155387307167985
midas_rho0.5,1,29000.0,0.10302333207800984
midas_rho0.5,1,29300.0,0.10445987407001667
midas_rho0.5,1,29600.0,0.10591262407251634
midas_rho0.5,1,29900.0,0.10739299908163957
midas_rho0.5,1,30200.0,0.10888374908245169
midas_rho0.5,1,30500.0,0.1103452080860734
midas_rho0.5,1,30800.0,0.11182145809289068
midas_rho0.5,1,31100.0,0.11333995810127817
midas_rho0.5,1,31400.0,0.11480620811926201
midas_rho0.5,1,31700.0,0.11633091612020507
midas_rho0.5,1,32000.0,0.11786404112353921
midas_rho0.5,1,32300.0,0.11936591612175107
midas_rho0.5,1,32600.0,0.12087424911442213
midas_rho0.5,1,32900.0,0.12238441611407325
midas_rho0.5,1,33200.0,0.12391337411827408
midas_rho0.5,1,33500.0,0.1254277901025489
midas_rho0.5,1,33800.0,0.12700262310681865
midas_rho0.5,1,34100.0,0.1285495400952641
midas_rho0.5,1,34400.0,0.13011004007421434
midas_rho0.5,1,34700.0,0.13169529009610415
midas_rho0.5,1,35000.0,0.13328512309817597
midas_rho0.5,1,35300.0,0.13536779009154998
midas_rho0.5,1,35600.0,0.13688887408352457
midas_rho0.5,1,35900.0,0.13840341608738527
midas_rho0.5,1,36200.0,0.13996258308179677
midas_rho0.5,1,36500.0,0.14148937407298945
midas_rho0.5,1,36800.0,0.14305437405710109
midas_rho0.5,1,37100.0,0.14458649905282073
midas_rho0.5,1,37400.0,0.1461363330599852
midas_rho0.5,1,37700.0,0.1477193330647424
midas_rho0.5,1,38000.0,0.14927091606659815
midas_rho0.5,1,38300.0,0.15086774906376377
midas_rho0.5,1,38600.0,0.15245670708827674
midas_rho0.5,1,38900.0,0.1540489570761565
midas_rho0.5,1,39200.0,0.155628165055532
midas_rho0.5,1,39500.0,0.15724141505779698
midas_rho0.5,1,39800.0,0.15889787304331549
midas_rho0.5,1,40100.0,0.16051433203392662
midas_rho0.5,1,40400.0,0.16212258202722296
midas_rho0.5,1,40700.0,0.163726166007109
midas_rho0.5,1,41000.0,0.16535891601233743
midas_rho0.5,1,41300.0,0.16711045801639557
midas_rho0.5,1,41600.0,0.16882187401643023
midas_rho0.5,1,41900.0,0.17058658201131038
midas_rho0.5,1,42200.0,0.17233041502186097
midas_rho0.5,1,42500.0,0.17406174901407212
midas_rho0.5,1,42800.0,0.17583308299072087
midas_rho0.5,1,43100.0,0.1775777499715332
midas_rho0.5,1,43400.0,0.17940062496927567
midas_rho0.5,1,43700.0,0.18115283295628615
midas_rho0.5,1,44000.0,0.18299370794557035
midas_rho0.5,1,44300.0,0.18479537396342494
midas_rho0.5,1,44600.0,0.18658474896801636
midas_rho0.5,1,44900.0,0.18838620698079467
midas_rho0.5,1,45200.0,0.1901747069787234
midas_rho0.5,1,45500.0,0.19194362298003398
midas_rho0.5,1,45800.0,0.19373978898511268
midas_rho0.5,1,46100.0,0.19555149695952423
midas_rho0.5,1,46400.0,0.19737420495948754
midas_rho0.5,1,46700.0,0.1991700389480684
midas_rho0.5,1,47000.0,0.20090166394948028
midas_rho0.5,1,47300.0,0.2026565809501335
midas_rho0.5,1,47600.0,0.20443799794884399
midas_rho0.5,1,47900.0,0.2062928729574196
midas_rho0.5,1,48200.0,0.20809487294172868
midas_rho0.5,1,48500.0,0.21001937292749062
midas_rho0.5,1,48800.0,0.2118249979102984
midas_rho0.5,1,49100.0,0.21368974790675566
midas_rho0.5,1,49400.0,0.2155157478991896
midas_rho0.5,1,49700.0,0.21734762287815101
midas_rho0.5,1,50000.0,0.21919358189916238
midas_rho0.5,1,50300.0,0.221112997882301
midas_rho0.5,1,50600.0,0.22296753886621445
midas_rho0.5,1,50900.0,0.22482520586345345
midas_rho0.5,1,51200.0,0.22665733087342232
midas_rho0.5,1,51500.0,0.228537122864509
midas_rho0.5,1,51800.0,0.2304068728699349
midas_rho0.5,1,52100.0,0.23228916485095397
midas_rho0.5,1,52400.0,0.2341766228491906
midas_rho0.5,1,52700.0,0.23604624785366468
midas_rho0.5,1,53000.0,0.23793578887125477
midas_rho0.5,1,53300.0,0.2398624138731975
midas_rho0.5,1,53600.0,0.24177303886972368
midas_rho0.5,1,53900.0,0.24368353886529803
midas_rho0.5,1,54200.0,0.24559241384849884
midas_rho0.5,1,54500.0,0.24756258082925342
midas_rho0.5,1,54800.0,0.24950770585564896
midas_rho0.5,1,55100.0,0.2514530808548443
midas_rho0.5,1,55400.0,0.2534080808691215
midas_rho0.5,1,55700.0,0.2553615808719769
midas_rho0.5,1,56000.0,0.25730320587172173
midas_rho0.5,1,56300.0,0.259299996891059
midas_rho0.5,1,56600.0,0.26127249689307064
midas_rho0.5,1,56900.0,0.26326658090692945
midas_rho0.5,1,57200.0,0.26524853889713995
midas_rho0.5,1,57500.0,0.2677977468993049
midas_rho0.5,1,57800.0,0.26980091389850713
midas_rho0.5,1,58100.0,0.27171283090137877
midas_rho0.5,1,58400.0,0.2736634979082737
midas_rho0.5,1,58700.0,0.27562645688885823
midas_rho0.5,1,59000.0,0.2776064568897709
midas_rho0.5,1,59300.0,0.27955128988833167
midas_rho0.5,1,59600.0,0.2815490818757098
midas_rho0.5,1,59900.0,0.28350091486936435
midas_rho0.5,1,60200.0,0.2854884148691781
midas_rho0.5,1,60500.0,0.2874495818687137
midas_rho0.5,1,60800.0,0.2894820818619337
midas_rho0.5,1,61100.0,0.2914987488766201
midas_rho0.5,1,61400.0,0.29352254085824825
midas_rho0.5,1,61700.0,0.2955567078606691
midas_rho0.5,1,62000.0,0.29761591585702263
midas_rho0.5,2,2000.0,0.0015463330200873315
midas_rho0.5,2,2300.0,0.0023196250258479267
midas_rho0.5,2,2600.0,0.0030608750239480287
midas_rho0.5,2,2900.0,0.00422754100873135
midas_rho0.5,2,3200.0,0.0055086250067688525
midas_rho0.5,2,3500.0,0.006830958998762071
midas_rho0.5,2,3800.0,0.007940499985124916
midas_rho0.5,2,4100.0,0.009563416009768844
midas_rho0.5,2,4400.0,0.010841373994480819
midas_rho0.5,2,4700.0,0.012138707999838516
midas_rho0.5,2,5000.0,0.013009165995754302
midas_rho0.5,2,5300.0,0.013855290977517143
midas_rho0.5,2,5600.0,0.014967040973715484
midas_rho0.5,2,5900.0,0.016015374974813312
midas_rho0.5,2,6200.0,0.018578791990876198
midas_rho0.5,2,6500.0,0.019960333011113107
midas_rho0.5,2,6800.0,0.020970790996216238
midas_rho0.5,2,7100.0,0.02202379098162055
midas_rho0.5,2,7400.0,0.02354454097803682
midas_rho0.5,2,7700.0,0.02480445697437972
midas_rho0.5,2,8000.0,0.02597787298145704
midas_rho0.5,2,8300.0,0.02760703899548389
midas_rho0.5,2,8600.0,0.028664371988270432
midas_rho0.5,2,8900.0,0.029636663995916024
midas_rho0.5,2,9200.0,0.030555205012205988
midas_rho0.5,2,9500.0,0.031499080010689795
midas_rho0.5,2,9800.0,0.03257433001999743
midas_rho0.5,2,10100.0,0.03430878900690004
midas_rho0.5,2,10400.0,0.03641999702085741
midas_rho0.5,2,10700.0,0.03890316403703764
midas_rho0.5,2,11000.0,0.04192499804776162
midas_rho0.5,2,11300.0,0.04422891404828988
midas_rho0.5,2,11600.0,0.04542008103453554
midas_rho0.5,2,11900.0,0.04707616404630244
midas_rho0.5,2,12200.0,0.048775581031804904
midas_rho0.5,2,12500.0,0.05019666501902975
midas_rho0.5,2,12800.0,0.05158141502761282
midas_rho0.5,2,13100.0,0.052688915020553395
midas_rho0.5,2,13400.0,0.05457295701489784
midas_rho0.5,2,13700.0,0.05645266504143365
midas_rho0.5,2,14000.0,0.058527040033368394
midas_rho0.5,2,14300.0,0.059753998008091
midas_rho0.5,2,14600.0,0.06088033100240864
midas_rho0.5,2,14900.0,0.06199212299543433
midas_rho0.5,2,15200.0,0.0630959979898762
midas_rho0.5,2,15500.0,0.0642622479936108
midas_rho0.5,2,15800.0,0.06592620600713417
midas_rho0.5,2,16100.0,0.06712553900433704
midas_rho0.5,2,16400.0,0.06840670600649901
midas_rho0.5,2,16700.0,0.06968974802293815
midas_rho0.5,2,17000.0,0.07164733100216836
midas_rho0.5,2,17300.0,0.07349516401882283
midas_rho0.5,2,17600.0,0.07495453904266469
midas_rho0.5,2,17900.0,0.07618124803411774
midas_rho0.5,2,18200.0,0.07742833104566671
midas_rho0.5,2,18500.0,0.07867187305237167
midas_rho0.5,2,18800.0,0.07988429005490616
midas_rho0.5,2,19100.0,0.08121374805341475
midas_rho0.5,2,19400.0,0.08290191405103542
midas_rho0.5,2,19700.0,0.08470203905017115
midas_rho0.5,2,20000.0,0.08655678905779496
midas_rho0.5,2,20300.0,0.08891928906086832
midas_rho0.5,2,20600.0,0.0909992060624063
midas_rho0.5,2,20900.0,0.09272279005381279
midas_rho0.5,2,21200.0,0.09410408206167631
midas_rho0.5,2,21500.0,0.09546366607537493
midas_rho0.5,2,21800.0,0.09681562506011687
midas_rho0.5,2,22100.0,0.09827454105834477
midas_rho0.5,2,22400.0,0.09970841606264003
midas_rho0.5,2,22700.0,0.1012547500722576
midas_rho0.5,2,23000.0,0.10335575006320141
midas_rho0.5,2,23300.0,0.10507220806903206
midas_rho0.5,2,23600.0,0.10743508307496086
midas_rho0.5,2,23900.0,0.10912800006917678
midas_rho0.5,2,24200.0,0.1106759590911679
midas_rho0.5,2,24500.0,0.11216441707802005
midas_rho0.5,2,24800.0,0.1139039580593817
midas_rho0.5,2,25100.0,0.1154098330589477
midas_rho0.5,2,25400.0,0.11696204106556252
midas_rho0.5,2,25700.0,0.11854524907539599
midas_rho0.5,2,26000.0,0.12079387408448383
midas_rho0.5,2,26300.0,0.12312895807554014
midas_rho0.5,2,26600.0,0.12531287406454794
midas_rho0.5,2,26900.0,0.12683954107342288
midas_rho0.5,2,27200.0,0.12837066606152803
midas_rho0.5,2,27500.0,0.12982958307839
midas_rho0.5,2,27800.0,0.13151262508472428
midas_rho0.5,2,28100.0,0.13318662508390844
midas_rho0.5,2,28400.0,0.1349778750736732
midas_rho0.5,2,28700.0,0.1376757090620231
midas_rho0.5,2,29000.0,0.1410066260723397
midas_rho0.5,2,29300.0,0.142902126070112
midas_rho0.5,2,29600.0,0.1444305850600358
midas_rho0.5,2,29900.0,0.14591900206869468
midas_rho0.5,2,30200.0,0.14744066906860098
midas_rho0.5,2,30500.0,0.1491645030619111
midas_rho0.5,2,30800.0,0.15075558607350104
midas_rho0.5,2,31100.0,0.15243212808854878
midas_rho0.5,2,31400.0,0.154394461074844
midas_rho0.5,2,31700.0,0.1568019610713236
midas_rho0.5,2,32000.0,0.158823503064923
midas_rho0.5,2,32300.0,0.16051071105175652
midas_rho0.5,2,32600.0,0.16212958603864536
midas_rho0.5,2,32900.0,0.16380308603402227
midas_rho0.5,2,33200.0,0.16570762800984085
midas_rho0.5,2,33500.0,0.16738408702076413
midas_rho0.5,2,33800.0,0.16926104502636008
midas_rho0.5,2,34100.0,0.17252858701976947
midas_rho0.5,2,34400.0,0.1754002530069556
midas_rho0.5,2,34700.0,0.1771988779946696
midas_rho0.5,2,35000.0,0.17886104501667432
midas_rho0.5,2,35300.0,0.1807328790309839
midas_rho0.5,2,35600.0,0.18279504604288377
midas_rho0.5,2,35900.0,0.18452896203962155
midas_rho0.5,2,36200.0,0.18645158704021014
midas_rho0.5,2,36500.0,0.18927642103517428
midas_rho0.5,2,36800.0,0.19197279604850337
midas_rho0.5,2,37100.0,0.19383538005058654
midas_rho0.5,2,37400.0,0.19557304607587866
midas_rho0.5,2,37700.0,0.19746613007737324
midas_rho0.5,2,38000.0,0.19955725508043543
midas_rho0.5,2,38300.0,0.20151488008559681
midas_rho0.5,2,38600.0,0.20380813008523546
midas_rho0.5,2,38900.0,0.2066964640689548
midas_rho0.5,2,39200.0,0.20911100605735555
midas_rho0.5,2,39500.0,0.2109322150645312
midas_rho0.5,2,39800.0,0.2126524650666397
midas_rho0.5,2,40100.0,0.214473632076988
midas_rho0.5,2,40400.0,0.21637559006921947
midas_rho0.5,2,40700.0,0.21823613106971607
midas_rho0.5,2,41000.0,0.22041804806212895
midas_rho0.5,2,41300.0,0.22327125607989728
midas_rho0.5,2,41600.0,0.22564659008639865
midas_rho0.5,2,41900.0,0.2281900480738841
midas_rho0.5,2,42200.0,0.23005829806788824
midas_rho0.5,2,42500.0,0.23222883907146752
midas_rho0.5,2,42800.0,0.23428908907226287
midas_rho0.5,2,43100.0,0.23687588109169155
midas_rho0.5,2,43400.0,0.23974763107253239
midas_rho0.5,2,43700.0,0.24302217207150534
midas_rho0.5,2,44000.0,0.24505658907582983
midas_rho0.5,2,44300.0,0.2469317140930798
midas_rho0.5,2,44600.0,0.24929621411138214
midas_rho0.5,2,44900.0,0.2514513391070068
midas_rho0.5,2,45200.0,0.25411633908515796
midas_rho0.5,2,45500.0,0.256894381105667
midas_rho0.5,2,45800.0,0.2595752560882829
midas_rho0.5,2,46100.0,0.2616294230974745
midas_rho0.5,2,46400.0,0.26362063208944164
midas_rho0.5,2,46700.0,0.26642992411507294
midas_rho0.5,2,47000.0,0.26857142412336543
midas_rho0.5,2,47300.0,0.27043538211728446
midas_rho0.5,2,47600.0,0.27246392410597764
midas_rho0.5,2,47900.0,0.2746905490930658
midas_rho0.5,2,48200.0,0.2766546740895137
midas_rho0.5,2,48500.0,0.2786512571037747
midas_rho0.5,2,48800.0,0.2805869661096949
midas_rho0.5,2,49100.0,0.28246279910672456
midas_rho0.5,2,49400.0,0.2843671741138678
midas_rho0.5,2,49700.0,0.28635854911408387
midas_rho0.5,2,50000.0,0.28827959109912626
midas_rho0.5,2,50300.0,0.29019538310240023
midas_rho0.5,2,50600.0,0.2920510921103414
midas_rho0.5,2,50900.0,0.29390817511011846
midas_rho0.5,2,51200.0,0.29580155012081377
midas_rho0.5,2,51500.0,0.2977838001388591
midas_rho0.5,2,51800.0,0.29975621614721604
midas_rho0.5,2,52100.0,0.3017737581685651
midas_rho0.5,2,52400.0,0.30385775814647786
midas_rho0.5,2,52700.0,0.30588767415611073
midas_rho0.5,2,53000.0,0.30796896616811864
midas_rho0.5,2,53300.0,0.3101445491774939
midas_rho0.5,2,53600.0,0.31219450719072483
midas_rho0.5,2,53900.0,0.3143305072153453
midas_rho0.5,2,54200.0,0.31635104920133017
midas_rho0.5,2,54500.0,0.31926629922236316
midas_rho0.5,2,54800.0,0.32150563222239725
midas_rho0.5,2,55100.0,0.3236380492162425
midas_rho0.5,2,55400.0,0.3257032582187094
midas_rho0.5,2,55700.0,0.3277818412461784
midas_rho0.5,2,56000.0,0.32987984124338254
midas_rho0.5,2,56300.0,0.3319939242210239
midas_rho0.5,2,56600.0,0.33424929922330193
midas_rho0.5,2,56900.0,0.33641067423741333
midas_rho0.5,2,57200.0,0.33856113321962766
midas_rho0.5,2,57500.0,0.3407152582076378
midas_rho0.5,2,57800.0,0.3428015492099803
midas_rho0.5,2,58100.0,0.34485346620203927
midas_rho0.5,2,58400.0,0.3469729252101388
midas_rho0.5,2,58700.0,0.35007588419830427
midas_rho0.5,2,59000.0,0.35244125919416547
midas_rho0.5,2,59300.0,0.354634759190958
midas_rho0.5,2,59600.0,0.3568998012051452
midas_rho0.5,2,59900.0,0.35909026020090096
midas_rho0.5,2,60200.0,0.3612518022127915
midas_rho0.5,2,60500.0,0.36355834422283806
midas_rho0.5,2,60800.0,0.36584646921255626
midas_rho0.5,2,61100.0,0.3680904692155309
midas_rho0.5,2,61400.0,0.370314344210783
midas_rho0.5,2,61700.0,0.37262726022163406
midas_rho0.5,2,62000.0,0.37473880223114975
midas_rho0.5,3,2000.0,0.0014184169995132834
midas_rho0.5,3,2300.0,0.002163458993891254
midas_rho0.5,3,2600.0,0.0028819589933846146
midas_rho0.5,3,2900.0,0.0036333339812699705
midas_rho0.5,3,3200.0,0.004369375994428992
midas_rho0.5,3,3500.0,0.0051320840138942
midas_rho0.5,3,3800.0,0.005880042997887358
midas_rho0.5,3,4100.0,0.0076076679979451
midas_rho0.5,3,4400.0,0.00833287599380128
midas_rho0.5,3,4700.0,0.009071959997527301
midas_rho0.5,3,5000.0,0.010043418005807325
midas_rho0.5,3,5300.0,0.011026377003872767
midas_rho0.5,3,5600.0,0.011841919011203572
midas_rho0.5,3,5900.0,0.012639835011214018
midas_rho0.5,3,6200.0,0.013434877007966861
midas_rho0.5,3,6500.0,0.01430725201498717
midas_rho0.5,3,6800.0,0.0151442940114066
midas_rho0.5,3,7100.0,0.016033210995374247
midas_rho0.5,3,7400.0,0.016871586005436257
midas_rho0.5,3,7700.0,0.0177524610189721
midas_rho0.5,3,8000.0,0.018655711028259248
midas_rho0.5,3,8300.0,0.019579461048124358
midas_rho0.5,3,8600.0,0.020708127063699067
midas_rho0.5,3,8900.0,0.021880627056816593
midas_rho0.5,3,9200.0,0.02287350205006078
midas_rho0.5,3,9500.0,0.02387029305100441
midas_rho0.5,3,9800.0,0.024814960052026436
midas_rho0.5,3,10100.0,0.025762919045519084
midas_rho0.5,3,10400.0,0.02687416903791018
midas_rho0.5,3,10700.0,0.028272210038267076
midas_rho0.5,3,11000.0,0.02948612705222331
midas_rho0.5,3,11300.0,0.03103121105232276
midas_rho0.5,3,11600.0,0.032305836037267
midas_rho0.5,3,11900.0,0.033338586013996974
midas_rho0.5,3,12200.0,0.03440146101638675
midas_rho0.5,3,12500.0,0.035477628000080585
midas_rho0.5,3,12800.0,0.03669646201888099
midas_rho0.5,3,13100.0,0.03777775401249528
midas_rho0.5,3,13400.0,0.038807129021734
midas_rho0.5,3,13700.0,0.03985533703234978
midas_rho0.5,3,14000.0,0.04095154604874551
midas_rho0.5,3,14300.0,0.04198662904673256
midas_rho0.5,3,14600.0,0.043107712030177936
midas_rho0.5,3,14900.0,0.04468087904388085
midas_rho0.5,3,15200.0,0.04593050404218957
midas_rho0.5,3,15500.0,0.047090045030927286
midas_rho0.5,3,15800.0,0.04822908702772111
midas_rho0.5,3,16100.0,0.049381878023268655
midas_rho0.5,3,16400.0,0.05056946101831272
midas_rho0.5,3,16700.0,0.051815795013681054
midas_rho0.5,3,17000.0,0.05315067002084106
midas_rho0.5,3,17300.0,0.05438504501944408
midas_rho0.5,3,17600.0,0.055624795000767335
midas_rho0.5,3,17900.0,0.056815044983522967
midas_rho0.5,3,18200.0,0.058011044980958104
midas_rho0.5,3,18500.0,0.05923921198700555
midas_rho0.5,3,18800.0,0.060713170969393104
midas_rho0.5,3,19100.0,0.06198371297796257
midas_rho0.5,3,19400.0,0.06318987999111414
midas_rho0.5,3,19700.0,0.06441058797645383
midas_rho0.5,3,20000.0,0.06562129597296007
midas_rho0.5,3,20300.0,0.06684446297003888
midas_rho0.5,3,20600.0,0.06805917096789926
midas_rho0.5,3,20900.0,0.06929062894778326
midas_rho0.5,3,21200.0,0.07052808694425039
midas_rho0.5,3,21500.0,0.07180654496187344
midas_rho0.5,3,21800.0,0.07305579495732673
midas_rho0.5,3,22100.0,0.0743141699640546
midas_rho0.5,3,22400.0,0.07555429497733712
midas_rho0.5,3,22700.0,0.07704029500018805
midas_rho0.5,3,23000.0,0.07853175298077986
midas_rho0.5,3,23300.0,0.08016787798260339
midas_rho0.5,3,23600.0,0.08152921198052354
midas_rho0.5,3,23900.0,0.08296779496595263
midas_rho0.5,3,24200.0,0.08436454497859813
midas_rho0.5,3,24500.0,0.08578887797193602
midas_rho0.5,3,24800.0,0.08716254396131262
midas_rho0.5,3,25100.0,0.08859633494284935
midas_rho0.5,3,25400.0,0.08998008494381793
midas_rho0.5,3,25700.0,0.091405501938425
midas_rho0.5,3,26000.0,0.09285291793639772
midas_rho0.5,3,26300.0,0.09489662596024573
midas_rho0.5,3,26600.0,0.09627950095455162
midas_rho0.5,3,26900.0,0.09763645997736603
midas_rho0.5,3,27200.0,0.09898587697534822
midas_rho0.5,3,27500.0,0.10034700197866186
midas_rho0.5,3,27800.0,0.10172487699310295
midas_rho0.5,3,28100.0,0.1030960849893745
midas_rho0.5,3,28400.0,0.10452958499081433
midas_rho0.5,3,28700.0,0.10597220997442491
midas_rho0.5,3,29000.0,0.10743925199494697
midas_rho0.5,3,29300.0,0.10882391798077151
midas_rho0.5,3,29600.0,0.11051541799679399
midas_rho0.5,3,29900.0,0.11235758499242365
midas_rho0.5,3,30200.0,0.11382012700778432
midas_rho0.5,3,30500.0,0.1153735020197928
midas_rho0.5,3,30800.0,0.11685904301702976
midas_rho0.5,3,31100.0,0.11844233502051793
midas_rho0.5,3,31400.0,0.11994133502594195
midas_rho0.5,3,31700.0,0.12157650204608217
midas_rho0.5,3,32000.0,0.1231151690299157
midas_rho0.5,3,32300.0,0.12469400302506983
midas_rho0.5,3,32600.0,0.12629771104548126
midas_rho0.5,3,32900.0,0.1279951690521557
midas_rho0.5,3,33200.0,0.12951371003873646
midas_rho0.5,3,33500.0,0.13100996005232446
midas_rho0.5,3,33800.0,0.13266012704116292
midas_rho0.5,3,34100.0,0.13423083504312672
midas_rho0.5,3,34400.0,0.13583837702753954
midas_rho0.5,3,34700.0,0.1374899180373177
midas_rho0.5,3,35000.0,0.13916266805608757
midas_rho0.5,3,35300.0,0.14076437603216618
midas_rho0.5,3,35600.0,0.1422951260174159
midas_rho0.5,3,35900.0,0.14442141802283004
midas_rho0.5,3,36200.0,0.14610141803859733
midas_rho0.5,3,36500.0,0.1477313350478653
midas_rho0.5,3,36800.0,0.14936479303287342
midas_rho0.5,3,37100.0,0.15104916802374646
midas_rho0.5,3,37400.0,0.1526848760258872
midas_rho0.5,3,37700.0,0.15447879303246737
midas_rho0.5,3,38000.0,0.15625783504219726
midas_rho0.5,3,38300.0,0.1580409180605784
midas_rho0.5,3,38600.0,0.15982300107134506
midas_rho0.5,3,38900.0,0.1616968760790769
midas_rho0.5,3,39200.0,0.16335404306300916
midas_rho0.5,3,39500.0,0.1650287090742495
midas_rho0.5,3,39800.0,0.1666527920460794
midas_rho0.5,3,40100.0,0.16827341704629362
midas_rho0.5,3,40400.0,0.16999587605823763
midas_rho0.5,3,40700.0,0.17169050103984773
midas_rho0.5,3,41000.0,0.17347470903769135
midas_rho0.5,3,41300.0,0.1751604590099305
midas_rho0.5,3,41600.0,0.1773979590216186
midas_rho0.5,3,41900.0,0.17930875002639368
midas_rho0.5,3,42200.0,0.1810550000227522
midas_rho0.5,3,42500.0,0.18279408302623779
midas_rho0.5,3,42800.0,0.1845294580271002
midas_rho0.5,3,43100.0,0.1863298750249669
midas_rho0.5,3,43400.0,0.18816425002296455
midas_rho0.5,3,43700.0,0.1899767920258455
midas_rho0.5,3,44000.0,0.19173133402364329
midas_rho0.5,3,44300.0,0.19359508401248604
midas_rho0.5,3,44600.0,0.19554179202532396
midas_rho0.5,3,44900.0,0.19731462601339445
midas_rho0.5,3,45200.0,0.19911079300800338
midas_rho0.5,3,45500.0,0.2008872930018697
midas_rho0.5,3,45800.0,0.20274546000291593
midas_rho0.5,3,46100.0,0.2045905849954579
midas_rho0.5,3,46400.0,0.2064512099896092
midas_rho0.5,3,46700.0,0.20828362696920522
midas_rho0.5,3,47000.0,0.2101316689804662
midas_rho0.5,3,47300.0,0.2120667519629933
midas_rho0.5,3,47600.0,0.21437329295440577
midas_rho0.5,3,47900.0,0.21626025196746923
midas_rho0.5,3,48200.0,0.21814241897664033
midas_rho0.5,3,48500.0,0.22012933596852235
midas_rho0.5,3,48800.0,0.22264871097286232
midas_rho0.5,3,49100.0,0.22452737798448652
midas_rho0.5,3,49400.0,0.22642025299137458
midas_rho0.5,3,49700.0,0.22840525300125591
midas_rho0.5,3,50000.0,0.23028650300693698
midas_rho0.5,3,50300.0,0.23218858600012027
midas_rho0.5,3,50600.0,0.2340272110013757
midas_rho0.5,3,50900.0,0.23588354399544187
midas_rho0.5,3,51200.0,0.2377974610135425
midas_rho0.5,3,51500.0,0.23978712802636437
midas_rho0.5,3,51800.0,0.24170525302179158
midas_rho0.5,3,52100.0,0.24370975303463638
midas_rho0.5,3,52400.0,0.245684378023725
midas_rho0.5,3,52700.0,0.24758566901437007
midas_rho0.5,3,53000.0,0.24951804400188848
midas_rho0.5,3,53300.0,0.25147883500903845
midas_rho0.5,3,53600.0,0.2533636690059211
midas_rho0.5,3,53900.0,0.25523333498858847
midas_rho0.5,3,54200.0,0.25714283500565216
midas_rho0.5,3,54500.0,0.25902466801926494
midas_rho0.5,3,54800.0,0.2610692100133747
midas_rho0.5,3,55100.0,0.2629965019878
midas_rho0.5,3,55400.0,0.2649124179733917
midas_rho0.5,3,55700.0,0.2668371679901611
midas_rho0.5,3,56000.0,0.26873216798412614
midas_rho0.5,3,56300.0,0.27063775100396015
midas_rho0.5,3,56600.0,0.27260516700334847
midas_rho0.5,3,56900.0,0.2745854170061648
midas_rho0.5,3,57200.0,0.2765964590071235
midas_rho0.5,3,57500.0,0.27871995902387425
midas_rho0.5,3,57800.0,0.28069579202565365
midas_rho0.5,3,58100.0,0.28265845801797695
midas_rho0.5,3,58400.0,0.2846803330176044
midas_rho0.5,3,58700.0,0.2867062910227105
midas_rho0.5,3,59000.0,0.28876462404150516
midas_rho0.5,3,59300.0,0.2907752070459537
midas_rho0.5,3,59600.0,0.2929172900330741
midas_rho0.5,3,59900.0,0.2956079990253784
midas_rho0.5,3,60200.0,0.2979057490301784
midas_rho0.5,3,60500.0,0.30006458202842623
midas_rho0.5,3,60800.0,0.3022100400412455
midas_rho0.5,3,61100.0,0.30449391502770595
midas_rho0.5,3,61400.0,0.3068008730188012
midas_rho0.5,3,61700.0,0.30911183104035445
midas_rho0.5,3,62000.0,0.31157695603906177
midas_rho0.5,4,2000.0,0.0014018749934621155
midas_rho0.5,4,2300.0,0.0021368329762481153
midas_rho0.5,4,2600.0,0.0028317909745965153
midas_rho0.5,4,2900.0,0.003534831979777664
midas_rho0.5,4,3200.0,0.004239748988766223
midas_rho0.5,4,3500.0,0.004940915008774027
midas_rho0.5,4,3800.0,0.0056661230337340385
midas_rho0.5,4,4100.0,0.006394623022060841
midas_rho0.5,4,4400.0,0.00711620703805238
midas_rho0.5,4,4700.0,0.007857749034883454
midas_rho0.5,4,5000.0,0.008606791059719399
midas_rho0.5,4,5300.0,0.009374374058097601
midas_rho0.5,4,5600.0,0.01015104106045328
midas_rho0.5,4,5900.0,0.010939458064967766
midas_rho0.5,4,6200.0,0.011734374071238562
midas_rho0.5,4,6500.0,0.012539790099253878
midas_rho0.5,4,6800.0,0.01335299908532761
midas_rho0.5,4,7100.0,0.014188666100380942
midas_rho0.5,4,7400.0,0.015018833102658391
midas_rho0.5,4,7700.0,0.015867667098063976
midas_rho0.5,4,8000.0,0.016728333081118762
midas_rho0.5,4,8300.0,0.017594708071555942
midas_rho0.5,4,8600.0,0.018597250076709315
midas_rho0.5,4,8900.0,0.019485625060042366
midas_rho0.5,4,9200.0,0.020414958067703992
midas_rho0.5,4,9500.0,0.0213261240569409
midas_rho0.5,4,9800.0,0.022311624052235857
midas_rho0.5,4,10100.0,0.023243624076712877
midas_rho0.5,4,10400.0,0.024200457060942426
midas_rho0.5,4,10700.0,0.025772791064810008
midas_rho0.5,4,11000.0,0.02678345807362348
midas_rho0.5,4,11300.0,0.027731292066164315
midas_rho0.5,4,11600.0,0.028725417068926618
midas_rho0.5,4,11900.0,0.029703125066589564
midas_rho0.5,4,12200.0,0.030711583065567538
midas_rho0.5,4,12500.0,0.031755083065945655
midas_rho0.5,4,12800.0,0.03277266607619822
midas_rho0.5,4,13100.0,0.03378704108763486
midas_rho0.5,4,13400.0,0.0348058330710046
midas_rho0.5,4,13700.0,0.03583604106097482
midas_rho0.5,4,14000.0,0.03688037407118827
midas_rho0.5,4,14300.0,0.03792487407918088
midas_rho0.5,4,14600.0,0.038986832078080624
midas_rho0.5,4,14900.0,0.04003708210075274
midas_rho0.5,4,15200.0,0.04111387408920564
midas_rho0.5,4,15500.0,0.04220912410528399
midas_rho0.5,4,15800.0,0.04329054109985009
midas_rho0.5,4,16100.0,0.044396833109203726
midas_rho0.5,4,16400.0,0.045512083102948964
midas_rho0.5,4,16700.0,0.04661174910143018
midas_rho0.5,4,17000.0,0.047767749114427716
midas_rho0.5,4,17300.0,0.04891212409711443
midas_rho0.5,4,17600.0,0.05008212407119572
midas_rho0.5,4,17900.0,0.05122237405157648
midas_rho0.5,4,18200.0,0.052398499043192714
midas_rho0.5,4,18500.0,0.0535626660566777
midas_rho0.5,4,18800.0,0.05473583305138163
midas_rho0.5,4,19100.0,0.055939624027814716
midas_rho0.5,4,19400.0,0.057147041021380574
midas_rho0.5,4,19700.0,0.058370416023535654
midas_rho0.5,4,20000.0,0.05957241603755392
midas_rho0.5,4,20300.0,0.06079391602543183
midas_rho0.5,4,20600.0,0.062034583039348945
midas_rho0.5,4,20900.0,0.06327258303645067
midas_rho0.5,4,21200.0,0.0644960000354331
midas_rho0.5,4,21500.0,0.06585133302723989
midas_rho0.5,4,21800.0,0.06715595803689212
midas_rho0.5,4,22100.0,0.06845137404161505
midas_rho0.5,4,22400.0,0.06979008202324621
midas_rho0.5,4,22700.0,0.0711476240248885
midas_rho0.5,4,23000.0,0.07253149902680889
midas_rho0.5,4,23300.0,0.07390795802348293
midas_rho0.5,4,23600.0,0.07524070801446214
midas_rho0.5,4,23900.0,0.0766643329989165
midas_rho0.5,4,24200.0,0.07806758300284855
midas_rho0.5,4,24500.0,0.07945454100263305
midas_rho0.5,4,24800.0,0.08087999999406748
midas_rho0.5,4,25100.0,0.08229037499404512
midas_rho0.5,4,25400.0,0.0836682090011891
midas_rho0.5,4,25700.0,0.08515895900200121
midas_rho0.5,4,26000.0,0.08650775099522434
midas_rho0.5,4,26300.0,0.0879622089851182
midas_rho0.5,4,26600.0,0.08939716697204858
midas_rho0.5,4,26900.0,0.09077183398767374
midas_rho0.5,4,27200.0,0.09226174998912029
midas_rho0.5,4,27500.0,0.09371087496401742
midas_rho0.5,4,27800.0,0.09517208294710144
midas_rho0.5,4,28100.0,0.09664370794780552
midas_rho0.5,4,28400.0,0.09811537494533695
midas_rho0.5,4,28700.0,0.09950208294321783
midas_rho0.5,4,29000.0,0.10092308293678798
midas_rho0.5,4,29300.0,0.10234554091584869
midas_rho0.5,4,29600.0,0.10378754092380404
midas_rho0.5,4,29900.0,0.10521287491428666
midas_rho0.5,4,30200.0,0.10663287492934614
midas_rho0.5,4,30500.0,0.10808749991701916
midas_rho0.5,4,30800.0,0.10954991591279395
midas_rho0.5,4,31100.0,0.11099662390188314
midas_rho0.5,4,31400.0,0.11243699889746495
midas_rho0.5,4,31700.0,0.11392083289683796
midas_rho0.5,4,32000.0,0.1153944578836672
midas_rho0.5,4,32300.0,0.11687304088263772
midas_rho0.5,4,32600.0,0.11837862385436893
midas_rho0.5,4,32900.0,0.11997724886168726
midas_rho0.5,4,33200.0,0.12243762385332957
midas_rho0.5,4,33500.0,0.12391954084159806
midas_rho0.5,4,33800.0,0.12539374985499308
midas_rho0.5,4,34100.0,0.12689449984463863
midas_rho0.5,4,34400.0,0.12836658384185284
midas_rho0.5,4,34700.0,0.12988533385214396
midas_rho0.5,4,35000.0,0.1314269998401869
midas_rho0.5,4,35300.0,0.1329485418391414
midas_rho0.5,4,35600.0,0.13447070884285495
midas_rho0.5,4,35900.0,0.13600387482438236
midas_rho0.5,4,36200.0,0.13756087480578572
midas_rho0.5,4,36500.0,0.1391287907899823
midas_rho0.5,4,36800.0,0.14070179077680223
midas_rho0.5,4,37100.0,0.1422881657781545
midas_rho0.5,4,37400.0,0.14385162480175495
midas_rho0.5,4,37700.0,0.14544729181216098
midas_rho0.5,4,38000.0,0.1470661248313263
midas_rho0.5,4,38300.0,0.14869224981521256
midas_rho0.5,4,38600.0,0.15033224981743842
midas_rho0.5,4,38900.0,0.1519484578166157
midas_rho0.5,4,39200.0,0.15357645781477913
midas_rho0.5,4,39500.0,0.15521587483817711
midas_rho0.5,4,39800.0,0.15683029082720168
midas_rho0.5,4,40100.0,0.1584787078318186
midas_rho0.5,4,40400.0,0.1601086238224525
midas_rho0.5,4,40700.0,0.16178670784574933
midas_rho0.5,4,41000.0,0.16353304183576256
midas_rho0.5,4,41300.0,0.16543029181775637
midas_rho0.5,4,41600.0,0.16717083379626274
midas_rho0.5,4,41900.0,0.16885079178609885
midas_rho0.5,4,42200.0,0.17051475078915246
midas_rho0.5,4,42500.0,0.17219766779453494
midas_rho0.5,4,42800.0,0.17395970979123376
midas_rho0.5,4,43100.0,0.17574283477733843
midas_rho0.5,4,43400.0,0.17751375178340822
midas_rho0.5,4,43700.0,0.1792561688052956
midas_rho0.5,4,44000.0,0.1810781687963754
midas_rho0.5,4,44300.0,0.18287546079955064
midas_rho0.5,4,44600.0,0.18468683579703793
midas_rho0.5,4,44900.0,0.1865249607944861
midas_rho0.5,4,45200.0,0.18837879379861988
midas_rho0.5,4,45500.0,0.19017521082423627
midas_rho0.5,4,45800.0,0.19197246083058417
midas_rho0.5,4,46100.0,0.19379454382578842
midas_rho0.5,4,46400.0,0.19562833581585437
midas_rho0.5,4,46700.0,0.19745271079591475
midas_rho0.5,4,47000.0,0.19930787777411751
midas_rho0.5,4,47300.0,0.20108396079740487
midas_rho0.5,4,47600.0,0.2029403357882984
midas_rho0.5,4,47900.0,0.20474925177404657
midas_rho0.5,4,48200.0,0.2066287927736994
midas_rho0.5,4,48500.0,0.20844400077476166
midas_rho0.5,4,48800.0,0.21026804274879396
midas_rho0.5,4,49100.0,0.21219000074779615
midas_rho0.5,4,49400.0,0.2140785837545991
midas_rho0.5,4,49700.0,0.2159239587490447
midas_rho0.5,4,50000.0,0.21777470872621052
midas_rho0.5,4,50300.0,0.21965391773846932
midas_rho0.5,4,50600.0,0.22153087574406527
midas_rho0.5,4,50900.0,0.2233914177340921
midas_rho0.5,4,51200.0,0.22532316771685146
midas_rho0.5,4,51500.0,0.22724891771213152
midas_rho0.5,4,51800.0,0.22923062572954223
midas_rho0.5,4,52100.0,0.23114787571830675
midas_rho0.5,4,52400.0,0.2330785837257281
midas_rho0.5,4,52700.0,0.23506925071706064
midas_rho0.5,4,53000.0,0.23707070873933844
midas_rho0.5,4,53300.0,0.23900129171670415
midas_rho0.5,4,53600.0,0.24091862569912337
midas_rho0.5,4,53900.0,0.24285745868110098
midas_rho0.5,4,54200.0,0.2448000416625291
midas_rho0.5,4,54500.0,0.24689695864799432
midas_rho0.5,4,54800.0,0.24892158366856165
midas_rho0.5,4,55100.0,0.2509590416739229
midas_rho0.5,4,55400.0,0.25339291666750796
midas_rho0.5,4,55700.0,0.25529204166377895
midas_rho0.5,4,56000.0,0.2571958336629905
midas_rho0.5,4,56300.0,0.2590717496641446
midas_rho0.5,4,56600.0,0.26099708265974186
midas_rho0.5,4,56900.0,0.2628968326607719
midas_rho0.5,4,57200.0,0.26485562467132695
midas_rho0.5,4,57500.0,0.266817166673718
midas_rho0.5,4,57800.0,0.2687792506767437
midas_rho0.5,4,58100.0,0.27069287569611333
midas_rho0.5,4,58400.0,0.27266804268583655
midas_rho0.5,4,58700.0,0.27463220967911184
midas_rho0.5,4,59000.0,0.2766369186574593
midas_rho0.5,4,59300.0,0.27859741865540855
midas_rho0.5,4,59600.0,0.280623126658611
midas_rho0.5,4,59900.0,0.2825811266666278
midas_rho0.5,4,60200.0,0.2845995016687084
midas_rho0.5,4,60500.0,0.2865931266860571
midas_rho0.5,4,60800.0,0.2886871266819071
midas_rho0.5,4,61100.0,0.29067279369337484
midas_rho0.5,4,61400.0,0.2927510857116431
midas_rho0.5,4,61700.0,0.29480787669308484
midas_rho0.5,4,62000.0,0.2968680016929284
midas_rho0.6,5,2000.0,0.001326583995250985
midas_rho0.6,5,2300.0,0.0022021250042598695
midas_rho0.6,5,2600.0,0.0030796249920967966
midas_rho0.6,5,2900.0,0.003986499999882653
midas_rho0.6,5,3200.0,0.004901958018308505
midas_rho0.6,5,3500.0,0.0058239160280209035
midas_rho0.6,5,3800.0,0.00682274904102087
midas_rho0.6,5,4100.0,0.007807082060026005
midas_rho0.6,5,4400.0,0.008824249060126022
midas_rho0.6,5,4700.0,0.0098542490741238
midas_rho0.6,5,5000.0,0.010913041071034968
midas_rho0.6,5,5300.0,0.012019124056678265
midas_rho0.6,5,5600.0,0.013365249062189832
midas_rho0.6,5,5900.0,0.014516833063680679
midas_rho0.6,5,6200.0,0.01583387504797429
midas_rho0.6,5,6500.0,0.01702320802723989
midas_rho0.6,5,6800.0,0.018377625005086884
midas_rho0.6,5,7100.0,0.019751915999222547
midas_rho0.6,5,7400.0,0.021117124008014798
midas_rho0.6,5,7700.0,0.022525915002916008
midas_rho0.6,5,8000.0,0.023952040006406605
midas_rho0.6,5,8300.0,0.025404123996850103
midas_rho0.6,5,8600.0,0.026863208011491224
midas_rho0.6,5,8900.0,0.02836625001509674
midas_rho0.6,5,9200.0,0.02989975002128631
midas_rho0.6,5,9500.0,0.0314182500296738
midas_rho0.6,5,9800.0,0.03297375002875924
midas_rho0.6,5,10100.0,0.03451875003520399
midas_rho0.6,5,10400.0,0.03609545805375092
midas_rho0.6,5,10700.0,0.03776500004460104
midas_rho0.6,5,11000.0,0.03959833405679092
midas_rho0.6,5,11300.0,0.04137654203805141
midas_rho0.6,5,11600.0,0.043624292040476575
midas_rho0.6,5,11900.0,0.04594291702960618
midas_rho0.6,5,12200.0,0.04824337604804896
midas_rho0.6,5,12500.0,0.050557001028209925
midas_rho0.6,5,12800.0,0.05294683401007205
midas_rho0.6,5,13100.0,0.05528566802968271
midas_rho0.6,5,13400.0,0.05752962702536024
midas_rho0.6,5,13700.0,0.059895877027884126
midas_rho0.6,5,14000.0,0.06229196002823301
midas_rho0.6,5,14300.0,0.0645361680071801
midas_rho0.6,5,14600.0,0.06695137600763701
midas_rho0.6,5,14900.0,0.06938354202429764
midas_rho0.6,5,15200.0,0.07172237502527423
midas_rho0.6,5,15500.0,0.07415441703051329
midas_rho0.6,5,15800.0,0.07661212503444403
midas_rho0.6,5,16100.0,0.07891270803520456
midas_rho0.6,5,16400.0,0.08134166605304927
midas_rho0.6,5,16700.0,0.08375462505500764
midas_rho0.6,5,17000.0,0.08618112507974729
midas_rho0.6,5,17300.0,0.0886532500735484
midas_rho0.6,5,17600.0,0.09150595805840567
midas_rho0.6,5,17900.0,0.0935728330805432
midas_rho0.6,5,18200.0,0.09546341607347131
midas_rho0.6,5,18500.0,0.09744954106281511
midas_rho0.6,5,18800.0,0.09943791606929153
midas_rho0.6,5,19100.0,0.10143475007498637
midas_rho0.6,5,19400.0,0.10354087507585064
midas_rho0.6,5,19700.0,0.10563708408153616
midas_rho0.6,5,20000.0,0.10776500107022002
midas_rho0.6,5,20300.0,0.10982625107862987
midas_rho0.6,5,20600.0,0.1119493760925252
midas_rho0.6,5,20900.0,0.11410796007839963
midas_rho0.6,5,21200.0,0.11632308506523259
midas_rho0.6,5,21500.0,0.11858950107125565
midas_rho0.6,5,21800.0,0.12093229306628928
midas_rho0.6,5,22100.0,0.12358979307464324
midas_rho0.6,5,22400.0,0.12596450207638554
midas_rho0.6,5,22700.0,0.1284664600971155
midas_rho0.6,5,23000.0,0.13100483510061167
midas_rho0.6,5,23300.0,0.1334065020782873
midas_rho0.6,5,23600.0,0.1359028770821169
midas_rho0.6,5,23900.0,0.1383970020688139
midas_rho0.6,5,24200.0,0.14092987708863802
midas_rho0.6,5,24500.0,0.14354258606908843
midas_rho0.6,5,24800.0,0.14616271105478518
midas_rho0.6,5,25100.0,0.14872908606776036
midas_rho0.6,5,25400.0,0.15119325305568054
midas_rho0.6,5,25700.0,0.15397533704526722
midas_rho0.6,5,26000.0,0.1565434200456366
midas_rho0.6,5,26300.0,0.15917525405529886
midas_rho0.6,5,26600.0,0.16173792004701681
midas_rho0.6,5,26900.0,0.1647888780280482
midas_rho0.6,5,27200.0,0.167562420014292
midas_rho0.6,5,27500.0,0.17024175301776268
midas_rho0.6,5,27800.0,0.17320908600231633
midas_rho0.6,5,28100.0,0.17630317001021467
midas_rho0.6,5,28400.0,0.1791165030153934
midas_rho0.6,5,28700.0,0.1818951280147303
midas_rho0.6,5,29000.0,0.18489533601677977
midas_rho0.6,5,29300.0,0.18773879503714852
midas_rho0.6,5,29600.0,0.1904808360268362
midas_rho0.6,5,29900.0,0.19329500300227664
midas_rho0.6,5,30200.0,0.19634875300107524
midas_rho0.6,5,30500.0,0.19923929500509985
midas_rho0.6,5,30800.0,0.2023917119950056
midas_rho0.6,5,31100.0,0.20531579499947838
midas_rho0.6,5,31400.0,0.20842842001002282
midas_rho0.6,5,31700.0,0.21138517002691515
midas_rho0.6,5,32000.0,0.21457162901060656
midas_rho0.6,5,32300.0,0.21747317002154887
midas_rho0.6,5,32600.0,0.22067921204143204
midas_rho0.6,5,32900.0,0.22366725403117016
midas_rho0.6,5,33200.0,0.22674379500676878
midas_rho0.6,5,33500.0,0.22973642000579275
midas_rho0.6,5,33800.0,0.23265146202174947
midas_rho0.6,5,34100.0,0.2356085030187387
midas_rho0.6,5,34400.0,0.23856971101486124
midas_rho0.6,5,34700.0,0.2415763360040728
midas_rho0.6,5,35000.0,0.24460242001805454
midas_rho0.6,5,35300.0,0.24760783702367917
midas_rho0.6,5,35600.0,0.25066229500225745
midas_rho0.6,5,35900.0,0.2537491279945243
midas_rho0.6,5,36200.0,0.25677283699042164
midas_rho0.6,5,36500.0,0.25985891997697763
midas_rho0.6,5,36800.0,0.2629142529622186
midas_rho0.6,5,37100.0,0.2660096279869322
midas_rho0.6,5,37400.0,0.26911204497446306
midas_rho0.6,5,37700.0,0.2723386279831175
midas_rho0.6,5,38000.0,0.27543929498642683
midas_rho0.6,5,38300.0,0.2785847529885359
midas_rho0.6,5,38600.0,0.2817238779971376
midas_rho0.6,5,38900.0,0.28483112799585797
midas_rho0.6,5,39200.0,0.28807708600652404
midas_rho0.6,5,39500.0,0.29124154400778934
midas_rho0.6,5,39800.0,0.29437316901749
midas_rho0.6,5,40100.0,0.2983959610282909
midas_rho0.6,5,40400.0,0.30159433602239005
midas_rho0.6,5,40700.0,0.30469812802039087
midas_rho0.6,5,41000.0,0.3078285030205734
midas_rho0.6,5,41300.0,0.31117971101775765
midas_rho0.6,5,41600.0,0.314344794023782
midas_rho0.6,5,41900.0,0.317585836048238
midas_rho0.6,5,42200.0,0.32086333603365347
midas_rho0.6,5,42500.0,0.324156627029879
midas_rho0.6,5,42800.0,0.32750225203926675
midas_rho0.6,5,43100.0,0.3308060020499397
midas_rho0.6,5,43400.0,0.33421708503738046
midas_rho0.6,5,43700.0,0.3376407930336427
midas_rho0.6,5,44000.0,0.3410907090292312
midas_rho0.6,5,44300.0,0.34441758404136635
midas_rho0.6,5,44600.0,0.34775937505764887
midas_rho0.6,5,44900.0,0.35104779206449166
midas_rho0.6,5,45200.0,0.3544747920532245
midas_rho0.6,5,45500.0,0.35779108304996043
midas_rho0.6,5,45800.0,0.3613234580552671
midas_rho0.6,5,46100.0,0.36489983304636553
midas_rho0.6,5,46400.0,0.3683945000229869
midas_rho0.6,5,46700.0,0.3719426250027027
midas_rho0.6,5,47000.0,0.3754743750032503
midas_rho0.6,5,47300.0,0.3790403330058325
midas_rho0.6,5,47600.0,0.38257445802446455
midas_rho0.6,5,47900.0,0.38607704103924334
midas_rho0.6,5,48200.0,0.3896222910261713
midas_rho0.6,5,48500.0,0.3931950000405777
midas_rho0.6,5,48800.0,0.3967422910500318
midas_rho0.6,5,49100.0,0.4003809580462985
midas_rho0.6,5,49400.0,0.40383604206726886
midas_rho0.6,5,49700.0,0.40738520806189626
midas_rho0.6,5,50000.0,0.41112004104070365
midas_rho0.6,5,50300.0,0.41489629104034975
midas_rho0.6,5,50600.0,0.41871450006146915
midas_rho0.6,5,50900.0,0.42246262505068444
midas_rho0.6,5,51200.0,0.42610254205646925
midas_rho0.6,5,51500.0,0.4297661670425441
midas_rho0.6,5,51800.0,0.4334223750338424
midas_rho0.6,5,52100.0,0.43713850004132837
midas_rho0.6,5,52400.0,0.44076054205652326
midas_rho0.6,5,52700.0,0.4446537090407219
midas_rho0.6,5,53000.0,0.44848587503656745
midas_rho0.6,5,53300.0,0.45244641703902744
midas_rho0.6,5,53600.0,0.45675579202361405
midas_rho0.6,5,53900.0,0.46064045900129713
midas_rho0.6,5,54200.0,0.4645648340228945
midas_rho0.6,5,54500.0,0.46847616802551784
midas_rho0.6,5,54800.0,0.472408585017547
midas_rho0.6,5,55100.0,0.4763610020163469
midas_rho0.6,5,55400.0,0.48030162701616064
midas_rho0.6,5,55700.0,0.4842908770078793
midas_rho0.6,5,56000.0,0.4882950860192068
midas_rho0.6,5,56300.0,0.49222071102121845
midas_rho0.6,5,56600.0,0.4961463360232301
midas_rho0.6,5,56900.0,0.500123544014059
midas_rho0.6,5,57200.0,0.5040345030138269
midas_rho0.6,5,57500.0,0.508069087023614
midas_rho0.6,5,57800.0,0.5121360450284556
midas_rho0.6,5,58100.0,0.5161782530485652
midas_rho0.6,5,58400.0,0.5201952950446866
midas_rho0.6,5,58700.0,0.5243431290437002
midas_rho0.6,5,59000.0,0.5283918790519238
midas_rho0.6,5,59300.0,0.5324317960767075
midas_rho0.6,5,59600.0,0.5364232550782617
midas_rho0.6,5,59900.0,0.5403512960765511
midas_rho0.6,5,60200.0,0.5444085460621864
midas_rho0.6,5,60500.0,0.548351588047808
midas_rho0.6,5,60800.0,0.5523327130358666
midas_rho0.6,5,61100.0,0.5563740460202098
midas_rho0.6,5,61400.0,0.560302212019451
midas_rho0.6,5,61700.0,0.564487462019315
midas_rho0.6,5,62000.0,0.5686767960141879
midas_rho0.6,6,2000.0,0.002742207987466827
midas_rho0.6,6,2300.0,0.0036474169755820185
midas_rho0.6,6,2600.0,0.004510250000748783
midas_rho0.6,6,2900.0,0.0053996659989934415
midas_rho0.6,6,3200.0,0.006306998984655365
midas_rho0.6,6,3500.0,0.007233664975501597
midas_rho0.6,6,3800.0,0.008194998983526602
midas_rho0.6,6,4100.0,0.009169539989670739
midas_rho0.6,6,4400.0,0.010178955970332026
midas_rho0.6,6,4700.0,0.011207455972908065
midas_rho0.6,6,5000.0,0.01226374797988683
midas_rho0.6,6,5300.0,0.013351497967960313
midas_rho0.6,6,5600.0,0.01446953898994252
midas_rho0.6,6,5900.0,0.01559837200329639
midas_rho0.6,6,6200.0,0.0167423720122315
midas_rho0.6,6,6500.0,0.017885455017676577
midas_rho0.6,6,6800.0,0.01908112203818746
midas_rho0.6,6,7100.0,0.020285080041503534
midas_rho0.6,6,7400.0,0.02148453803965822
midas_rho0.6,6,7700.0,0.02272762102074921
midas_rho0.6,6,8000.0,0.023984287021448836
midas_rho0.6,6,8300.0,0.02526399600901641
midas_rho0.6,6,8600.0,0.026524579006945714
midas_rho0.6,6,8900.0,0.027841328992508352
midas_rho0.6,6,9200.0,0.029179244971601292
midas_rho0.6,6,9500.0,0.03052182897226885
midas_rho0.6,6,9800.0,0.03188916196813807
midas_rho0.6,6,10100.0,0.03327670294675045
midas_rho0.6,6,10400.0,0.03477036894764751
midas_rho0.6,6,10700.0,0.03626807694672607
midas_rho0.6,6,11000.0,0.03777970193186775
midas_rho0.6,6,11300.0,0.039318159950198606
midas_rho0.6,6,11600.0,0.04086149294744246
midas_rho0.6,6,11900.0,0.0424862019426655
midas_rho0.6,6,12200.0,0.044077742932131514
midas_rho0.6,6,12500.0,0.04571632694569416
midas_rho0.6,6,12800.0,0.04748553593526594
midas_rho0.6,6,13100.0,0.049260451924055815
midas_rho0.6,6,13400.0,0.0510762429330498
midas_rho0.6,6,13700.0,0.05295028391992673
midas_rho0.6,6,14000.0,0.05485874292207882
midas_rho0.6,6,14300.0,0.05834157593199052
midas_rho0.6,6,14600.0,0.06111374293686822
midas_rho0.6,6,14900.0,0.06398040993371978
midas_rho0.6,6,15200.0,0.06687090994091704
midas_rho0.6,6,15500.0,0.06953482693643309
midas_rho0.6,6,15800.0,0.0724066189432051
midas_rho0.6,6,16100.0,0.07534624394611456
midas_rho0.6,6,16400.0,0.07809074394754134
midas_rho0.6,6,16700.0,0.08085428492631763
midas_rho0.6,6,17000.0,0.08378732690471224
midas_rho0.6,6,17300.0,0.08659136889036745
midas_rho0.6,6,17600.0,0.08940057686413638
midas_rho0.6,6,17900.0,0.09217111885664053
midas_rho0.6,6,18200.0,0.09511653485242277
midas_rho0.6,6,18500.0,0.09819840983254835
midas_rho0.6,6,18800.0,0.10106340982019901
midas_rho0.6,6,19100.0,0.10392107683583163
midas_rho0.6,6,19400.0,0.10687370182131417
midas_rho0.6,6,19700.0,0.10991528481827118
midas_rho0.6,6,20000.0,0.11299770182813518
midas_rho0.6,6,20300.0,0.11594211883493699
midas_rho0.6,6,20600.0,0.1188372018514201
midas_rho0.6,6,20900.0,0.12201616083621047
midas_rho0.6,6,21200.0,0.1251142438268289
midas_rho0.6,6,21500.0,0.12822782681905665
midas_rho0.6,6,21800.0,0.13141540982178412
midas_rho0.6,6,22100.0,0.13451999283279292
midas_rho0.6,6,22400.0,0.1377211178187281
midas_rho0.6,6,22700.0,0.1408995348319877
midas_rho0.6,6,23000.0,0.14404453482711688
midas_rho0.6,6,23300.0,0.14728395082056522
midas_rho0.6,6,23600.0,0.15049653383903205
midas_rho0.6,6,23900.0,0.15372282583848573
midas_rho0.6,6,24200.0,0.15699532584403642
midas_rho0.6,6,24500.0,0.16092215885873884
midas_rho0.6,6,24800.0,0.16371486685238779
midas_rho0.6,6,25100.0,0.1667398668359965
midas_rho0.6,6,25400.0,0.16947328281821683
midas_rho0.6,6,25700.0,0.17299911580630578
midas_rho0.6,6,26000.0,0.17599636581144296
midas_rho0.6,6,26300.0,0.1793942828080617
midas_rho0.6,6,26600.0,0.18233944979147054
midas_rho0.6,6,26900.0,0.18577419978100806
midas_rho0.6,6,27200.0,0.18877128278836608
midas_rho0.6,6,27500.0,0.19216690780012868
midas_rho0.6,6,27800.0,0.1952114078158047
midas_rho0.6,6,28100.0,0.19865707482676953
midas_rho0.6,6,28400.0,0.2018099498236552
midas_rho0.6,6,28700.0,0.20520840783137828
midas_rho0.6,6,29000.0,0.20826678280718625
midas_rho0.6,6,29300.0,0.21203349079587497
midas_rho0.6,6,29600.0,0.21519149077357724
midas_rho0.6,6,29900.0,0.21876232375507243
midas_rho0.6,6,30200.0,0.22185761475702748
midas_rho0.6,6,30500.0,0.2247591557679698
midas_rho0.6,6,30800.0,0.2278331147681456
midas_rho0.6,6,31100.0,0.2305843227659352
midas_rho0.6,6,31400.0,0.23348461478599347
midas_rho0.6,6,31700.0,0.2362456977716647
midas_rho0.6,6,32000.0,0.23931348975747824
midas_rho0.6,6,32300.0,0.24229628176544793
midas_rho0.6,6,32600.0,0.24541186477290466
midas_rho0.6,6,32900.0,0.24842836477910168
midas_rho0.6,6,33200.0,0.25155786477262154
midas_rho0.6,6,33500.0,0.2546190307766665
midas_rho0.6,6,33800.0,0.2578983227722347
midas_rho0.6,6,34100.0,0.26108048876631074
midas_rho0.6,6,34400.0,0.264130071765976
midas_rho0.6,6,34700.0,0.2674560717714485
midas_rho0.6,6,35000.0,0.27075307178893127
midas_rho0.6,6,35300.0,0.27421761280857027
midas_rho0.6,6,35600.0,0.27783282080781646
midas_rho0.6,6,35900.0,0.2813667787995655
midas_rho0.6,6,36200.0,0.2847643207933288
midas_rho0.6,6,36500.0,0.2881940288061742
midas_rho0.6,6,36800.0,0.2917865708004683
midas_rho0.6,6,37100.0,0.2951766538026277
midas_rho0.6,6,37400.0,0.29872348680510186
midas_rho0.6,6,37700.0,0.30223794482299127
midas_rho0.6,6,38000.0,0.30570386082399637
midas_rho0.6,6,38300.0,0.3092530698340852
midas_rho0.6,6,38600.0,0.31276769484975375
midas_rho0.6,6,38900.0,0.31642481984454207
midas_rho0.6,6,39200.0,0.319986736838473
midas_rho0.6,6,39500.0,0.32356961182085797
midas_rho0.6,6,39800.0,0.32703173681511544
midas_rho0.6,6,40100.0,0.33066148683428764
midas_rho0.6,6,40400.0,0.3342825288127642
midas_rho0.6,6,40700.0,0.3378361538343597
midas_rho0.6,6,41000.0,0.34152390382951126
midas_rho0.6,6,41300.0,0.34514507080893964
midas_rho0.6,6,41600.0,0.3485929037851747
midas_rho0.6,6,41900.0,0.3520456957630813
midas_rho0.6,6,42200.0,0.35572782074450515
midas_rho0.6,6,42500.0,0.3592688627541065
midas_rho0.6,6,42800.0,0.3628166957641952
midas_rho0.6,6,43100.0,0.36646044577355497
midas_rho0.6,6,43400.0,0.3701707787695341
midas_rho0.6,6,43700.0,0.37371361278928816
midas_rho0.6,6,44000.0,0.3773715707939118
midas_rho0.6,6,44300.0,0.38096319578471594
midas_rho0.6,6,44600.0,0.38453332078643143
midas_rho0.6,6,44900.0,0.38817248778650537
midas_rho0.6,6,45200.0,0.391654987790389
midas_rho0.6,6,45500.0,0.395255778770661
midas_rho0.6,6,45800.0,0.39890856976853684
midas_rho0.6,6,46100.0,0.4026473617705051
midas_rho0.6,6,46400.0,0.40620036178734154
midas_rho0.6,6,46700.0,0.40980798678356223
midas_rho0.6,6,47000.0,0.4147564037994016
midas_rho0.6,6,47300.0,0.41882519581122324
midas_rho0.6,6,47600.0,0.4225900288147386
midas_rho0.6,6,47900.0,0.4264999868173618
midas_rho0.6,6,48200.0,0.4304952368256636
midas_rho0.6,6,48500.0,0.4346396948385518
midas_rho0.6,6,48800.0,0.43875256984028965
midas_rho0.6,6,49100.0,0.4428726948390249
midas_rho0.6,6,49400.0,0.44690865284064785
midas_rho0.6,6,49700.0,0.4511307358625345
midas_rho0.6,6,50000.0,0.45549336084513925
midas_rho0.6,6,50300.0,0.4599560268688947
midas_rho0.6,6,50600.0,0.4642619848600589
midas_rho0.6,6,50900.0,0.46876985984272324
midas_rho0.6,6,51200.0,0.4731938178592827
midas_rho0.6,6,51500.0,0.47782381786964834
midas_rho0.6,6,51800.0,0.48239302687579766
midas_rho0.6,6,52100.0,0.4869190268800594
midas_rho0.6,6,52400.0,0.4912403608614113
midas_rho0.6,6,52700.0,0.4956364448880777
midas_rho0.6,6,53000.0,0.4996889028698206
midas_rho0.6,6,53300.0,0.5038853198639117
midas_rho0.6,6,53600.0,0.5081691108644009
midas_rho0.6,6,53900.0,0.5124758608581033
midas_rho0.6,6,54200.0,0.5167899448424578
midas_rho0.6,6,54500.0,0.5210603198502213
midas_rho0.6,6,54800.0,0.5254415698582307
midas_rho0.6,6,55100.0,0.5296798198542092
midas_rho0.6,6,55400.0,0.5341348198417109
midas_rho0.6,6,55700.0,0.5384693608502857
midas_rho0.6,6,56000.0,0.542893735866528
midas_rho0.6,6,56300.0,0.5471999858564232
midas_rho0.6,6,56600.0,0.5515478608431295
midas_rho0.6,6,56900.0,0.5558815698313992
midas_rho0.6,6,57200.0,0.56020444483147
midas_rho0.6,6,57500.0,0.5646084448380861
midas_rho0.6,6,57800.0,0.5689056948467623
midas_rho0.6,6,58100.0,0.573190485854866
midas_rho0.6,6,58400.0,0.5774417768407147
midas_rho0.6,6,58700.0,0.5817584018514026
midas_rho0.6,6,59000.0,0.5859754858538508
midas_rho0.6,6,59300.0,0.5902444438543171
midas_rho0.6,6,59600.0,0.5944688188610598
midas_rho0.6,6,59900.0,0.5988231938681565
midas_rho0.6,6,60200.0,0.6030932358698919
midas_rho0.6,6,60500.0,0.6074767778627574
midas_rho0.6,6,60800.0,0.611812943854602
midas_rho0.6,6,61100.0,0.6161744858545717
midas_rho0.6,6,61400.0,0.6204716528591234
midas_rho0.6,6,61700.0,0.6247607368859462
midas_rho0.6,6,62000.0,0.6290524868818466
midas_rho0.6,7,2000.0,0.001887207996333018
midas_rho0.6,7,2300.0,0.00283741598832421
midas_rho0.6,7,2600.0,0.004018915962660685
midas_rho0.6,7,2900.0,0.005234082957031205
midas_rho0.6,7,3200.0,0.00647954095620662
midas_rho0.6,7,3500.0,0.0077469159732572734
midas_rho0.6,7,3800.0,0.009041248995345086
midas_rho0.6,7,4100.0,0.010353040997870266
midas_rho0.6,7,4400.0,0.0116966659843456
midas_rho0.6,7,4700.0,0.01306637396919541
midas_rho0.6,7,5000.0,0.014473331946646795
midas_rho0.6,7,5300.0,0.015895998949417844
midas_rho0.6,7,5600.0,0.017334498930722475
midas_rho0.6,7,5900.0,0.01879958191420883
midas_rho0.6,7,6200.0,0.020273206901038066
midas_rho0.6,7,6500.0,0.021757748909294605
midas_rho0.6,7,6800.0,0.02328729091095738
midas_rho0.6,7,7100.0,0.024828249908750877
midas_rho0.6,7,7400.0,0.026390916929813102
midas_rho0.6,7,7700.0,0.02812116692075506
midas_rho0.6,7,8000.0,0.029859707894502208
midas_rho0.6,7,8300.0,0.03168779087718576
midas_rho0.6,7,8600.0,0.033328040852211416
midas_rho0.6,7,8900.0,0.034942123835207894
midas_rho0.6,7,9200.0,0.03770254083792679
midas_rho0.6,7,9500.0,0.03927395783830434
midas_rho0.6,7,9800.0,0.040773249842459336
midas_rho0.6,7,10100.0,0.04225204183603637
midas_rho0.6,7,10400.0,0.04375945884385146
midas_rho0.6,7,10700.0,0.045415625849273056
midas_rho0.6,7,11000.0,0.047091959830140695
midas_rho0.6,7,11300.0,0.04912620983668603
midas_rho0.6,7,11600.0,0.05115254284464754
midas_rho0.6,7,11900.0,0.05319295983645134
midas_rho0.6,7,12200.0,0.05523687682580203
midas_rho0.6,7,12500.0,0.05728083482244983
midas_rho0.6,7,12800.0,0.05937491782242432
midas_rho0.6,7,13100.0,0.06146762683056295
midas_rho0.6,7,13400.0,0.06348608483676799
midas_rho0.6,7,13700.0,0.06562666784157045
midas_rho0.6,7,14000.0,0.06780095884460025
midas_rho0.6,7,14300.0,0.06986929185222834
midas_rho0.6,7,14600.0,0.07203612485318445
midas_rho0.6,7,14900.0,0.0742184158298187
midas_rho0.6,7,15200.0,0.07657804081100039
midas_rho0.6,7,15500.0,0.078852165810531
midas_rho0.6,7,15800.0,0.0810647078033071
midas_rho0.6,7,16100.0,0.08327145781368017
midas_rho0.6,7,16400.0,0.08620908283046447
midas_rho0.6,7,16700.0,0.08846637481474318
midas_rho0.6,7,17000.0,0.09078008282813244
midas_rho0.6,7,17300.0,0.0931632908177562
midas_rho0.6,7,17600.0,0.09553416582639329
midas_rho0.6,7,17900.0,0.09785320685477927
midas_rho0.6,7,18200.0,0.10034441584139131
midas_rho0.6,7,18500.0,0.10327170786331408
midas_rho0.6,7,18800.0,0.10659974988084286
midas_rho0.6,7,19100.0,0.10930266688228585
midas_rho0.6,7,19400.0,0.11177954188315198
midas_rho0.6,7,19700.0,0.11427399990498088
midas_rho0.6,7,20000.0,0.11677779190358706
midas_rho0.6,7,20300.0,0.12001470892573707
midas_rho0.6,7,20600.0,0.12238558393437415
midas_rho0.6,7,20900.0,0.12459695895086043
midas_rho0.6,7,21200.0,0.12689479294931516
midas_rho0.6,7,21500.0,0.1291681679431349
midas_rho0.6,7,21800.0,0.131513959961012
midas_rho0.6,7,22100.0,0.13389762595761567
midas_rho0.6,7,22400.0,0.13651775097241625
midas_rho0.6,7,22700.0,0.1388652089808602
midas_rho0.6,7,23000.0,0.14123558398569003
midas_rho0.6,7,23300.0,0.14370066800620407
midas_rho0.6,7,23600.0,0.1461230010027066
midas_rho0.6,7,23900.0,0.14910225101630203
midas_rho0.6,7,24200.0,0.15256983501603827
midas_rho0.6,7,24500.0,0.15544033501646481
midas_rho0.6,7,24800.0,0.15820791802252643
midas_rho0.6,7,25100.0,0.1608557510189712
midas_rho0.6,7,25400.0,0.1634812919946853
midas_rho0.6,7,25700.0,0.16615816700505093
midas_rho0.6,7,26000.0,0.1693915000068955
midas_rho0.6,7,26300.0,0.1725375000096392
midas_rho0.6,7,26600.0,0.1755265420069918
midas_rho0.6,7,26900.0,0.17840925001655705
midas_rho0.6,7,27200.0,0.1812057500355877
midas_rho0.6,7,27500.0,0.18405816704034805
midas_rho0.6,7,27800.0,0.1871322920487728
midas_rho0.6,7,28100.0,0.19055645904154517
midas_rho0.6,7,28400.0,0.19341270902077667
midas_rho0.6,7,28700.0,0.1961647090211045
midas_rho0.6,7,29000.0,0.19914095901185647
midas_rho0.6,7,29300.0,0.20252175102359615
midas_rho0.6,7,29600.0,0.20724433404393494
midas_rho0.6,7,29900.0,0.21050512604415417
midas_rho0.6,7,30200.0,0.21341833504266106
midas_rho0.6,7,30500.0,0.21623479304253124
midas_rho0.6,7,30800.0,0.21953333503915928
midas_rho0.6,7,31100.0,0.22316979302559048
midas_rho0.6,7,31400.0,0.2280161259986926
midas_rho0.6,7,31700.0,0.2329197929939255
midas_rho0.6,7,32000.0,0.23687454298487864
midas_rho0.6,7,32300.0,0.23992750098113902
midas_rho0.6,7,32600.0,0.24285675096325576
midas_rho0.6,7,32900.0,0.24591712595429271
midas_rho0.6,7,33200.0,0.2489595429506153
midas_rho0.6,7,33500.0,0.25300912593957037
midas_rho0.6,7,33800.0,0.25661954295355827
midas_rho0.6,7,34100.0,0.2599430429690983
midas_rho0.6,7,34400.0,0.26329379295930266
midas_rho0.6,7,34700.0,0.26703229296253994
midas_rho0.6,7,35000.0,0.2704222099564504
midas_rho0.6,7,35300.0,0.2739618349587545
midas_rho0.6,7,35600.0,0.2772544599720277
midas_rho0.6,7,35900.0,0.28128783497959375
midas_rho0.6,7,36200.0,0.2847308349737432
midas_rho0.6,7,36500.0,0.28818920996855013
midas_rho0.6,7,36800.0,0.29228045998024754
midas_rho0.6,7,37100.0,0.29591541897389106
midas_rho0.6,7,37400.0,0.29935091896913946
midas_rho0.6,7,37700.0,0.30287150197546
midas_rho0.6,7,38000.0,0.3063580849848222
midas_rho0.6,7,38300.0,0.3096587100008037
midas_rho0.6,7,38600.0,0.3131830019992776
midas_rho0.6,7,38900.0,0.31671629400807433
midas_rho0.6,7,39200.0,0.3209610019985121
midas_rho0.6,7,39500.0,0.32443958599469624
midas_rho0.6,7,39800.0,0.32777067000279203
midas_rho0.6,7,40100.0,0.3322460869967472
midas_rho0.6,7,40400.0,0.3358435029804241
midas_rho0.6,7,40700.0,0.3392553779995069
midas_rho0.6,7,41000.0,0.34274733599158935
midas_rho0.6,7,41300.0,0.346177252009511
midas_rho0.6,7,41600.0,0.3495667100069113
midas_rho0.6,7,41900.0,0.3529342509864364
midas_rho0.6,7,42200.0,0.35638237599050626
midas_rho0.6,7,42500.0,0.3598188339965418
midas_rho0.6,7,42800.0,0.3631824170006439
midas_rho0.6,7,43100.0,0.3666657510038931
midas_rho0.6,7,43400.0,0.37008425101521425
midas_rho0.6,7,43700.0,0.3735282930138055
midas_rho0.6,7,44000.0,0.37705975101562217
midas_rho0.6,7,44300.0,0.3804817509953864
midas_rho0.6,7,44600.0,0.3844237929733936
midas_rho0.6,7,44900.0,0.38903625195962377
midas_rho0.6,7,45200.0,0.39354921094491147
midas_rho0.6,7,45500.0,0.39766016995417885
midas_rho0.6,7,45800.0,0.40196450395160355
midas_rho0.6,7,46100.0,0.40748504496878013
midas_rho0.6,7,46400.0,0.4116067949507851
midas_rho0.6,7,46700.0,0.4153006279375404
midas_rho0.6,7,47000.0,0.42024004395352677
midas_rho0.6,7,47300.0,0.42482304395525716
midas_rho0.6,7,47600.0,0.4287548359716311
midas_rho0.6,7,47900.0,0.43249771097907797
midas_rho0.6,7,48200.0,0.43678954397910275
midas_rho0.6,7,48500.0,0.4412460859748535
midas_rho0.6,7,48800.0,0.44529908598633483
midas_rho0.6,7,49100.0,0.449277710984461
midas_rho0.6,7,49400.0,0.4539831279835198
midas_rho0.6,7,49700.0,0.45850046098348685
midas_rho0.6,7,50000.0,0.4630872519919649
midas_rho0.6,7,50300.0,0.46786266900016926
midas_rho0.6,7,50600.0,0.4722900440101512
midas_rho0.6,7,50900.0,0.47643716901075095
midas_rho0.6,7,51200.0,0.4808412519923877
midas_rho0.6,7,51500.0,0.48531716800061986
midas_rho0.6,7,51800.0,0.48988808499416336
midas_rho0.6,7,52100.0,0.49426720998599194
midas_rho0.6,7,52400.0,0.49848270998336375
midas_rho0.6,7,52700.0,0.5030939189600758
midas_rho0.6,7,53000.0,0.5073825439612847
midas_rho0.6,7,53300.0,0.5118080859538168
midas_rho0.6,7,53600.0,0.5161340019549243
midas_rho0.6,7,53900.0,0.5205728359287605
midas_rho0.6,7,54200.0,0.5257615029404406
midas_rho0.6,7,54500.0,0.5305639609287027
midas_rho0.6,7,54800.0,0.5351202529564034
midas_rho0.6,7,55100.0,0.5396137949428521
midas_rho0.6,7,55400.0,0.5442070039571263
midas_rho0.6,7,55700.0,0.54879096194054
midas_rho0.6,7,56000.0,0.5534060039208271
midas_rho0.6,7,56300.0,0.5579219209030271
midas_rho0.6,7,56600.0,0.562503503926564
midas_rho0.6,7,56900.0,0.5671997959143482
midas_rho0.6,7,57200.0,0.571760212915251
midas_rho0.6,7,57500.0,0.5763030469242949
midas_rho0.6,7,57800.0,0.5808149629156105
midas_rho0.6,7,58100.0,0.5854241299093701
midas_rho0.6,7,58400.0,0.5897942969168071
midas_rho0.6,7,58700.0,0.5941415468987543
midas_rho0.6,7,59000.0,0.598276588920271
midas_rho0.6,7,59300.0,0.6024343389435671
midas_rho0.6,7,59600.0,0.6066005889442749
midas_rho0.6,7,59900.0,0.6108423389378004
midas_rho0.6,7,60200.0,0.6150344639318064
midas_rho0.6,7,60500.0,0.6193431719148066
midas_rho0.6,7,60800.0,0.623656671930803
midas_rho0.6,7,61100.0,0.6281062559282873
midas_rho0.6,7,61400.0,0.6322820479108486
midas_rho0.6,7,61700.0,0.6367079229094088
midas_rho0.6,7,62000.0,0.641269005893264
midas_rho0.6,8,2000.0,0.0016157079953700304
midas_rho0.6,8,2300.0,0.002576707978732884
midas_rho0.6,8,2600.0,0.0036096659605391324
midas_rho0.6,8,2900.0,0.004664623964345083
midas_rho0.6,8,3200.0,0.005737290950492024
midas_rho0.6,8,3500.0,0.0068583329557441175
midas_rho0.6,8,3800.0,0.008005999960005283
midas_rho0.6,8,4100.0,0.00919308396987617
midas_rho0.6,8,4400.0,0.010411958966869861
midas_rho0.6,8,4700.0,0.011632874957285821
midas_rho0.6,8,5000.0,0.012876040942501277
midas_rho0.6,8,5300.0,0.014117956947302446
midas_rho0.6,8,5600.0,0.015402581950183958
midas_rho0.6,8,5900.0,0.016715790930902585
midas_rho0.6,8,6200.0,0.01813695693272166
midas_rho0.6,8,6500.0,0.019475914945360273
midas_rho0.6,8,6800.0,0.020843955950113013
midas_rho0.6,8,7100.0,0.022234663949348032
midas_rho0.6,8,7400.0,0.02362753893248737
midas_rho0.6,8,7700.0,0.02511670591775328
midas_rho0.6,8,8000.0,0.02667508093873039
midas_rho0.6,8,8300.0,0.028264871943974867
midas_rho0.6,8,8600.0,0.029782663943478838
midas_rho0.6,8,8900.0,0.031293121952330694
midas_rho0.6,8,9200.0,0.03284599696053192
midas_rho0.6,8,9500.0,0.034467204968677834
midas_rho0.6,8,9800.0,0.03607720497529954
midas_rho0.6,8,10100.0,0.03765178794856183
midas_rho0.6,8,10400.0,0.03923145495355129
midas_rho0.6,8,10700.0,0.04098328796681017
midas_rho0.6,8,11000.0,0.04283478794968687
midas_rho0.6,8,11300.0,0.04464807893964462
midas_rho0.6,8,11600.0,0.04642078795586713
midas_rho0.6,8,11900.0,0.048204829945461825
midas_rho0.6,8,12200.0,0.05008682995685376
midas_rho0.6,8,12500.0,0.0519683719612658
midas_rho0.6,8,12800.0,0.053793954954016954
midas_rho0.6,8,13100.0,0.0556468709546607
midas_rho0.6,8,13400.0,0.05752020396175794
midas_rho0.6,8,13700.0,0.05947482897317968
midas_rho0.6,8,14000.0,0.06135562097188085
midas_rho0.6,8,14300.0,0.06332441297126934
midas_rho0.6,8,14600.0,0.06519766297424212
midas_rho0.6,8,14900.0,0.06728870395454578
midas_rho0.6,8,15200.0,0.06928641194826923
midas_rho0.6,8,15500.0,0.07121270295465365
midas_rho0.6,8,15800.0,0.07320603594416752
midas_rho0.6,8,16100.0,0.0753537439450156
midas_rho0.6,8,16400.0,0.07812540992745198
midas_rho0.6,8,16700.0,0.08019690992659889
midas_rho0.6,8,17000.0,0.08228336792672053
midas_rho0.6,8,17300.0,0.0843498679168988
midas_rho0.6,8,17600.0,0.08647528491565026
midas_rho0.6,8,17900.0,0.08857470192015171
midas_rho0.6,8,18200.0,0.09070170193444937
midas_rho0.6,8,18500.0,0.09285441093379632
midas_rho0.6,8,18800.0,0.09499370193225332
midas_rho0.6,8,19100.0,0.09711674295249395
midas_rho0.6,8,19400.0,0.09935390995815396
midas_rho0.6,8,19700.0,0.10150182695360854
midas_rho0.6,8,20000.0,0.10363178592524491
midas_rho0.6,8,20300.0,0.10589782692841254
midas_rho0.6,8,20600.0,0.10797682692646049
midas_rho0.6,8,20900.0,0.1101525359263178
midas_rho0.6,8,21200.0,0.11229345292667858
midas_rho0.6,8,21500.0,0.1145782029198017
midas_rho0.6,8,21800.0,0.11694336892105639
midas_rho0.6,8,22100.0,0.11921595194144174
midas_rho0.6,8,22400.0,0.12160661892266944
midas_rho0.6,8,22700.0,0.12417045191978104
midas_rho0.6,8,23000.0,0.1281240769312717
midas_rho0.6,8,23300.0,0.13076674393960275
midas_rho0.6,8,23600.0,0.13316653593210503
midas_rho0.6,8,23900.0,0.13552107693976723
midas_rho0.6,8,24200.0,0.1378917019465007
midas_rho0.6,8,24500.0,0.14033957693027332
midas_rho0.6,8,24800.0,0.14280336795491166
midas_rho0.6,8,25100.0,0.14548378495965153
midas_rho0.6,8,25400.0,0.14814482594374567
midas_rho0.6,8,25700.0,0.15067224291851744
midas_rho0.6,8,26000.0,0.15326615993399173
midas_rho0.6,8,26300.0,0.15601665995200165
midas_rho0.6,8,26600.0,0.15871078494819812
midas_rho0.6,8,26900.0,0.16127707695704885
midas_rho0.6,8,27200.0,0.16408482694532722
midas_rho0.6,8,27500.0,0.16670240994426422
midas_rho0.6,8,27800.0,0.16937365994090214
midas_rho0.6,8,28100.0,0.17212057692813687
midas_rho0.6,8,28400.0,0.1747622849070467
midas_rho0.6,8,28700.0,0.1775109519076068
midas_rho0.6,8,29000.0,0.18032478491659276
midas_rho0.6,8,29300.0,0.18309378492995165
midas_rho0.6,8,29600.0,0.18587545191985555
midas_rho0.6,8,29900.0,0.18872482690494508
midas_rho0.6,8,30200.0,0.1914195769059006
midas_rho0.6,8,30500.0,0.1941967859165743
midas_rho0.6,8,30800.0,0.19710157791269012
midas_rho0.6,8,31100.0,0.2000010359333828
midas_rho0.6,8,31400.0,0.20284666091902182
midas_rho0.6,8,31700.0,0.2057676188996993
midas_rho0.6,8,32000.0,0.20888732688035816
midas_rho0.6,8,32300.0,0.21178174289525487
midas_rho0.6,8,32600.0,0.21483232590253465
midas_rho0.6,8,32900.0,0.21778420091141015
midas_rho0.6,8,33200.0,0.220956367906183
midas_rho0.6,8,33500.0,0.22404436790384352
midas_rho0.6,8,33800.0,0.2271671179041732
midas_rho0.6,8,34100.0,0.23021803490701132
midas_rho0.6,8,34400.0,0.23321845088503323
midas_rho0.6,8,34700.0,0.23635111688054167
midas_rho0.6,8,35000.0,0.239437408890808
midas_rho0.6,8,35300.0,0.24251790888956748
midas_rho0.6,8,35600.0,0.24567349290009588
midas_rho0.6,8,35900.0,0.2488409519137349
midas_rho0.6,8,36200.0,0.252003826899454
midas_rho0.6,8,36500.0,0.2551544939051382
midas_rho0.6,8,36800.0,0.2588931599166244
midas_rho0.6,8,37100.0,0.26203120092395693
midas_rho0.6,8,37400.0,0.2655416179331951
midas_rho0.6,8,37700.0,0.2687547429522965
midas_rho0.6,8,38000.0,0.2722830759594217
midas_rho0.6,8,38300.0,0.2757222849759273
midas_rho0.6,8,38600.0,0.27934399296646006
midas_rho0.6,8,38900.0,0.28351324299001135
midas_rho0.6,8,39200.0,0.2869317009754013
midas_rho0.6,8,39500.0,0.2900863259565085
midas_rho0.6,8,39800.0,0.2932198259513825
midas_rho0.6,8,40100.0,0.2963968679541722
midas_rho0.6,8,40400.0,0.2996680769720115
midas_rho0.6,8,40700.0,0.30287528497865424
midas_rho0.6,8,41000.0,0.30612770197330974
midas_rho0.6,8,41300.0,0.3095704099687282
midas_rho0.6,8,41600.0,0.31291890997090377
midas_rho0.6,8,41900.0,0.3163729929656256
midas_rho0.6,8,42200.0,0.3199469519604463
midas_rho0.6,8,42500.0,0.32330253496184014
midas_rho0.6,8,42800.0,0.3267456599860452
midas_rho0.6,8,43100.0,0.33012836799025536
midas_rho0.6,8,43400.0,0.333670827007154
midas_rho0.6,8,43700.0,0.3373710770101752
midas_rho0.6,8,44000.0,0.3407962440105621
midas_rho0.6,8,44300.0,0.34430220202193595
midas_rho0.6,8,44600.0,0.34785370202735066
midas_rho0.6,8,44900.0,0.3513992430525832
midas_rho0.6,8,45200.0,0.35495832705055363
midas_rho0.6,8,45500.0,0.35843891103286296
midas_rho0.6,8,45800.0,0.36191032800707035
midas_rho0.6,8,46100.0,0.3657184940238949
midas_rho0.6,8,46400.0,0.36952574402675964
midas_rho0.6,8,46700.0,0.3731824520218652
midas_rho0.6,8,47000.0,0.37692503503058106
midas_rho0.6,8,47300.0,0.38052049302496016
midas_rho0.6,8,47600.0,0.38419511800748296
midas_rho0.6,8,47900.0,0.3877714930276852
midas_rho0.6,8,48200.0,0.3916686180164106
midas_rho0.6,8,48500.0,0.3954974090156611
midas_rho0.6,8,48800.0,0.39981036802055314
midas_rho0.6,8,49100.0,0.4037448260060046
midas_rho0.6,8,49400.0,0.4090872430242598
midas_rho0.6,8,49700.0,0.41354086800129153
midas_rho0.6,8,50000.0,0.4188337850209791
midas_rho0.6,8,50300.0,0.42355220203171484
midas_rho0.6,8,50600.0,0.42841903504449874
midas_rho0.6,8,50900.0,0.4330829930549953
midas_rho0.6,8,51200.0,0.4369871600647457
midas_rho0.6,8,51500.0,0.44201145207625814
midas_rho0.6,8,51800.0,0.44738857707125135
midas_rho0.6,8,52100.0,0.451522827061126
midas_rho0.6,8,52400.0,0.4556147860712372
midas_rho0.6,8,52700.0,0.4599944520741701
midas_rho0.6,8,53000.0,0.4649227020854596
midas_rho0.6,8,53300.0,0.4695206190808676
midas_rho0.6,8,53600.0,0.4738153690996114
midas_rho0.6,8,53900.0,0.4786615780903958
midas_rho0.6,8,54200.0,0.48359174508368596
midas_rho0.6,8,54500.0,0.4876854950853158
midas_rho0.6,8,54800.0,0.4923316620697733
midas_rho0.6,8,55100.0,0.49672295307391323
midas_rho0.6,8,55400.0,0.5012563690543175
midas_rho0.6,8,55700.0,0.5056144110276364
midas_rho0.6,8,56000.0,0.510159827012103
midas_rho0.6,8,56300.0,0.514914369006874
midas_rho0.6,8,56600.0,0.5194170780014247
midas_rho0.6,8,56900.0,0.5238574529939797
midas_rho0.6,8,57200.0,0.5283803689817432
midas_rho0.6,8,57500.0,0.5329420349735301
midas_rho0.6,8,57800.0,0.5378276179835666
midas_rho0.6,8,58100.0,0.5425973679812159
midas_rho0.6,8,58400.0,0.5478487019718159
midas_rho0.6,8,58700.0,0.5519104109844193
midas_rho0.6,8,59000.0,0.5559103269770276
midas_rho0.6,8,59300.0,0.56038486896432
midas_rho0.6,8,59600.0,0.5652978689468
midas_rho0.6,8,59900.0,0.569923785951687
midas_rho0.6,8,60200.0,0.5746584939479362
midas_rho0.6,8,60500.0,0.5793999109300785
midas_rho0.6,8,60800.0,0.5841876199410763
midas_rho0.6,8,61100.0,0.588841035933001
midas_rho0.6,8,61400.0,0.5960971609165426
midas_rho0.6,8,61700.0,0.6008750359178521
midas_rho0.6,8,62000.0,0.6060521189356223
midas_rho0.6,9,2000.0,0.0021014169906266034
midas_rho0.6,9,2300.0,0.0031307919998653233
midas_rho0.6,9,2600.0,0.0046319579996634275
midas_rho0.6,9,2900.0,0.005983750015730038
midas_rho0.6,9,3200.0,0.007345125020947307
midas_rho0.6,9,3500.0,0.008796708018053323
midas_rho0.6,9,3800.0,0.01031237401184626
midas_rho0.6,9,4100.0,0.01175758201861754
midas_rho0.6,9,4400.0,0.013231291028205305
midas_rho0.6,9,4700.0,0.01474554103333503
midas_rho0.6,9,5000.0,0.01637341605965048
midas_rho0.6,9,5300.0,0.018597666057758033
midas_rho0.6,9,5600.0,0.02008629107149318
midas_rho0.6,9,5900.0,0.021461958065629005
midas_rho0.6,9,6200.0,0.022851417073979974
midas_rho0.6,9,6500.0,0.02423662508954294
midas_rho0.6,9,6800.0,0.02559516709879972
midas_rho0.6,9,7100.0,0.026963834097841755
midas_rho0.6,9,7400.0,0.028508667106507346
midas_rho0.6,9,7700.0,0.030294792115455493
midas_rho0.6,9,8000.0,0.031989000126486644
midas_rho0.6,9,8300.0,0.0336283331271261
midas_rho0.6,9,8600.0,0.03524945813114755
midas_rho0.6,9,8900.0,0.03691237512975931
midas_rho0.6,9,9200.0,0.038599333114689216
midas_rho0.6,9,9500.0,0.04040795812034048
midas_rho0.6,9,9800.0,0.04213970812270418
midas_rho0.6,9,10100.0,0.04396025012829341
midas_rho0.6,9,10400.0,0.04572604113491252
midas_rho0.6,9,10700.0,0.04790608215262182
midas_rho0.6,9,11000.0,0.05008066614391282
midas_rho0.6,9,11300.0,0.05226612414116971
midas_rho0.6,9,11600.0,0.05443629116052762
midas_rho0.6,9,11900.0,0.05672249916824512
midas_rho0.6,9,12200.0,0.058905790181597695
midas_rho0.6,9,12500.0,0.06112995618605055
midas_rho0.6,9,12800.0,0.06337153917411342
midas_rho0.6,9,13100.0,0.06573141418630257
midas_rho0.6,9,13400.0,0.06801987320068292
midas_rho0.6,9,13700.0,0.07017462319345213
midas_rho0.6,9,14000.0,0.07254462319542654
midas_rho0.6,9,14300.0,0.07491570618003607
midas_rho0.6,9,14600.0,0.07711833115899935
midas_rho0.6,9,14900.0,0.07962308116839267
midas_rho0.6,9,15200.0,0.08212199818808585
midas_rho0.6,9,15500.0,0.08443812318728305
midas_rho0.6,9,15800.0,0.08687387319514528
midas_rho0.6,9,16100.0,0.08944287319900468
midas_rho0.6,9,16400.0,0.09183604019926861
midas_rho0.6,9,16700.0,0.09425170719623566
midas_rho0.6,9,17000.0,0.09683724818751216
midas_rho0.6,9,17300.0,0.09930637318757363
midas_rho0.6,9,17600.0,0.10179541519028135
midas_rho0.6,9,17900.0,0.10428912419592962
midas_rho0.6,9,18200.0,0.10687199918902479
midas_rho0.6,9,18500.0,0.109483624168206
midas_rho0.6,9,18800.0,0.11205416615121067
midas_rho0.6,9,19100.0,0.11456941615324467
midas_rho0.6,9,19400.0,0.11715925016324036
midas_rho0.6,9,19700.0,0.11980870916158892
midas_rho0.6,9,20000.0,0.12248570917290635
midas_rho0.6,9,20300.0,0.12499712617136538
midas_rho0.6,9,20600.0,0.12749845918733627
midas_rho0.6,9,20900.0,0.13021100117475726
midas_rho0.6,9,21200.0,0.13283904318814166
midas_rho0.6,9,21500.0,0.13549100217642263
midas_rho0.6,9,21800.0,0.13823754418990575
midas_rho0.6,9,22100.0,0.14088883518707007
midas_rho0.6,9,22400.0,0.14352179417619482
midas_rho0.6,9,22700.0,0.14631500316318125
midas_rho0.6,9,23000.0,0.14900487815611996
midas_rho0.6,9,23300.0,0.1524140031542629
midas_rho0.6,9,23600.0,0.15493887814227492
midas_rho0.6,9,23900.0,0.15771029514144175
midas_rho0.6,9,24200.0,0.1603187111322768
midas_rho0.6,9,24500.0,0.16340933614992537
midas_rho0.6,9,24800.0,0.16598396113840863
midas_rho0.6,9,25100.0,0.16848496114835143
midas_rho0.6,9,25400.0,0.1711957531515509
midas_rho0.6,9,25700.0,0.1737987531523686
midas_rho0.6,9,26000.0,0.17644108715467155
midas_rho0.6,9,26300.0,0.17913521215086803
midas_rho0.6,9,26600.0,0.18185387816629373
midas_rho0.6,9,26900.0,0.18467667017830536
midas_rho0.6,9,27200.0,0.18782008715788834
midas_rho0.6,9,27500.0,0.1910495451593306
midas_rho0.6,9,27800.0,0.19374537817202508
midas_rho0.6,9,28100.0,0.19646150319022126
midas_rho0.6,9,28400.0,0.19925683620385826
midas_rho0.6,9,28700.0,0.20223050320055336
midas_rho0.6,9,29000.0,0.20512862820760347
midas_rho0.6,9,29300.0,0.2085051281901542
midas_rho0.6,9,29600.0,0.21153208721079864
midas_rho0.6,9,29900.0,0.2146965032152366
midas_rho0.6,9,30200.0,0.2191362951998599
midas_rho0.6,9,30500.0,0.22339354519499466
midas_rho0.6,9,30800.0,0.22716808720724657
midas_rho0.6,9,31100.0,0.23059033718891442
midas_rho0.6,9,31400.0,0.2338015041896142
midas_rho0.6,9,31700.0,0.23746337919146754
midas_rho0.6,9,32000.0,0.24073833820875734
midas_rho0.6,9,32300.0,0.24402104620821774
midas_rho0.6,9,32600.0,0.24721296320785768
midas_rho0.6,9,32900.0,0.25065600519883446
midas_rho0.6,9,33200.0,0.25390400522155687
midas_rho0.6,9,33500.0,0.25736558920471
midas_rho0.6,9,33800.0,0.26070850621908903
midas_rho0.6,9,34100.0,0.2639881312206853
midas_rho0.6,9,34400.0,0.26726100622909144
midas_rho0.6,9,34700.0,0.2709581722447183
midas_rho0.6,9,35000.0,0.27429908924386837
midas_rho0.6,9,35300.0,0.27783292226376943
midas_rho0.6,9,35600.0,0.2811662972671911
midas_rho0.6,9,35900.0,0.28642421326367185
midas_rho0.6,9,36200.0,0.2908441712788772
midas_rho0.6,9,36500.0,0.295904629281722
midas_rho0.6,9,36800.0,0.3006231702747755
midas_rho0.6,9,37100.0,0.3048272952728439
midas_rho0.6,9,37400.0,0.3089812532707583
midas_rho0.6,9,37700.0,0.31227633624803275
midas_rho0.6,9,38000.0,0.31695746126933955
midas_rho0.6,9,38300.0,0.3205084612418432
midas_rho0.6,9,38600.0,0.3241864202427678
midas_rho0.6,9,38900.0,0.32753625424811617
midas_rho0.6,9,39200.0,0.33087333824369125
midas_rho0.6,9,39500.0,0.33522975523374043
midas_rho0.6,9,39800.0,0.3392662962432951
midas_rho0.6,9,40100.0,0.34323121324996464
midas_rho0.6,9,40400.0,0.34690542123280466
midas_rho0.6,9,40700.0,0.35129992122529075
midas_rho0.6,9,41000.0,0.35563221320626326
midas_rho0.6,9,41300.0,0.3592673382081557
midas_rho0.6,9,41600.0,0.3627986302017234
midas_rho0.6,9,41900.0,0.36649763022433035
midas_rho0.6,9,42200.0,0.36998271322227083
midas_rho0.6,9,42500.0,0.3735718802199699
midas_rho0.6,9,42800.0,0.3772089642297942
midas_rho0.6,9,43100.0,0.38075067222234793
midas_rho0.6,9,43400.0,0.3843370472313836
midas_rho0.6,9,43700.0,0.38803629722679034
midas_rho0.6,9,44000.0,0.39150625522597693
midas_rho0.6,9,44300.0,0.3951030052267015
midas_rho0.6,9,44600.0,0.3987740892043803
midas_rho0.6,9,44900.0,0.4022428801981732
midas_rho0.6,9,45200.0,0.4058352141873911
midas_rho0.6,9,45500.0,0.40937071418738924
midas_rho0.6,9,45800.0,0.41429779716418125
midas_rho0.6,9,46100.0,0.4180240891582798
midas_rho0.6,9,46400.0,0.4220378801401239
midas_rho0.6,9,46700.0,0.4257807971443981
midas_rho0.6,9,47000.0,0.4294543811411131
midas_rho0.6,9,47300.0,0.43327350611798465
midas_rho0.6,9,47600.0,0.43701338113169186
midas_rho0.6,9,47900.0,0.4406366311304737
midas_rho0.6,9,48200.0,0.44446196415810846
midas_rho0.6,9,48500.0,0.448194214142859
midas_rho0.6,9,48800.0,0.45203750516520813
midas_rho0.6,9,49100.0,0.455778380157426
midas_rho0.6,9,49400.0,0.4595863391587045
midas_rho0.6,9,49700.0,0.4632887551560998
midas_rho0.6,9,50000.0,0.4671752141730394
midas_rho0.6,9,50300.0,0.47114313117344864
midas_rho0.6,9,50600.0,0.475994881184306
midas_rho0.6,9,50900.0,0.4802926721749827
midas_rho0.6,9,51200.0,0.48460975516354665
midas_rho0.6,9,51500.0,0.4888559641840402
midas_rho0.6,9,51800.0,0.49383996418328024
midas_rho0.6,9,52100.0,0.49936492316192016
midas_rho0.6,9,52400.0,0.5066991321509704
midas_rho0.6,9,52700.0,0.5126040071481839
midas_rho0.6,9,53000.0,0.5183976731495932
midas_rho0.6,9,53300.0,0.5244076321541797
midas_rho0.6,9,53600.0,0.5294203821686096
midas_rho0.6,9,53900.0,0.5341595071658958
midas_rho0.6,9,54200.0,0.5385589651705232
midas_rho0.6,9,54500.0,0.5429045481723733
midas_rho0.6,9,54800.0,0.5472028811927885
midas_rho0.6,9,55100.0,0.5515790481877048
midas_rho0.6,9,55400.0,0.5559340891777538
midas_rho0.6,9,55700.0,0.5602402981894556
midas_rho0.6,9,56000.0,0.5647125061950646
midas_rho0.6,9,56300.0,0.5691077561932616
midas_rho0.6,9,56600.0,0.5734205062035471
midas_rho0.6,9,56900.0,0.5778141312184744
midas_rho0.6,9,57200.0,0.5821638392226305
midas_rho0.6,9,57500.0,0.5866835472115781
midas_rho0.6,9,57800.0,0.5908838812028989
midas_rho0.6,9,58100.0,0.5952182562032249
midas_rho0.6,9,58400.0,0.6017090061795898
midas_rho0.6,9,58700.0,0.6078960481972899
midas_rho0.6,9,59000.0,0.613090507191373
midas_rho0.6,9,59300.0,0.6176039651909377
midas_rho0.6,9,59600.0,0.6218332561838906
midas_rho0.6,9,59900.0,0.625859298161231
midas_rho0.6,9,60200.0,0.6298554231761955
midas_rho0.6,9,60500.0,0.6341060481790919
midas_rho0.6,9,60800.0,0.6382522982021328
midas_rho0.6,9,61100.0,0.6424993402033579
midas_rho0.6,9,61400.0,0.6465376731939614
midas_rho0.6,9,61700.0,0.6514630061865319
midas_rho0.6,9,62000.0,0.6555650061927736
midas_rho0.75,10,2000.0,0.0014533749781548977
midas_rho0.75,10,2300.0,0.003365791984833777
midas_rho0.75,10,2600.0,0.00529825096600689
midas_rho0.75,10,2900.0,0.0072792929713614285
midas_rho0.75,10,3200.0,0.009312417969340459
midas_rho0.75,10,3500.0,0.011712042964063585
midas_rho0.75,10,3800.0,0.014250750944484025
midas_rho0.75,10,4100.0,0.01679695994243957
midas_rho0.75,10,4400.0,0.019387584936339408
midas_rho0.75,10,4700.0,0.022114418941782787
midas_rho0.75,10,5000.0,0.02516208594897762
midas_rho0.75,10,5300.0,0.028231710952240974
midas_rho0.75,10,5600.0,0.031496627954766154
midas_rho0.75,10,5900.0,0.03502075295546092
midas_rho0.75,10,6200.0,0.03836387797491625
midas_rho0.75,10,6500.0,0.04174083596444689
midas_rho0.75,10,6800.0,0.045535085984738544
midas_rho0.75,10,7100.0,0.04909875197336078
midas_rho0.75,10,7400.0,0.05277125196880661
midas_rho0.75,10,7700.0,0.05689262697705999
midas_rho0.75,10,8000.0,0.06278420999296941
midas_rho0.75,10,8300.0,0.06848183498368599
midas_rho0.75,10,8600.0,0.0741545429918915
midas_rho0.75,10,8900.0,0.08027220898657106
midas_rho0.75,10,9200.0,0.0861499170132447
midas_rho0.75,10,9500.0,0.09105412501958199
midas_rho0.75,10,9800.0,0.0966373750125058
midas_rho0.75,10,10100.0,0.10209954201127402
midas_rho0.75,10,10400.0,0.10737620902364142
midas_rho0.75,10,10700.0,0.1126464590197429
midas_rho0.75,10,11000.0,0.11787625099532306
midas_rho0.75,10,11300.0,0.12322162598138675
midas_rho0.75,10,11600.0,0.1287762099527754
midas_rho0.75,10,11900.0,0.1345985009393189
midas_rho0.75,10,12200.0,0.14006420993246138
midas_rho0.75,10,12500.0,0.14576441794633865
midas_rho0.75,10,12800.0,0.15120254294015467
midas_rho0.75,10,13100.0,0.1572480849281419
midas_rho0.75,10,13400.0,0.1626419179374352
midas_rho0.75,10,13700.0,0.1688172929279972
midas_rho0.75,10,14000.0,0.17487183393677697
midas_rho0.75,10,14300.0,0.18063895893283188
midas_rho0.75,10,14600.0,0.18708291693474166
midas_rho0.75,10,14900.0,0.19308050093241036
midas_rho0.75,10,15200.0,0.1995108759147115
midas_rho0.75,10,15500.0,0.2057870009157341
midas_rho0.75,10,15800.0,0.21235979191260412
midas_rho0.75,10,16100.0,0.2201543759147171
midas_rho0.75,10,16400.0,0.22766912591760047
midas_rho0.75,10,16700.0,0.23529537589638494
midas_rho0.75,10,17000.0,0.24295779288513586
midas_rho0.75,10,17300.0,0.2515340428799391
midas_rho0.75,10,17600.0,0.2600771678844467
midas_rho0.75,10,17900.0,0.26883745988016017
midas_rho0.75,10,18200.0,0.27765191887738183
midas_rho0.75,10,18500.0,0.28695266888826154
midas_rho0.75,10,18800.0,0.2963983778900001
midas_rho0.75,10,19100.0,0.30531866988167167
midas_rho0.75,10,19400.0,0.3145760868792422
midas_rho0.75,10,19700.0,0.32432512889499776
midas_rho0.75,10,20000.0,0.3339701709046494
midas_rho0.75,10,20300.0,0.3434772129112389
midas_rho0.75,10,20600.0,0.35354262992041185
midas_rho0.75,10,20900.0,0.3639193379203789
midas_rho0.75,10,21200.0,0.3739216719113756
midas_rho0.75,10,21500.0,0.38386846290086396
midas_rho0.75,10,21800.0,0.3939517958788201
midas_rho0.75,10,22100.0,0.4037802958919201
midas_rho0.75,10,22400.0,0.413478920905618
midas_rho0.75,10,22700.0,0.42364071193151176
midas_rho0.75,10,23000.0,0.43373304590932094
midas_rho0.75,10,23300.0,0.4437500459025614
midas_rho0.75,10,23600.0,0.4539369629055727
midas_rho0.75,10,23900.0,0.4638954628899228
midas_rho0.75,10,24200.0,0.4738407128897961
midas_rho0.75,10,24500.0,0.4838626288983505
midas_rho0.75,10,24800.0,0.4939456288993824
midas_rho0.75,10,25100.0,0.5039761289081071
midas_rho0.75,10,25400.0,0.5141220879158936
midas_rho0.75,10,25700.0,0.5244576299155597
midas_rho0.75,10,26000.0,0.5348802549415268
midas_rho0.75,10,26300.0,0.5456526299531106
midas_rho0.75,10,26600.0,0.5557110889349133
midas_rho0.75,10,26900.0,0.5660098389198538
midas_rho0.75,10,27200.0,0.5762055469385814
midas_rho0.75,10,27500.0,0.5895715469378047
midas_rho0.75,10,27800.0,0.6017123379278928
midas_rho0.75,10,28100.0,0.6153865469386801
midas_rho0.75,10,28400.0,0.6286392139445525
midas_rho0.75,10,28700.0,0.6411759639449883
midas_rho0.75,10,29000.0,0.6533132969634607
midas_rho0.75,10,29300.0,0.6655066719686147
midas_rho0.75,10,29600.0,0.6777350889751688
midas_rho0.75,10,29900.0,0.6896663389634341
midas_rho0.75,10,30200.0,0.7013870889786631
midas_rho0.75,10,30500.0,0.7150309219723567
midas_rho0.75,10,30800.0,0.727583212981699
midas_rho0.75,10,31100.0,0.7397126709693111
midas_rho0.75,10,31400.0,0.7519599209772423
midas_rho0.75,10,31700.0,0.7646702129859477
midas_rho0.75,10,32000.0,0.7771748789818957
midas_rho0.75,10,32300.0,0.7889195869793184
midas_rho0.75,10,32600.0,0.8032561279833317
midas_rho0.75,10,32900.0,0.8168883779726457
midas_rho0.75,10,33200.0,0.8303509189863689
midas_rho0.75,10,33500.0,0.8439263769832905
midas_rho0.75,10,33800.0,0.8574390849971678
midas_rho0.75,10,34100.0,0.8704001680016518
midas_rho0.75,10,34400.0,0.8827816679840907
midas_rho0.75,10,34700.0,0.895227167988196
midas_rho0.75,10,35000.0,0.9074229179823305
midas_rho0.75,10,35300.0,0.9198044589720666
midas_rho0.75,10,35600.0,0.9325220419559628
midas_rho0.75,10,35900.0,0.9447443759709131
midas_rho0.75,10,36200.0,0.9577413339866325
midas_rho0.75,10,36500.0,0.977357541967649
midas_rho0.75,10,36800.0,0.9909244589798618
midas_rho0.75,10,37100.0,1.0044550839811563
midas_rho0.75,10,37400.0,1.0236133339640219
midas_rho0.75,10,37700.0,1.0426950009714346
midas_rho0.75,10,38000.0,1.0556497929501347
midas_rho0.75,10,38300.0,1.0734105429728515
midas_rho0.75,10,38600.0,1.0866415429918561
midas_rho0.75,10,38900.0,1.099479960015742
midas_rho0.75,10,39200.0,1.111758043000009
midas_rho0.75,10,39500.0,1.1240331270091701
midas_rho0.75,10,39800.0,1.1366281690134201
midas_rho0.75,10,40100.0,1.1490991270402446
midas_rho0.75,10,40400.0,1.1614484600431751
midas_rho0.75,10,40700.0,1.1738822100451216
midas_rho0.75,10,41000.0,1.1864486270642374
midas_rho0.75,10,41300.0,1.1991152520640753
midas_rho0.75,10,41600.0,1.2120076270366553
midas_rho0.75,10,41900.0,1.224725168023724
midas_rho0.75,10,42200.0,1.237716084026033
midas_rho0.75,10,42500.0,1.2507867090462241
midas_rho0.75,10,42800.0,1.265569959039567
midas_rho0.75,10,43100.0,1.2814585420419462
midas_rho0.75,10,43400.0,1.3005076670378912
midas_rho0.75,10,43700.0,1.3163267080381047
midas_rho0.75,10,44000.0,1.3293088740319945
midas_rho0.75,10,44300.0,1.341988749045413
midas_rho0.75,10,44600.0,1.3579519990307745
midas_rho0.75,10,44900.0,1.373877665027976
midas_rho0.75,10,45200.0,1.3895408320531715
midas_rho0.75,10,45500.0,1.4054719160485547
midas_rho0.75,10,45800.0,1.4238832080445718
midas_rho0.75,10,46100.0,1.4416607500461396
midas_rho0.75,10,46400.0,1.4604724580422044
midas_rho0.75,10,46700.0,1.4785025830497034
midas_rho0.75,10,47000.0,1.4957869990321342
midas_rho0.75,10,47300.0,1.5192711650161073
midas_rho0.75,10,47600.0,1.5382418740191497
midas_rho0.75,10,47900.0,1.5548355400387663
midas_rho0.75,10,48200.0,1.5701087490597274
midas_rho0.75,10,48500.0,1.5859105830604676
midas_rho0.75,10,48800.0,1.5997859990457073
midas_rho0.75,10,49100.0,1.6139931650250219
midas_rho0.75,10,49400.0,1.6284636240452528
midas_rho0.75,10,49700.0,1.6424985820194706
midas_rho0.75,10,50000.0,1.6565229980042204
midas_rho0.75,10,50300.0,1.6706179979955778
midas_rho0.75,10,50600.0,1.6851069139956962
midas_rho0.75,10,50900.0,1.6992680389957968
midas_rho0.75,10,51200.0,1.7128800810023677
midas_rho0.75,10,51500.0,1.7271419140161015
midas_rho0.75,10,51800.0,1.7412406640069094
midas_rho0.75,10,52100.0,1.7552665389957838
midas_rho0.75,10,52400.0,1.7692528309999034
midas_rho0.75,10,52700.0,1.7837284970155451
midas_rho0.75,10,53000.0,1.8025860390043817
midas_rho0.75,10,53300.0,1.820330789021682
midas_rho0.75,10,53600.0,1.8379272890160792
midas_rho0.75,10,53900.0,1.8554802480211947
midas_rho0.75,10,54200.0,1.8769889560062438
midas_rho0.75,10,54500.0,1.8974787470069714
midas_rho0.75,10,54800.0,1.9144383300154004
midas_rho0.75,10,55100.0,1.9314169960271101
midas_rho0.75,10,55400.0,1.9479073300317395
midas_rho0.75,10,55700.0,1.9647007470193785
midas_rho0.75,10,56000.0,1.9816249970172066
midas_rho0.75,10,56300.0,2.003312539018225
midas_rho0.75,10,56600.0,2.024449996999465
midas_rho0.75,10,56900.0,2.0516079970111605
midas_rho0.75,10,57200.0,2.0776106220146175
midas_rho0.75,10,57500.0,2.0994922470126767
midas_rho0.75,10,57800.0,2.123533706035232
midas_rho0.75,10,58100.0,2.1425882470502984
midas_rho0.75,10,58400.0,2.1682945810316596
midas_rho0.75,10,58700.0,2.1909671230241656
midas_rho0.75,10,59000.0,2.2128499150276184
midas_rho0.75,10,59300.0,2.233639831014443
midas_rho0.75,10,59600.0,2.2537589140119962
midas_rho0.75,10,59900.0,2.2734561639954336
midas_rho0.75,10,60200.0,2.2919962480082177
midas_rho0.75,10,60500.0,2.310679998015985
midas_rho0.75,10,60800.0,2.328188040002715
midas_rho0.75,10,61100.0,2.3452632070111576
midas_rho0.75,10,61400.0,2.366691372997593
midas_rho0.75,10,61700.0,2.385537830996327
midas_rho0.75,10,62000.0,2.403743955976097
midas_rho0.75,11,2000.0,0.0015779999957885593
midas_rho0.75,11,2300.0,0.0034553330042399466
midas_rho0.75,11,2600.0,0.005293499998515472
midas_rho0.75,11,2900.0,0.0072992920177057385
midas_rho0.75,11,3200.0,0.009411000006366521
midas_rho0.75,11,3500.0,0.011583917017560452
midas_rho0.75,11,3800.0,0.013883500010706484
midas_rho0.75,11,4100.0,0.016489417001139373
midas_rho0.75,11,4400.0,0.01916749999509193
midas_rho0.75,11,4700.0,0.02164650001213886
midas_rho0.75,11,5000.0,0.024624625017168
midas_rho0.75,11,5300.0,0.02743654203368351
midas_rho0.75,11,5600.0,0.030353459034813568
midas_rho0.75,11,5900.0,0.03336408402537927
midas_rho0.75,11,6200.0,0.03645395900821313
midas_rho0.75,11,6500.0,0.039838208991568536
midas_rho0.75,11,6800.0,0.04332908400101587
midas_rho0.75,11,7100.0,0.04696725099347532
midas_rho0.75,11,7400.0,0.05083441798342392
midas_rho0.75,11,7700.0,0.05483783400268294
midas_rho0.75,11,8000.0,0.05882720899535343
midas_rho0.75,11,8300.0,0.06283483398146927
midas_rho0.75,11,8600.0,0.06704787598573603
midas_rho0.75,11,8900.0,0.07130325099569745
midas_rho0.75,11,9200.0,0.07544941699597985
midas_rho0.75,11,9500.0,0.07975075097056106
midas_rho0.75,11,9800.0,0.08431333396583796
midas_rho0.75,11,10100.0,0.0892869999515824
midas_rho0.75,11,10400.0,0.09426124996389262
midas_rho0.75,11,10700.0,0.09980254096444696
midas_rho0.75,11,11000.0,0.105368873977568
midas_rho0.75,11,11300.0,0.11094829099602066
midas_rho0.75,11,11600.0,0.11671487399144098
midas_rho0.75,11,11900.0,0.12311537397908978
midas_rho0.75,11,12200.0,0.12966012398828752
midas_rho0.75,11,12500.0,0.13542195697664283
midas_rho0.75,11,12800.0,0.14057216598303057
midas_rho0.75,11,13100.0,0.14612958297948353
midas_rho0.75,11,13400.0,0.1514339999994263
midas_rho0.75,11,13700.0,0.15710650000255555
midas_rho0.75,11,14000.0,0.16262729198206216
midas_rho0.75,11,14300.0,0.16835949997766875
midas_rho0.75,11,14600.0,0.17392304199165665
midas_rho0.75,11,14900.0,0.17954691697377712
midas_rho0.75,11,15200.0,0.18863016698742285
midas_rho0.75,11,15500.0,0.19530420898809098
midas_rho0.75,11,15800.0,0.20222758396994323
midas_rho0.75,11,16100.0,0.2092669589619618
midas_rho0.75,11,16400.0,0.21625041696825065
midas_rho0.75,11,16700.0,0.22336062596878037
midas_rho0.75,11,17000.0,0.23060583395999856
midas_rho0.75,11,17300.0,0.23781225096900016
midas_rho0.75,11,17600.0,0.24485629296395928
midas_rho0.75,11,17900.0,0.25201400194782764
midas_rho0.75,11,18200.0,0.25958204295602627
midas_rho0.75,11,18500.0,0.2706918769690674
midas_rho0.75,11,18800.0,0.28001445994595997
midas_rho0.75,11,19100.0,0.2893687519535888
midas_rho0.75,11,19400.0,0.29803704397636466
midas_rho0.75,11,19700.0,0.30673741895589046
midas_rho0.75,11,20000.0,0.3153781279688701
midas_rho0.75,11,20300.0,0.3236273779766634
midas_rho0.75,11,20600.0,0.33174612798029557
midas_rho0.75,11,20900.0,0.34001196196186356
midas_rho0.75,11,21200.0,0.35101296196808107
midas_rho0.75,11,21500.0,0.36431896197609603
midas_rho0.75,11,21800.0,0.3726945869566407
midas_rho0.75,11,22100.0,0.38100408695754595
midas_rho0.75,11,22400.0,0.3919516279711388
midas_rho0.75,11,22700.0,0.40464737795991823
midas_rho0.75,11,23000.0,0.4217704609618522
midas_rho0.75,11,23300.0,0.43587400295655243
midas_rho0.75,11,23600.0,0.45802891996572725
midas_rho0.75,11,23900.0,0.474076003942173
midas_rho0.75,11,24200.0,0.4893844619509764
midas_rho0.75,11,24500.0,0.5026359619514551
midas_rho0.75,11,24800.0,0.5142630449554417
midas_rho0.75,11,25100.0,0.5248570449475665
midas_rho0.75,11,25400.0,0.5358416279486846
midas_rho0.75,11,25700.0,0.5472573779406957
midas_rho0.75,11,26000.0,0.5589488359401003
midas_rho0.75,11,26300.0,0.5693290449271444
midas_rho0.75,11,26600.0,0.5791036289301701
midas_rho0.75,11,26900.0,0.5891835039074067
midas_rho0.75,11,27200.0,0.5989975459233392
midas_rho0.75,11,27500.0,0.6086839629278984
midas_rho0.75,11,27800.0,0.6183930469269399
midas_rho0.75,11,28100.0,0.6277175889408682
midas_rho0.75,11,28400.0,0.6371870469301939
midas_rho0.75,11,28700.0,0.646881421940634
midas_rho0.75,11,29000.0,0.6565265889512375
midas_rho0.75,11,29300.0,0.6663210889673792
midas_rho0.75,11,29600.0,0.6763662549492437
midas_rho0.75,11,29900.0,0.6861972969491035
midas_rho0.75,11,30200.0,0.6962221719441004
midas_rho0.75,11,30500.0,0.7062745879520662
midas_rho0.75,11,30800.0,0.7164892549626529
midas_rho0.75,11,31100.0,0.7264061719470192
midas_rho0.75,11,31400.0,0.7365141299378593
midas_rho0.75,11,31700.0,0.7467624639393762
midas_rho0.75,11,32000.0,0.7570263809466269
midas_rho0.75,11,32300.0,0.7671735059411731
midas_rho0.75,11,32600.0,0.777604464936303
midas_rho0.75,11,32900.0,0.7879243819334079
midas_rho0.75,11,33200.0,0.7984402569418307
midas_rho0.75,11,33500.0,0.8092713399382774
midas_rho0.75,11,33800.0,0.8198031309293583
midas_rho0.75,11,34100.0,0.83041896490613
midas_rho0.75,11,34400.0,0.8412719229236245
midas_rho0.75,11,34700.0,0.8521532149170525
midas_rho0.75,11,35000.0,0.8629523399285972
midas_rho0.75,11,35300.0,0.8741930059331935
midas_rho0.75,11,35600.0,0.8855343809409533
midas_rho0.75,11,35900.0,0.9009029649605509
midas_rho0.75,11,36200.0,0.9141337559558451
midas_rho0.75,11,36500.0,0.9272746309579816
midas_rho0.75,11,36800.0,0.9403685059514828
midas_rho0.75,11,37100.0,0.9532976729678921
midas_rho0.75,11,37400.0,0.9663573809666559
midas_rho0.75,11,37700.0,0.9843700899509713
midas_rho0.75,11,38000.0,0.9987076309625991
midas_rho0.75,11,38300.0,1.0132265889842529
midas_rho0.75,11,38600.0,1.0272176309663337
midas_rho0.75,11,38900.0,1.0405529639683664
midas_rho0.75,11,39200.0,1.0533713389595505
midas_rho0.75,11,39500.0,1.0669926309783477
midas_rho0.75,11,39800.0,1.0806231719616335
midas_rho0.75,11,40100.0,1.0985398379561957
midas_rho0.75,11,40400.0,1.1169131299539004
midas_rho0.75,11,40700.0,1.135550295963185
midas_rho0.75,11,41000.0,1.152724336949177
midas_rho0.75,11,41300.0,1.1696391699369997
midas_rho0.75,11,41600.0,1.1863241699174978
midas_rho0.75,11,41900.0,1.2022624199453276
midas_rho0.75,11,42200.0,1.2178797529195435
midas_rho0.75,11,42500.0,1.2335168779245578
midas_rho0.75,11,42800.0,1.2489644609449897
midas_rho0.75,11,43100.0,1.2638997109315824
midas_rho0.75,11,43400.0,1.278721501934342
midas_rho0.75,11,43700.0,1.2933183349086903
midas_rho0.75,11,44000.0,1.3081882099213544
midas_rho0.75,11,44300.0,1.3230225439183414
midas_rho0.75,11,44600.0,1.338490377907874
midas_rho0.75,11,44900.0,1.353659836895531
midas_rho0.75,11,45200.0,1.36832350390614
midas_rho0.75,11,45500.0,1.3833900869067293
midas_rho0.75,11,45800.0,1.401621752884239
midas_rho0.75,11,46100.0,1.4173307949095033
midas_rho0.75,11,46400.0,1.432786294928519
midas_rho0.75,11,46700.0,1.4486667529272381
midas_rho0.75,11,47000.0,1.4639152109157294
midas_rho0.75,11,47300.0,1.4814607109001372
midas_rho0.75,11,47600.0,1.4978557949070819
midas_rho0.75,11,47900.0,1.5131783789256588
midas_rho0.75,11,48200.0,1.527999753918266
midas_rho0.75,11,48500.0,1.5448923379008193
midas_rho0.75,11,48800.0,1.56134354689857
midas_rho0.75,11,49100.0,1.5775673808821011
midas_rho0.75,11,49400.0,1.5927907978766598
midas_rho0.75,11,49700.0,1.6089058808865957
midas_rho0.75,11,50000.0,1.6236924638797063
midas_rho0.75,11,50300.0,1.6398882968933322
midas_rho0.75,11,50600.0,1.656786629871931
midas_rho0.75,11,50900.0,1.6727948798506986
midas_rho0.75,11,51200.0,1.6882906708633527
midas_rho0.75,11,51500.0,1.7042620038846508
midas_rho0.75,11,51800.0,1.7196609208767768
midas_rho0.75,11,52100.0,1.7352619628654793
midas_rho0.75,11,52400.0,1.75057996288524
midas_rho0.75,11,52700.0,1.7660077548935078
midas_rho0.75,11,53000.0,1.7811065879068337
midas_rho0.75,11,53300.0,1.7976052539015654
midas_rho0.75,11,53600.0,1.8132888368854765
midas_rho0.75,11,53900.0,1.828700544894673
midas_rho0.75,11,54200.0,1.847758419899037
midas_rho0.75,11,54500.0,1.8666333369037602
midas_rho0.75,11,54800.0,1.890703294891864
midas_rho0.75,11,55100.0,1.9137029619014356
midas_rho0.75,11,55400.0,1.9341463369200937
midas_rho0.75,11,55700.0,1.949726378894411
midas_rho0.75,11,56000.0,1.970653670898173
midas_rho0.75,11,56300.0,1.9924092958972324
midas_rho0.75,11,56600.0,2.0127020039071795
midas_rho0.75,11,56900.0,2.0336178369179834
midas_rho0.75,11,57200.0,2.053708503895905
midas_rho0.75,11,57500.0,2.06985787890153
midas_rho0.75,11,57800.0,2.085359128919663
midas_rho0.75,11,58100.0,2.1017189199046697
midas_rho0.75,11,58400.0,2.118468336906517
midas_rho0.75,11,58700.0,2.135028878925368
midas_rho0.75,11,59000.0,2.152281461923849
midas_rho0.75,11,59300.0,2.169707294931868
midas_rho0.75,11,59600.0,2.186201211938169
midas_rho0.75,11,59900.0,2.202953503932804
midas_rho0.75,11,60200.0,2.2239622539200354
midas_rho0.75,11,60500.0,2.2418660459225066
midas_rho0.75,11,60800.0,2.2587540039385203
midas_rho0.75,11,61100.0,2.2830930869386066
midas_rho0.75,11,61400.0,2.310064628953114
midas_rho0.75,11,61700.0,2.3311943369626533
midas_rho0.75,11,62000.0,2.3490340449498035
midas_rho0.75,12,2000.0,0.0015658749907743186
midas_rho0.75,12,2300.0,0.006177083007059991
midas_rho0.75,12,2600.0,0.009532583004329354
midas_rho0.75,12,2900.0,0.01280233298894018
midas_rho0.75,12,3200.0,0.016177124984096736
midas_rho0.75,12,3500.0,0.020848332991590723
midas_rho0.75,12,3800.0,0.02697458301554434
midas_rho0.75,12,4100.0,0.03222858300432563
midas_rho0.75,12,4400.0,0.0378728749928996
midas_rho0.75,12,4700.0,0.04403887499938719
midas_rho0.75,12,5000.0,0.04987558402353898
midas_rho0.75,12,5300.0,0.054722625005524606
midas_rho0.75,12,5600.0,0.05810566700529307
midas_rho0.75,12,5900.0,0.06410958402557299
midas_rho0.75,12,6200.0,0.07063787602237426
midas_rho0.75,12,6500.0,0.07551962602883577
midas_rho0.75,12,6800.0,0.08096400104113854
midas_rho0.75,12,7100.0,0.08661304204724729
midas_rho0.75,12,7400.0,0.0926115000329446
midas_rho0.75,12,7700.0,0.09908087502117269
midas_rho0.75,12,8000.0,0.10510558300302364
midas_rho0.75,12,8300.0,0.11121887399349362
midas_rho0.75,12,8600.0,0.11724329099524766
midas_rho0.75,12,8900.0,0.12619741598609835
midas_rho0.75,12,9200.0,0.13375495697255246
midas_rho0.75,12,9500.0,0.14061416499316692
midas_rho0.75,12,9800.0,0.1485247899836395
midas_rho0.75,12,10100.0,0.15514941498986445
midas_rho0.75,12,10400.0,0.16349803999764845
midas_rho0.75,12,10700.0,0.17115212298813276
midas_rho0.75,12,11000.0,0.17876266498933546
midas_rho0.75,12,11300.0,0.18614724799408577
midas_rho0.75,12,11600.0,0.19387720598024316
midas_rho0.75,12,11900.0,0.20154816398280673
midas_rho0.75,12,12200.0,0.20930049699381925
midas_rho0.75,12,12500.0,0.21698920501512475
midas_rho0.75,12,12800.0,0.22471937100635841
midas_rho0.75,12,13100.0,0.23332966302405111
midas_rho0.75,12,13400.0,0.24095249702804722
midas_rho0.75,12,13700.0,0.2478377050429117
midas_rho0.75,12,14000.0,0.2568010800459888
midas_rho0.75,12,14300.0,0.2661913300398737
midas_rho0.75,12,14600.0,0.27478041301947087
midas_rho0.75,12,14900.0,0.2842922040435951
midas_rho0.75,12,15200.0,0.29279820402734913
midas_rho0.75,12,15500.0,0.30194991204189137
midas_rho0.75,12,15800.0,0.30941091204294935
midas_rho0.75,12,16100.0,0.3174467870267108
midas_rho0.75,12,16400.0,0.32539607904618606
midas_rho0.75,12,16700.0,0.33352903806371614
midas_rho0.75,12,17000.0,0.3413376630633138
midas_rho0.75,12,17300.0,0.3491953300544992
midas_rho0.75,12,17600.0,0.3568942880665418
midas_rho0.75,12,17900.0,0.36496699607232586
midas_rho0.75,12,18200.0,0.37294482908328064
midas_rho0.75,12,18500.0,0.38082253708853386
midas_rho0.75,12,18800.0,0.38897191209252924
midas_rho0.75,12,19100.0,0.39687128708465025
midas_rho0.75,12,19400.0,0.40458195310202427
midas_rho0.75,12,19700.0,0.4123987451021094
midas_rho0.75,12,20000.0,0.4202638700953685
midas_rho0.75,12,20300.0,0.42819562007207423
midas_rho0.75,12,20600.0,0.4359136200801004
midas_rho0.75,12,20900.0,0.44399282909580506
midas_rho0.75,12,21200.0,0.4524949120823294
midas_rho0.75,12,21500.0,0.46092103709816
midas_rho0.75,12,21800.0,0.47126674611354247
midas_rho0.75,12,22100.0,0.480540371092502
midas_rho0.75,12,22400.0,0.4919412460876629
midas_rho0.75,12,22700.0,0.5012223710655235
midas_rho0.75,12,23000.0,0.5102416210575029
midas_rho0.75,12,23300.0,0.5197559960652143
midas_rho0.75,12,23600.0,0.5325627460551914
midas_rho0.75,12,23900.0,0.5481937050644774
midas_rho0.75,12,24200.0,0.5619458720611874
midas_rho0.75,12,24500.0,0.5763095810543746
midas_rho0.75,12,24800.0,0.5934253310551867
midas_rho0.75,12,25100.0,0.6079475390724838
midas_rho0.75,12,25400.0,0.6229561220679898
midas_rho0.75,12,25700.0,0.6361248310422525
midas_rho0.75,12,26000.0,0.6485389560402837
midas_rho0.75,12,26300.0,0.661233164020814
midas_rho0.75,12,26600.0,0.6729638730175793
midas_rho0.75,12,26900.0,0.6845887060335372
midas_rho0.75,12,27200.0,0.6963044560397975
midas_rho0.75,12,27500.0,0.7079248310183175
midas_rho0.75,12,27800.0,0.7198742060281802
midas_rho0.75,12,28100.0,0.7314654560177587
midas_rho0.75,12,28400.0,0.742977623041952
midas_rho0.75,12,28700.0,0.7541433310252614
midas_rho0.75,12,29000.0,0.7651255390082952
midas_rho0.75,12,29300.0,0.7759552889910992
midas_rho0.75,12,29600.0,0.7869712059909943
midas_rho0.75,12,29900.0,0.7976592469785828
midas_rho0.75,12,30200.0,0.8085786629817449
midas_rho0.75,12,30500.0,0.8194646629854105
midas_rho0.75,12,30800.0,0.8306774550001137
midas_rho0.75,12,31100.0,0.8418230390234385
midas_rho0.75,12,31400.0,0.8531264970079064
midas_rho0.75,12,31700.0,0.8642127470229752
midas_rho0.75,12,32000.0,0.8755939140100963
midas_rho0.75,12,32300.0,0.8866288300196175
midas_rho0.75,12,32600.0,0.8979492470098194
midas_rho0.75,12,32900.0,0.9093822890135925
midas_rho0.75,12,33200.0,0.9207395809935406
midas_rho0.75,12,33500.0,0.9321337889996357
midas_rho0.75,12,33800.0,0.9433081640163437
midas_rho0.75,12,34100.0,0.9545692480169237
midas_rho0.75,12,34400.0,0.9658572059997823
midas_rho0.75,12,34700.0,0.9772773719741963
midas_rho0.75,12,35000.0,0.9885429129644763
midas_rho0.75,12,35300.0,1.000043495965656
midas_rho0.75,12,35600.0,1.0115298709715717
midas_rho0.75,12,35900.0,1.0234709549695253
midas_rho0.75,12,36200.0,1.034825621987693
midas_rho0.75,12,36500.0,1.0461381629866082
midas_rho0.75,12,36800.0,1.0585514539852738
midas_rho0.75,12,37100.0,1.0748608709836844
midas_rho0.75,12,37400.0,1.090495453972835
midas_rho0.75,12,37700.0,1.106254911981523
midas_rho0.75,12,38000.0,1.1221478289808147
midas_rho0.75,12,38300.0,1.1380952459876426
midas_rho0.75,12,38600.0,1.1534687879902776
midas_rho0.75,12,38900.0,1.1689759970176965
midas_rho0.75,12,39200.0,1.1835522050096188
midas_rho0.75,12,39500.0,1.1976803299912717
midas_rho0.75,12,39800.0,1.2138761639944278
midas_rho0.75,12,40100.0,1.2302414559817407
midas_rho0.75,12,40400.0,1.2463619559712242
midas_rho0.75,12,40700.0,1.2624417889746837
midas_rho0.75,12,41000.0,1.27844920597272
midas_rho0.75,12,41300.0,1.2946811649599113
midas_rho0.75,12,41600.0,1.311319789965637
midas_rho0.75,12,41900.0,1.3274262059421744
midas_rho0.75,12,42200.0,1.3428245399554726
midas_rho0.75,12,42500.0,1.3593778309586924
midas_rho0.75,12,42800.0,1.374773038958665
midas_rho0.75,12,43100.0,1.3900327469455078
midas_rho0.75,12,43400.0,1.4049942889250815
midas_rho0.75,12,43700.0,1.4199484969431069
midas_rho0.75,12,44000.0,1.4345420389436185
midas_rho0.75,12,44300.0,1.4489259139518254
midas_rho0.75,12,44600.0,1.4636656639631838
midas_rho0.75,12,44900.0,1.4819635389430914
midas_rho0.75,12,45200.0,1.5028390389634296
midas_rho0.75,12,45500.0,1.5236943719501141
midas_rho0.75,12,45800.0,1.5440241639444139
midas_rho0.75,12,46100.0,1.5628872889501508
midas_rho0.75,12,46400.0,1.5818268719594926
midas_rho0.75,12,46700.0,1.600573038944276
midas_rho0.75,12,47000.0,1.6154353299643844
midas_rho0.75,12,47300.0,1.636680413968861
midas_rho0.75,12,47600.0,1.6556866639584769
midas_rho0.75,12,47900.0,1.6748767059470993
midas_rho0.75,12,48200.0,1.692594913969515
midas_rho0.75,12,48500.0,1.7148200389638077
midas_rho0.75,12,48800.0,1.735094871954061
midas_rho0.75,12,49100.0,1.7524700809444766
midas_rho0.75,12,49400.0,1.768924038944533
midas_rho0.75,12,49700.0,1.78529287193669
midas_rho0.75,12,50000.0,1.8011922469304409
midas_rho0.75,12,50300.0,1.8174049549270421
midas_rho0.75,12,50600.0,1.8332287049270235
midas_rho0.75,12,50900.0,1.8486490799405146
midas_rho0.75,12,51200.0,1.8689980799390469
midas_rho0.75,12,51500.0,1.884401787945535
midas_rho0.75,12,51800.0,1.8994110799394548
midas_rho0.75,12,52100.0,1.9149021209450439
midas_rho0.75,12,52400.0,1.930226745957043
midas_rho0.75,12,52700.0,1.9457957879640162
midas_rho0.75,12,53000.0,1.9611935799766798
midas_rho0.75,12,53300.0,1.9768602879776154
midas_rho0.75,12,53600.0,1.9923704539833125
midas_rho0.75,12,53900.0,2.0075021209777333
midas_rho0.75,12,54200.0,2.023844911978813
midas_rho0.75,12,54500.0,2.041179245978128
midas_rho0.75,12,54800.0,2.062731495971093
midas_rho0.75,12,55100.0,2.0864774129877333
midas_rho0.75,12,55400.0,2.104948495980352
midas_rho0.75,12,55700.0,2.123777953995159
midas_rho0.75,12,56000.0,2.1426833289733622
midas_rho0.75,12,56300.0,2.1612260369583964
midas_rho0.75,12,56600.0,2.1792801619740203
midas_rho0.75,12,56900.0,2.201401495956816
midas_rho0.75,12,57200.0,2.2173250789637677
midas_rho0.75,12,57500.0,2.2332934539590497
midas_rho0.75,12,57800.0,2.2497252459579613
midas_rho0.75,12,58100.0,2.2666369129437953
midas_rho0.75,12,58400.0,2.2834311629412696
midas_rho0.75,12,58700.0,2.304399370943429
midas_rho0.75,12,59000.0,2.3253237039607484
midas_rho0.75,12,59300.0,2.3459243289544247
midas_rho0.75,12,59600.0,2.3655626619583927
midas_rho0.75,12,59900.0,2.3841339119535405
midas_rho0.75,12,60200.0,2.402490661945194
midas_rho0.75,12,60500.0,2.421011661965167
midas_rho0.75,12,60800.0,2.43938299495494
midas_rho0.75,12,61100.0,2.4576122029684484
midas_rho0.75,12,61400.0,2.4757319529599044
midas_rho0.75,12,61700.0,2.493562868970912
midas_rho0.75,12,62000.0,2.511821409978438
midas_rho0.75,13,2000.0,0.0014345830131787807
midas_rho0.75,13,2300.0,0.0034898330341093242
midas_rho0.75,13,2600.0,0.005236749042524025
midas_rho0.75,13,2900.0,0.00706724904011935
midas_rho0.75,13,3200.0,0.00900841603288427
midas_rho0.75,13,3500.0,0.01113816603901796
midas_rho0.75,13,3800.0,0.0133070410520304
midas_rho0.75,13,4100.0,0.015603791049215943
midas_rho0.75,13,4400.0,0.017921374063007534
midas_rho0.75,13,4700.0,0.02042216606787406
midas_rho0.75,13,5000.0,0.023491124069551006
midas_rho0.75,13,5300.0,0.02659520707675256
midas_rho0.75,13,5600.0,0.029884874093113467
midas_rho0.75,13,5900.0,0.03323470809846185
midas_rho0.75,13,6200.0,0.036835249105934054
midas_rho0.75,13,6500.0,0.04045608310843818
midas_rho0.75,13,6800.0,0.04417925010784529
midas_rho0.75,13,7100.0,0.05218125009560026
midas_rho0.75,13,7400.0,0.0562428331177216
midas_rho0.75,13,7700.0,0.06000591709744185
midas_rho0.75,13,8000.0,0.06402195809641853
midas_rho0.75,13,8300.0,0.06806270810193382
midas_rho0.75,13,8600.0,0.07223033308400773
midas_rho0.75,13,8900.0,0.0768470830807928
midas_rho0.75,13,9200.0,0.0811959580751136
midas_rho0.75,13,9500.0,0.08595191707718186
midas_rho0.75,13,9800.0,0.0906591250677593
midas_rho0.75,13,10100.0,0.09624595806235448
midas_rho0.75,13,10400.0,0.10134616706636734
midas_rho0.75,13,10700.0,0.106184500065865
midas_rho0.75,13,11000.0,0.11092445807298645
midas_rho0.75,13,11300.0,0.1161731670727022
midas_rho0.75,13,11600.0,0.12155770909157582
midas_rho0.75,13,11900.0,0.12716725107748061
midas_rho0.75,13,12200.0,0.13283533407957293
midas_rho0.75,13,12500.0,0.13852887609391473
midas_rho0.75,13,12800.0,0.14440416707657278
midas_rho0.75,13,13100.0,0.1503563760779798
midas_rho0.75,13,13400.0,0.15616991807473823
midas_rho0.75,13,13700.0,0.1621695430658292
midas_rho0.75,13,14000.0,0.16827166805160232
midas_rho0.75,13,14300.0,0.17451541806804016
midas_rho0.75,13,14600.0,0.18071291805244982
midas_rho0.75,13,14900.0,0.1869832930387929
midas_rho0.75,13,15200.0,0.1932447510480415
midas_rho0.75,13,15500.0,0.19959091805503704
midas_rho0.75,13,15800.0,0.20627241805777885
midas_rho0.75,13,16100.0,0.21301383504760452
midas_rho0.75,13,16400.0,0.2197941270424053
midas_rho0.75,13,16700.0,0.22664216902921908
midas_rho0.75,13,17000.0,0.23329529401962645
midas_rho0.75,13,17300.0,0.24011541900108568
midas_rho0.75,13,17600.0,0.24703533598221838
midas_rho0.75,13,17900.0,0.25388266998925246
midas_rho0.75,13,18200.0,0.2609474199998658
midas_rho0.75,13,18500.0,0.2680107119958848
midas_rho0.75,13,18800.0,0.27485583699308336
midas_rho0.75,13,19100.0,0.28204317000927404
midas_rho0.75,13,19400.0,0.28932329500094056
midas_rho0.75,13,19700.0,0.2972505030047614
midas_rho0.75,13,20000.0,0.3050749610119965
midas_rho0.75,13,20300.0,0.31281850300729275
midas_rho0.75,13,20600.0,0.3202959200134501
midas_rho0.75,13,20900.0,0.32771467001293786
midas_rho0.75,13,21200.0,0.33489967000787146
midas_rho0.75,13,21500.0,0.3423430030234158
midas_rho0.75,13,21800.0,0.3501411690376699
midas_rho0.75,13,22100.0,0.35815916903084144
midas_rho0.75,13,22400.0,0.36590366903692484
midas_rho0.75,13,22700.0,0.37387425304041244
midas_rho0.75,13,23000.0,0.3819359620392788
midas_rho0.75,13,23300.0,0.3901195870421361
midas_rho0.75,13,23600.0,0.3982362120586913
midas_rho0.75,13,23900.0,0.4063783790625166
midas_rho0.75,13,24200.0,0.4147713790589478
midas_rho0.75,13,24500.0,0.4231555450533051
midas_rho0.75,13,24800.0,0.43167721206555143
midas_rho0.75,13,25100.0,0.4400769200583454
midas_rho0.75,13,25400.0,0.44891304505290464
midas_rho0.75,13,25700.0,0.4577489620423876
midas_rho0.75,13,26000.0,0.4667535040352959
midas_rho0.75,13,26300.0,0.4759028790285811
midas_rho0.75,13,26600.0,0.4847643790417351
midas_rho0.75,13,26900.0,0.49373975401977077
midas_rho0.75,13,27200.0,0.5027470870118123
midas_rho0.75,13,27500.0,0.5118285450153053
midas_rho0.75,13,27800.0,0.521678087010514
midas_rho0.75,13,28100.0,0.5314027120184619
midas_rho0.75,13,28400.0,0.5413389620080125
midas_rho0.75,13,28700.0,0.5515261710097548
midas_rho0.75,13,29000.0,0.5624330870050471
midas_rho0.75,13,29300.0,0.5730746290064417
midas_rho0.75,13,29600.0,0.6029816710215528
midas_rho0.75,13,29900.0,0.6173904620227404
midas_rho0.75,13,30200.0,0.6326012530189473
midas_rho0.75,13,30500.0,0.647443544032285
midas_rho0.75,13,30800.0,0.6618250850297045
midas_rho0.75,13,31100.0,0.6763725850323681
midas_rho0.75,13,31400.0,0.6903739600384142
midas_rho0.75,13,31700.0,0.704504835041007
midas_rho0.75,13,32000.0,0.7177976680395659
midas_rho0.75,13,32300.0,0.7313084590423387
midas_rho0.75,13,32600.0,0.7446021680661943
midas_rho0.75,13,32900.0,0.7578935430501588
midas_rho0.75,13,33200.0,0.7712732100626454
midas_rho0.75,13,33500.0,0.7847011260455474
midas_rho0.75,13,33800.0,0.7981116260634735
midas_rho0.75,13,34100.0,0.810830168047687
midas_rho0.75,13,34400.0,0.824112293048529
midas_rho0.75,13,34700.0,0.8374510850699153
midas_rho0.75,13,35000.0,0.8501756690675393
midas_rho0.75,13,35300.0,0.8633458350668661
midas_rho0.75,13,35600.0,0.8764596680703107
midas_rho0.75,13,35900.0,0.8895320430747233
midas_rho0.75,13,36200.0,0.9023135850729886
midas_rho0.75,13,36500.0,0.9156014600594062
midas_rho0.75,13,36800.0,0.9285072100756224
midas_rho0.75,13,37100.0,0.9416805850632954
midas_rho0.75,13,37400.0,0.9550302100833505
midas_rho0.75,13,37700.0,0.9683214190590661
midas_rho0.75,13,38000.0,0.9815576690598391
midas_rho0.75,13,38300.0,0.9951085850480013
midas_rho0.75,13,38600.0,1.008688793022884
midas_rho0.75,13,38900.0,1.0212537930347025
midas_rho0.75,13,39200.0,1.0338749590446241
midas_rho0.75,13,39500.0,1.0462203340430278
midas_rho0.75,13,39800.0,1.0586897090543061
midas_rho0.75,13,40100.0,1.0712624590378255
midas_rho0.75,13,40400.0,1.083797459024936
midas_rho0.75,13,40700.0,1.096173626021482
midas_rho0.75,13,41000.0,1.1085498760221526
midas_rho0.75,13,41300.0,1.1207932090037502
midas_rho0.75,13,41600.0,1.1331765840004664
midas_rho0.75,13,41900.0,1.1451999169948976
midas_rho0.75,13,42200.0,1.1571682920039166
midas_rho0.75,13,42500.0,1.1692616670043208
midas_rho0.75,13,42800.0,1.1816235840087757
midas_rho0.75,13,43100.0,1.1946222929982468
midas_rho0.75,13,43400.0,1.207436542987125
midas_rho0.75,13,43700.0,1.2201613339711912
midas_rho0.75,13,44000.0,1.2328942089807242
midas_rho0.75,13,44300.0,1.2456861669779755
midas_rho0.75,13,44600.0,1.2586197089694906
midas_rho0.75,13,44900.0,1.271907542977715
midas_rho0.75,13,45200.0,1.2852324179548305
midas_rho0.75,13,45500.0,1.2983391679590568
midas_rho0.75,13,45800.0,1.3115473349753302
midas_rho0.75,13,46100.0,1.3258659599523526
midas_rho0.75,13,46400.0,1.341408750944538
midas_rho0.75,13,46700.0,1.3575657089531887
midas_rho0.75,13,47000.0,1.3750580419728067
midas_rho0.75,13,47300.0,1.3912334589695092
midas_rho0.75,13,47600.0,1.4089557509578299
midas_rho0.75,13,47900.0,1.4248229589720722
midas_rho0.75,13,48200.0,1.4411762499657925
midas_rho0.75,13,48500.0,1.4572824579663575
midas_rho0.75,13,48800.0,1.4732307079539169
midas_rho0.75,13,49100.0,1.4894211249484215
midas_rho0.75,13,49400.0,1.505713416961953
midas_rho0.75,13,49700.0,1.5220291249570437
midas_rho0.75,13,50000.0,1.5381235829554498
midas_rho0.75,13,50300.0,1.5541702499613166
midas_rho0.75,13,50600.0,1.5700674999388866
midas_rho0.75,13,50900.0,1.5861419169523288
midas_rho0.75,13,51200.0,1.6018587919534184
midas_rho0.75,13,51500.0,1.6179104169423226
midas_rho0.75,13,51800.0,1.6395840839541052
midas_rho0.75,13,52100.0,1.6648087929643225
midas_rho0.75,13,52400.0,1.689292459981516
midas_rho0.75,13,52700.0,1.713161292980658
midas_rho0.75,13,53000.0,1.7367916679941118
midas_rho0.75,13,53300.0,1.7600701680057682
midas_rho0.75,13,53600.0,1.7818655429873616
midas_rho0.75,13,53900.0,1.803273667988833
midas_rho0.75,13,54200.0,1.8249739589809906
midas_rho0.75,13,54500.0,1.8485518759698607
midas_rho0.75,13,54800.0,1.8657205849594902
midas_rho0.75,13,55100.0,1.8833362099539954
midas_rho0.75,13,55400.0,1.9001257099735085
midas_rho0.75,13,55700.0,1.9167067939706612
midas_rho0.75,13,56000.0,1.9329860439756885
midas_rho0.75,13,56300.0,1.948712043958949
midas_rho0.75,13,56600.0,1.9643871689331718
midas_rho0.75,13,56900.0,1.9808313779358286
midas_rho0.75,13,57200.0,1.9967198779340833
midas_rho0.75,13,57500.0,2.012355252954876
midas_rho0.75,13,57800.0,2.028283419960644
midas_rho0.75,13,58100.0,2.0446752529533114
midas_rho0.75,13,58400.0,2.06046308594523
midas_rho0.75,13,58700.0,2.0762422109546605
midas_rho0.75,13,59000.0,2.0926048779510893
midas_rho0.75,13,59300.0,2.109273127949564
midas_rho0.75,13,59600.0,2.1253336699446663
midas_rho0.75,13,59900.0,2.1426535869541112
midas_rho0.75,13,60200.0,2.160116794955684
midas_rho0.75,13,60500.0,2.178125086968066
midas_rho0.75,13,60800.0,2.1963547119812574
midas_rho0.75,13,61100.0,2.2141987119975965
midas_rho0.75,13,61400.0,2.231706127990037
midas_rho0.75,13,61700.0,2.249376919004135
midas_rho0.75,13,62000.0,2.266879668983165
midas_rho0.75,14,2000.0,0.001356624998152256
midas_rho0.75,14,2300.0,0.0029927080031484365
midas_rho0.75,14,2600.0,0.004675208008848131
midas_rho0.75,14,2900.0,0.006556624022778124
midas_rho0.75,14,3200.0,0.008406374021433294
midas_rho0.75,14,3500.0,0.010352749028243124
midas_rho0.75,14,3800.0,0.012393999029882252
midas_rho0.75,14,4100.0,0.014533999026753008
midas_rho0.75,14,4400.0,0.01673441505408846
midas_rho0.75,14,4700.0,0.01901058104704134
midas_rho0.75,14,5000.0,0.021873623045394197
midas_rho0.75,14,5300.0,0.024511748051736504
midas_rho0.75,14,5600.0,0.027367456059437245
midas_rho0.75,14,5900.0,0.030173248087521642
midas_rho0.75,14,6200.0,0.03328416508156806
midas_rho0.75,14,6500.0,0.03641141508705914
midas_rho0.75,14,6800.0,0.03971933206776157
midas_rho0.75,14,7100.0,0.0430569160671439
midas_rho0.75,14,7400.0,0.046546624042093754
midas_rho0.75,14,7700.0,0.05011449902667664
midas_rho0.75,14,8000.0,0.05375295702833682
midas_rho0.75,14,8300.0,0.05747837302624248
midas_rho0.75,14,8600.0,0.061492248030845076
midas_rho0.75,14,8900.0,0.06584879002184607
midas_rho0.75,14,9200.0,0.07050079002510756
midas_rho0.75,14,9500.0,0.07524966503842734
midas_rho0.75,14,9800.0,0.08016537403455004
midas_rho0.75,14,10100.0,0.08562449904275127
midas_rho0.75,14,10400.0,0.09072466604993679
midas_rho0.75,14,10700.0,0.09583658204064704
midas_rho0.75,14,11000.0,0.1008627480478026
midas_rho0.75,14,11300.0,0.10610224804258905
midas_rho0.75,14,11600.0,0.11150508205173537
midas_rho0.75,14,11900.0,0.11681554003735073
midas_rho0.75,14,12200.0,0.12230604005162604
midas_rho0.75,14,12500.0,0.12775495703681372
midas_rho0.75,14,12800.0,0.13316616605152376
midas_rho0.75,14,13100.0,0.13876991605502553
midas_rho0.75,14,13400.0,0.14429341602954082
midas_rho0.75,14,13700.0,0.15014708202215843
midas_rho0.75,14,14000.0,0.15903383202385157
midas_rho0.75,14,14300.0,0.16518729002564214
midas_rho0.75,14,14600.0,0.1714940820238553
midas_rho0.75,14,14900.0,0.17757891601650044
midas_rho0.75,14,15200.0,0.183753791032359
midas_rho0.75,14,15500.0,0.19017608303693123
midas_rho0.75,14,15800.0,0.19715045802877285
midas_rho0.75,14,16100.0,0.20459758301149122
midas_rho0.75,14,16400.0,0.2118121249950491
midas_rho0.75,14,16700.0,0.2189815419842489
midas_rho0.75,14,17000.0,0.22618395800236613
midas_rho0.75,14,17300.0,0.23333795799408108
midas_rho0.75,14,17600.0,0.2406936659826897
midas_rho0.75,14,17900.0,0.24782091597444378
midas_rho0.75,14,18200.0,0.25521366597968154
midas_rho0.75,14,18500.0,0.26286024900036864
midas_rho0.75,14,18800.0,0.27128029099549167
midas_rho0.75,14,19100.0,0.27952570799971
midas_rho0.75,14,19400.0,0.28821149899158627
midas_rho0.75,14,19700.0,0.296598332002759
midas_rho0.75,14,20000.0,0.3050458320067264
midas_rho0.75,14,20300.0,0.31353970701457
midas_rho0.75,14,20600.0,0.3227409160172101
midas_rho0.75,14,20900.0,0.3313722080201842
midas_rho0.75,14,21200.0,0.3395954160077963
midas_rho0.75,14,21500.0,0.3479248330113478
midas_rho0.75,14,21800.0,0.3564397500013001
midas_rho0.75,14,22100.0,0.3648323329980485
midas_rho0.75,14,22400.0,0.37339749999227934
midas_rho0.75,14,22700.0,0.3820863329747226
midas_rho0.75,14,23000.0,0.3909246239636559
midas_rho0.75,14,23300.0,0.39981474896194413
midas_rho0.75,14,23600.0,0.4086632079561241
midas_rho0.75,14,23900.0,0.4171433329465799
midas_rho0.75,14,24200.0,0.4257782499480527
midas_rho0.75,14,24500.0,0.43438320796121843
midas_rho0.75,14,24800.0,0.44332904095062986
midas_rho0.75,14,25100.0,0.4521727909450419
midas_rho0.75,14,25400.0,0.4607941659342032
midas_rho0.75,14,25700.0,0.46950287494109944
midas_rho0.75,14,26000.0,0.47835816693259403
midas_rho0.75,14,26300.0,0.48718833294697106
midas_rho0.75,14,26600.0,0.49575437494786456
midas_rho0.75,14,26900.0,0.5047468749398831
midas_rho0.75,14,27200.0,0.5135242499527521
midas_rho0.75,14,27500.0,0.522663791954983
midas_rho0.75,14,27800.0,0.5319693749479484
midas_rho0.75,14,28100.0,0.5408206669671927
midas_rho0.75,14,28400.0,0.5497234589711297
midas_rho0.75,14,28700.0,0.5589567919669207
midas_rho0.75,14,29000.0,0.5686694169708062
midas_rho0.75,14,29300.0,0.578203583980212
midas_rho0.75,14,29600.0,0.5883270009653643
midas_rho0.75,14,29900.0,0.5976389169809408
midas_rho0.75,14,30200.0,0.6077907499857247
midas_rho0.75,14,30500.0,0.6177104169910308
midas_rho0.75,14,30800.0,0.6276377079775557
midas_rho0.75,14,31100.0,0.6373812909587286
midas_rho0.75,14,31400.0,0.6475140409602318
midas_rho0.75,14,31700.0,0.6573319159506354
midas_rho0.75,14,32000.0,0.6674407489481382
midas_rho0.75,14,32300.0,0.6779745819512755
midas_rho0.75,14,32600.0,0.6885817899601534
midas_rho0.75,14,32900.0,0.6989714559458662
midas_rho0.75,14,33200.0,0.7093507889367174
midas_rho0.75,14,33500.0,0.7195019969367422
midas_rho0.75,14,33800.0,0.72998620494036
midas_rho0.75,14,34100.0,0.7413832879683468
midas_rho0.75,14,34400.0,0.7527479959535412
midas_rho0.75,14,34700.0,0.7652938299579546
midas_rho0.75,14,35000.0,0.7767701219709124
midas_rho0.75,14,35300.0,0.7888692049891688
midas_rho0.75,14,35600.0,0.8010944129782729
midas_rho0.75,14,35900.0,0.8134355379734188
midas_rho0.75,14,36200.0,0.82522420497844
midas_rho0.75,14,36500.0,0.8394325389817823
midas_rho0.75,14,36800.0,0.8515701219730545
midas_rho0.75,14,37100.0,0.8634743719885591
midas_rho0.75,14,37400.0,0.8757494549790863
midas_rho0.75,14,37700.0,0.8880911639716942
midas_rho0.75,14,38000.0,0.9000253309786785
midas_rho0.75,14,38300.0,0.9120351649762597
midas_rho0.75,14,38600.0,0.9242819149803836
midas_rho0.75,14,38900.0,0.9364165819715708
midas_rho0.75,14,39200.0,0.9484492069750559
midas_rho0.75,14,39500.0,0.9605332909850404
midas_rho0.75,14,39800.0,0.972763749974547
midas_rho0.75,14,40100.0,0.9851019999769051
midas_rho0.75,14,40400.0,0.997257290960988
midas_rho0.75,14,40700.0,1.0096160829416476
midas_rho0.75,14,41000.0,1.022178290935699
midas_rho0.75,14,41300.0,1.0346702489478048
midas_rho0.75,14,41600.0,1.047174498962704
midas_rho0.75,14,41900.0,1.0595857909647748
midas_rho0.75,14,42200.0,1.0716753749584313
midas_rho0.75,14,42500.0,1.0838867079582997
midas_rho0.75,14,42800.0,1.0962767909804825
midas_rho0.75,14,43100.0,1.1089622079744004
midas_rho0.75,14,43400.0,1.121809416974429
midas_rho0.75,14,43700.0,1.1345725839782972
midas_rho0.75,14,44000.0,1.1472582090063952
midas_rho0.75,14,44300.0,1.1604132920037955
midas_rho0.75,14,44600.0,1.1742975839879364
midas_rho0.75,14,44900.0,1.1884949999803212
midas_rho0.75,14,45200.0,1.202154291968327
midas_rho0.75,14,45500.0,1.2161091669695452
midas_rho0.75,14,45800.0,1.2303652079426683
midas_rho0.75,14,46100.0,1.2443021249200683
midas_rho0.75,14,46400.0,1.2584760829340667
midas_rho0.75,14,46700.0,1.2726217499293853
midas_rho0.75,14,47000.0,1.2864047079347074
midas_rho0.75,14,47300.0,1.3000825419439934
midas_rho0.75,14,47600.0,1.3148211669467855
midas_rho0.75,14,47900.0,1.3289609169587493
midas_rho0.75,14,48200.0,1.3431749169540126
midas_rho0.75,14,48500.0,1.3573679169348907
midas_rho0.75,14,48800.0,1.3707363329303917
midas_rho0.75,14,49100.0,1.3834112499316689
midas_rho0.75,14,49400.0,1.39679591593449
midas_rho0.75,14,49700.0,1.410528081934899
midas_rho0.75,14,50000.0,1.4247018319438212
midas_rho0.75,14,50300.0,1.4403207489522174
midas_rho0.75,14,50600.0,1.455149373941822
midas_rho0.75,14,50900.0,1.4706684569537174
midas_rho0.75,14,51200.0,1.4858203319599852
midas_rho0.75,14,51500.0,1.5012276659545023
midas_rho0.75,14,51800.0,1.5164506659493782
midas_rho0.75,14,52100.0,1.5318558319413569
midas_rho0.75,14,52400.0,1.5470432899601292
midas_rho0.75,14,52700.0,1.562503706983989
midas_rho0.75,14,53000.0,1.577946664969204
midas_rho0.75,14,53300.0,1.5934491649677511
midas_rho0.75,14,53600.0,1.6089448319689836
midas_rho0.75,14,53900.0,1.6242499989748467
midas_rho0.75,14,54200.0,1.6397074989799876
midas_rho0.75,14,54500.0,1.6556515819684137
midas_rho0.75,14,54800.0,1.6715289569692686
midas_rho0.75,14,55100.0,1.6879595819627866
midas_rho0.75,14,55400.0,1.7037930819496978
midas_rho0.75,14,55700.0,1.7197569149720948
midas_rho0.75,14,56000.0,1.735723497957224
midas_rho0.75,14,56300.0,1.7511184979521204
midas_rho0.75,14,56600.0,1.7665352479671128
midas_rho0.75,14,56900.0,1.7826244149473496
midas_rho0.75,14,57200.0,1.797723248921102
midas_rho0.75,14,57500.0,1.8124672909325454
midas_rho0.75,14,57800.0,1.826838415930979
midas_rho0.75,14,58100.0,1.841702874924522
midas_rho0.75,14,58400.0,1.856927291926695
midas_rho0.75,14,58700.0,1.8723660419345833
midas_rho0.75,14,59000.0,1.8911477919318713
midas_rho0.75,14,59300.0,1.9102033749222755
midas_rho0.75,14,59600.0,1.928808832919458
midas_rho0.75,14,59900.0,1.9471247079200111
midas_rho0.75,14,60200.0,1.9646574579237495
midas_rho0.75,14,60500.0,1.9825026659236755
midas_rho0.75,14,60800.0,1.999930206919089
midas_rho0.75,14,61100.0,2.0173547479207627
midas_rho0.75,14,61400.0,2.034404872916639
midas_rho0.75,14,61700.0,2.051315830933163
midas_rho0.75,14,62000.0,2.0684848729288206
midas_rhofull,15,2000.0,0.0016882499912753701
midas_rhofull,15,2300.0,0.01053012500051409
midas_rhofull,15,2600.0,0.020938332978403196
midas_rhofull,15,2900.0,0.03252583299763501
midas_rhofull,15,3200.0,0.04505129100289196
midas_rhofull,15,3500.0,0.0585176250024233
midas_rhofull,15,3800.0,0.0731204159965273
midas_rhofull,15,4100.0,0.08833783300360665
midas_rhofull,15,4400.0,0.10377229101140983
midas_rhofull,15,4700.0,0.12020504102110863
midas_rhofull,15,5000.0,0.13782925001578405
midas_rhofull,15,5300.0,0.1571592919935938
midas_rhofull,15,5600.0,0.17758762498851866
midas_rhofull,15,5900.0,0.19800670898985118
midas_rhofull,15,6200.0,0.21930716797942296
midas_rhofull,15,6500.0,0.2435347519640345
midas_rhofull,15,6800.0,0.26677045997348614
midas_rhofull,15,7100.0,0.292999000987038
midas_rhofull,15,7400.0,0.31918908399529755
midas_rhofull,15,7700.0,0.3440132509858813
midas_rhofull,15,8000.0,0.36923079297412187
midas_rhofull,15,8300.0,0.40239795995876193
midas_rhofull,15,8600.0,0.4370593349740375
midas_rhofull,15,8900.0,0.4732052519975696
midas_rhofull,15,9200.0,0.5098262520041317
midas_rhofull,15,9500.0,0.5457813350076322
midas_rhofull,15,9800.0,0.5829038350202609
midas_rhofull,15,10100.0,0.619833960023243
midas_rhofull,15,10400.0,0.6574361270177178
midas_rhofull,15,10700.0,0.692517002025852
midas_rhofull,15,11000.0,0.7313405430177227
midas_rhofull,15,11300.0,0.7730771680362523
midas_rhofull,15,11600.0,0.816033959039487
midas_rhofull,15,11900.0,0.8546816670277622
midas_rhofull,15,12200.0,0.8943515010469127
midas_rhofull,15,12500.0,0.935475001053419
midas_rhofull,15,12800.0,0.9779420010745525
midas_rhofull,15,13100.0,1.021260042063659
midas_rhofull,15,13400.0,1.0658710840798449
midas_rhofull,15,13700.0,1.111333667067811
midas_rhofull,15,14000.0,1.1580785840633325
midas_rhofull,15,14300.0,1.2057878340710886
midas_rhofull,15,14600.0,1.2893709180643782
midas_rhofull,15,14900.0,1.3936383760592435
midas_rhofull,15,15200.0,1.4859948760422412
midas_rhofull,15,15500.0,1.5775085010391194
midas_rhofull,15,15800.0,1.6578769590414595
midas_rhofull,15,16100.0,1.7361808760324493
midas_rhofull,15,16400.0,1.8132240010309033
midas_rhofull,15,16700.0,1.8836690430471208
midas_rhofull,15,17000.0,1.952059834060492
midas_rhofull,15,17300.0,2.01835591805866
midas_rhofull,15,17600.0,2.0858062090701424
midas_rhofull,15,17900.0,2.1516635010484606
midas_rhofull,15,18200.0,2.213319584057899
midas_rhofull,15,18500.0,2.275845751079032
midas_rhofull,15,18800.0,2.3416642090887763
midas_rhofull,15,19100.0,2.4069643341063056
midas_rhofull,15,19400.0,2.473392543121008
midas_rhofull,15,19700.0,2.5399039601325057
midas_rhofull,15,20000.0,2.6085557101177983
midas_rhofull,15,20300.0,2.678416002105223
midas_rhofull,15,20600.0,2.7531492110865656
midas_rhofull,15,20900.0,2.8234089610923547
midas_rhofull,15,21200.0,2.9243095860874746
midas_rhofull,15,21500.0,3.0040508780803066
midas_rhofull,15,21800.0,3.092733253084589
midas_rhofull,15,22100.0,3.1676469620724674
midas_rhofull,15,22400.0,3.2563559620757587
midas_rhofull,15,22700.0,3.339927837077994
midas_rhofull,15,23000.0,3.434213921078481
midas_rhofull,15,23300.0,3.5269318380742334
midas_rhofull,15,23600.0,3.6152712550829165
midas_rhofull,15,23900.0,3.6954285051033366
midas_rhofull,15,24200.0,3.7837668381107505
midas_rhofull,15,24500.0,3.866942504129838
midas_rhofull,15,24800.0,3.955811129126232
midas_rhofull,15,25100.0,4.041690504120197
midas_rhofull,15,25400.0,4.135138879122678
midas_rhofull,15,25700.0,4.222340504114982
midas_rhofull,15,26000.0,4.314077170100063
midas_rhofull,15,26300.0,4.40304254507646
midas_rhofull,15,26600.0,4.49416250406648
midas_rhofull,15,26900.0,4.587306713074213
midas_rhofull,15,27200.0,4.683948797086487
midas_rhofull,15,27500.0,4.778551505092764
midas_rhofull,15,27800.0,4.879220088099828
midas_rhofull,15,28100.0,4.975955671077827
midas_rhofull,15,28400.0,5.07653392109205
midas_rhofull,15,28700.0,5.175341421097983
midas_rhofull,15,29000.0,5.283548087114468
midas_rhofull,15,29300.0,5.3860213781299535
midas_rhofull,15,29600.0,5.508791419124464
midas_rhofull,15,29900.0,5.648142544116126
midas_rhofull,15,30200.0,5.763958252122393
midas_rhofull,15,30500.0,5.872764002124313
midas_rhofull,15,30800.0,5.987117086129729
midas_rhofull,15,31100.0,6.096886586135952
midas_rhofull,15,31400.0,6.207731086120475
midas_rhofull,15,31700.0,6.323406003124546
midas_rhofull,15,32000.0,6.452834753115894
midas_rhofull,15,32300.0,6.5666595031216275
midas_rhofull,15,32600.0,6.6931199611281045
midas_rhofull,15,32900.0,6.8092864611244295
midas_rhofull,15,33200.0,6.935098211106379
midas_rhofull,15,33500.0,7.064233294106089
midas_rhofull,15,33800.0,7.19545391909196
midas_rhofull,15,34100.0,7.323922919109464
midas_rhofull,15,34400.0,7.455154794093687
midas_rhofull,15,34700.0,7.587639836099697
midas_rhofull,15,35000.0,7.720749795116717
midas_rhofull,15,35300.0,7.862298795109382
midas_rhofull,15,35600.0,7.999633837112924
midas_rhofull,15,35900.0,8.135421087121358
midas_rhofull,15,36200.0,8.274200629122788
midas_rhofull,15,36500.0,8.416085212113103
midas_rhofull,15,36800.0,8.556010837113718
midas_rhofull,15,37100.0,8.695462920120917
midas_rhofull,15,37400.0,8.840353254141519
midas_rhofull,15,37700.0,8.983978004136588
midas_rhofull,15,38000.0,9.130714545113733
midas_rhofull,15,38300.0,9.279131045128452
midas_rhofull,15,38600.0,9.428763545147376
midas_rhofull,15,38900.0,9.57861400314141
midas_rhofull,15,39200.0,9.729124003148172
midas_rhofull,15,39500.0,9.881981545157032
midas_rhofull,15,39800.0,10.034395628143102
midas_rhofull,15,40100.0,10.189428628131282
midas_rhofull,15,40400.0,10.358633295138134
midas_rhofull,15,40700.0,10.51546971112839
midas_rhofull,15,41000.0,10.672376253147377
midas_rhofull,15,41300.0,10.839568378141848
midas_rhofull,15,41600.0,11.004365170141682
midas_rhofull,15,41900.0,11.166168545139953
midas_rhofull,15,42200.0,11.32806837913813
midas_rhofull,15,42500.0,11.492304254148621
midas_rhofull,15,42800.0,11.676566754176747
midas_rhofull,15,43100.0,11.841635046177544
midas_rhofull,15,43400.0,12.018394129176158
midas_rhofull,15,43700.0,12.232861046184553
midas_rhofull,15,44000.0,12.615315338189248
midas_rhofull,15,44300.0,12.899898921197746
midas_rhofull,15,44600.0,13.156638796208426
midas_rhofull,15,44900.0,13.376616213208763
midas_rhofull,15,45200.0,13.580249713209923
midas_rhofull,15,45500.0,13.778878296201583
midas_rhofull,15,45800.0,13.977783963200636
midas_rhofull,15,46100.0,14.169012755184667
midas_rhofull,15,46400.0,14.34392250518431
midas_rhofull,15,46700.0,14.604395505186403
midas_rhofull,15,47000.0,14.844016213202849
midas_rhofull,15,47300.0,15.077156338200439
midas_rhofull,15,47600.0,15.272496629186207
midas_rhofull,15,47900.0,15.454424838186242
midas_rhofull,15,48200.0,15.77201875517494
midas_rhofull,15,48500.0,16.032935297174845
midas_rhofull,15,48800.0,16.295899631164502
midas_rhofull,15,49100.0,16.510557923145825
midas_rhofull,15,49400.0,16.696259965130594
midas_rhofull,15,49700.0,16.913378756144084
midas_rhofull,15,50000.0,17.12365325615974
midas_rhofull,15,50300.0,17.3130716731539
midas_rhofull,15,50600.0,17.50592554814648
midas_rhofull,15,50900.0,17.697802298149327
midas_rhofull,15,51200.0,17.95372192314244
midas_rhofull,15,51500.0,18.241180756129324
midas_rhofull,15,51800.0,18.50928546412615
midas_rhofull,15,52100.0,18.729598089121282
midas_rhofull,15,52400.0,18.95761771412799
midas_rhofull,15,52700.0,19.1864639641135
midas_rhofull,15,53000.0,19.492492839111947
midas_rhofull,15,53300.0,19.766135339130415
midas_rhofull,15,53600.0,20.022301881108433
midas_rhofull,15,53900.0,20.230620423099026
midas_rhofull,15,54200.0,20.43947046410176
midas_rhofull,15,54500.0,20.652728464105166
midas_rhofull,15,54800.0,20.86524767309311
midas_rhofull,15,55100.0,21.07920684007695
midas_rhofull,15,55400.0,21.29650046507595
midas_rhofull,15,55700.0,21.514008924074005
midas_rhofull,15,56000.0,21.73348521607113
midas_rhofull,15,56300.0,21.951718591095414
midas_rhofull,15,56600.0,22.17209296609508
midas_rhofull,15,56900.0,22.395621507108444
midas_rhofull,15,57200.0,22.619823716115206
midas_rhofull,15,57500.0,22.843971049122047
midas_rhofull,15,57800.0,23.070372549118474
midas_rhofull,15,58100.0,23.297719008114655
midas_rhofull,15,58400.0,23.56037396710599
midas_rhofull,15,58700.0,23.80802180111641
midas_rhofull,15,59000.0,24.04767492611427
midas_rhofull,15,59300.0,24.2823113851191
midas_rhofull,15,59600.0,24.52554263509228
midas_rhofull,15,59900.0,24.766941344103543
midas_rhofull,15,60200.0,25.024261094105896
midas_rhofull,15,60500.0,25.26684384411783
midas_rhofull,15,60800.0,25.508445761108305
midas_rhofull,15,61100.0,25.747800678102067
midas_rhofull,15,61400.0,26.00033434512443
midas_rhofull,15,61700.0,26.24536188712227
midas_rhofull,15,62000.0,26.509039512107847
midas_rhofull,16,2000.0,0.0018172079871874303
midas_rhofull,16,2300.0,0.00983045800239779
midas_rhofull,16,2600.0,0.01893945797928609
midas_rhofull,16,2900.0,0.02859629099839367
midas_rhofull,16,3200.0,0.03907362400786951
midas_rhofull,16,3500.0,0.050482541002565995
midas_rhofull,16,3800.0,0.06281745800515637
midas_rhofull,16,4100.0,0.07622545800404623
midas_rhofull,16,4400.0,0.09040437499061227
midas_rhofull,16,4700.0,0.10527220898075029
midas_rhofull,16,5000.0,0.12130729298223741
midas_rhofull,16,5300.0,0.138000042992644
midas_rhofull,16,5600.0,0.15611829300178215
midas_rhofull,16,5900.0,0.23790166800608858
midas_rhofull,16,6200.0,0.26341504300944507
midas_rhofull,16,6500.0,0.3152459179982543
midas_rhofull,16,6800.0,0.3709135020035319
midas_rhofull,16,7100.0,0.4364457940100692
midas_rhofull,16,7400.0,0.5011819190112874
midas_rhofull,16,7700.0,0.55706271098461
midas_rhofull,16,8000.0,0.6061972939933185
midas_rhofull,16,8300.0,0.647942001989577
midas_rhofull,16,8600.0,0.6859723359812051
midas_rhofull,16,8900.0,0.7236940859875176
midas_rhofull,16,9200.0,0.7647462109744083
midas_rhofull,16,9500.0,0.8032715019653551
midas_rhofull,16,9800.0,0.8409067939792294
midas_rhofull,16,10100.0,0.8842300859687384
midas_rhofull,16,10400.0,0.9268162949592806
midas_rhofull,16,10700.0,0.9872641699621454
midas_rhofull,16,11000.0,1.0778662949742284
midas_rhofull,16,11300.0,1.1589396279596258
midas_rhofull,16,11600.0,1.2183249199588317
midas_rhofull,16,11900.0,1.3028922529774718
midas_rhofull,16,12200.0,1.3906647529802285
midas_rhofull,16,12500.0,1.469343669974478
midas_rhofull,16,12800.0,1.531148794980254
midas_rhofull,16,13100.0,1.595352460979484
midas_rhofull,16,13400.0,1.658650585974101
midas_rhofull,16,13700.0,1.7287643359741196
midas_rhofull,16,14000.0,1.7863942529947963
midas_rhofull,16,14300.0,1.839422544988338
midas_rhofull,16,14600.0,1.8938489619758911
midas_rhofull,16,14900.0,1.9498398789728526
midas_rhofull,16,15200.0,2.0246485459501855
midas_rhofull,16,15500.0,2.105914753949037
midas_rhofull,16,15800.0,2.169482878933195
midas_rhofull,16,16100.0,2.2288846289447974
midas_rhofull,16,16400.0,2.2913952539674938
midas_rhofull,16,16700.0,2.355489461973775
midas_rhofull,16,17000.0,2.4349723369814456
midas_rhofull,16,17300.0,2.516811669978779
midas_rhofull,16,17600.0,2.594731419958407
midas_rhofull,16,17900.0,2.671056252962444
midas_rhofull,16,18200.0,2.752637377969222
midas_rhofull,16,18500.0,2.832918752974365
midas_rhofull,16,18800.0,2.914859627955593
midas_rhofull,16,19100.0,2.99463796094642
midas_rhofull,16,19400.0,3.073350918944925
midas_rhofull,16,19700.0,3.1528020019468386
midas_rhofull,16,20000.0,3.238795834942721
midas_rhofull,16,20300.0,3.3139694599376526
midas_rhofull,16,20600.0,3.4130972939601634
midas_rhofull,16,20900.0,3.504920877952827
midas_rhofull,16,21200.0,3.600282419967698
midas_rhofull,16,21500.0,3.6790179199597333
midas_rhofull,16,21800.0,3.7745999609469436
midas_rhofull,16,22100.0,3.8791459189378656
midas_rhofull,16,22400.0,3.9860131269379053
midas_rhofull,16,22700.0,4.095680042955792
midas_rhofull,16,23000.0,4.208139292954002
midas_rhofull,16,23300.0,4.329504667955916
midas_rhofull,16,23600.0,4.440762750949943
midas_rhofull,16,23900.0,4.533877375972224
midas_rhofull,16,24200.0,4.640880583989201
midas_rhofull,16,24500.0,4.728529333980987
midas_rhofull,16,24800.0,4.8342220000049565
midas_rhofull,16,25100.0,4.929703333007637
midas_rhofull,16,25400.0,5.044864083029097
midas_rhofull,16,25700.0,5.168389416037826
midas_rhofull,16,26000.0,5.273731749039143
midas_rhofull,16,26300.0,5.3655439570429735
midas_rhofull,16,26600.0,5.506780957046431
midas_rhofull,16,26900.0,5.63400349902804
midas_rhofull,16,27200.0,5.775788541010115
midas_rhofull,16,27500.0,5.908124583016615
midas_rhofull,16,27800.0,6.053180041024461
midas_rhofull,16,28100.0,6.274793916003546
midas_rhofull,16,28400.0,6.41842941599316
midas_rhofull,16,28700.0,6.612866416020552
midas_rhofull,16,29000.0,6.794449250039179
midas_rhofull,16,29300.0,6.947480500035454
midas_rhofull,16,29600.0,7.1005298340460286
midas_rhofull,16,29900.0,7.2773042510671075
midas_rhofull,16,30200.0,7.482638835062971
midas_rhofull,16,30500.0,7.65468150205561
midas_rhofull,16,30800.0,7.823112794052577
midas_rhofull,16,31100.0,7.967421377048595
midas_rhofull,16,31400.0,8.12700783504988
midas_rhofull,16,31700.0,8.266294002067298
midas_rhofull,16,32000.0,8.415924586064648
midas_rhofull,16,32300.0,8.528390419087373
midas_rhofull,16,32600.0,8.655826586094918
midas_rhofull,16,32900.0,8.770232086098986
midas_rhofull,16,33200.0,8.952581961086253
midas_rhofull,16,33500.0,9.18955712809111
midas_rhofull,16,33800.0,9.399423878086964
midas_rhofull,16,34100.0,9.580367169081
midas_rhofull,16,34400.0,9.763629710068926
midas_rhofull,16,34700.0,9.949015835067257
midas_rhofull,16,35000.0,10.131920710060513
midas_rhofull,16,35300.0,10.304445044050226
midas_rhofull,16,35600.0,10.475827710033627
midas_rhofull,16,35900.0,10.63248525102972
midas_rhofull,16,36200.0,10.803365168016171
midas_rhofull,16,36500.0,10.969211002025986
midas_rhofull,16,36800.0,11.126720918022329
midas_rhofull,16,37100.0,11.29457316803746
midas_rhofull,16,37400.0,11.463489918038249
midas_rhofull,16,37700.0,11.639095126040047
midas_rhofull,16,38000.0,11.814549334027106
midas_rhofull,16,38300.0,11.985702917037997
midas_rhofull,16,38600.0,12.165348709066166
midas_rhofull,16,38900.0,12.328262417082442
midas_rhofull,16,39200.0,12.490911501081428
midas_rhofull,16,39500.0,12.665618751081638
midas_rhofull,16,39800.0,12.840582417091355
midas_rhofull,16,40100.0,13.0346323341073
midas_rhofull,16,40400.0,13.224721667123958
midas_rhofull,16,40700.0,13.41845179212396
midas_rhofull,16,41000.0,13.60419200110482
midas_rhofull,16,41300.0,13.825840292091016
midas_rhofull,16,41600.0,14.003688084107125
midas_rhofull,16,41900.0,14.194364626106108
midas_rhofull,16,42200.0,14.382407459110254
midas_rhofull,16,42500.0,14.553477709123399
midas_rhofull,16,42800.0,14.738648000144167
midas_rhofull,16,43100.0,14.908498333126772
midas_rhofull,16,43400.0,15.098393417109037
midas_rhofull,16,43700.0,15.260206833103439
midas_rhofull,16,44000.0,15.447668958106078
midas_rhofull,16,44300.0,15.615652958105784
midas_rhofull,16,44600.0,15.78577595812385
midas_rhofull,16,44900.0,15.955320666107582
midas_rhofull,16,45200.0,16.129870249103988
midas_rhofull,16,45500.0,16.323925082106143
midas_rhofull,16,45800.0,16.511188832111657
midas_rhofull,16,46100.0,16.695061332109617
midas_rhofull,16,46400.0,16.881580082088476
midas_rhofull,16,46700.0,17.10701245709788
midas_rhofull,16,47000.0,17.290136540075764
midas_rhofull,16,47300.0,17.472888540069107
midas_rhofull,16,47600.0,17.660650040052133
midas_rhofull,16,47900.0,17.908703415072523
midas_rhofull,16,48200.0,18.107255706068827
midas_rhofull,16,48500.0,18.302145706053125
midas_rhofull,16,48800.0,18.494489998032805
midas_rhofull,16,49100.0,18.68516291503329
midas_rhofull,16,49400.0,18.87758008102537
midas_rhofull,16,49700.0,19.064376664027805
midas_rhofull,16,50000.0,19.250574414007133
midas_rhofull,16,50300.0,19.446439747000113
midas_rhofull,16,50600.0,19.65634699698421
midas_rhofull,16,50900.0,19.902659663988743
midas_rhofull,16,51200.0,20.20282508098171
midas_rhofull,16,51500.0,20.52353016397683
midas_rhofull,16,51800.0,20.816819996980485
midas_rhofull,16,52100.0,21.10964208000223
midas_rhofull,16,52400.0,21.373420037998585
midas_rhofull,16,52700.0,21.62932187199476
midas_rhofull,16,53000.0,21.83686195500195
midas_rhofull,16,53300.0,22.081768037984148
midas_rhofull,16,53600.0,22.356209204968764
midas_rhofull,16,53900.0,22.59787049694569
midas_rhofull,16,54200.0,22.809200204967055
midas_rhofull,16,54500.0,23.02086053896346
midas_rhofull,16,54800.0,23.2629806639452
midas_rhofull,16,55100.0,23.502227996941656
midas_rhofull,16,55400.0,23.727349204942584
midas_rhofull,16,55700.0,23.943174579937477
midas_rhofull,16,56000.0,24.19619082994177
midas_rhofull,16,56300.0,24.421944454923505
midas_rhofull,16,56600.0,24.65053882994107
midas_rhofull,16,56900.0,24.880449413933093
midas_rhofull,16,57200.0,25.118633372941986
midas_rhofull,16,57500.0,25.340338622918352
midas_rhofull,16,57800.0,25.57038724789163
midas_rhofull,16,58100.0,25.799141039897222
midas_rhofull,16,58400.0,26.035778289893642
midas_rhofull,16,58700.0,26.266577706905082
midas_rhofull,16,59000.0,26.50389795692172
midas_rhofull,16,59300.0,26.73778262292035
midas_rhofull,16,59600.0,26.98076758091338
midas_rhofull,16,59900.0,27.246039871912217
midas_rhofull,16,60200.0,27.49259049689863
midas_rhofull,16,60500.0,27.729968579893466
midas_rhofull,16,60800.0,27.97643632988911
midas_rhofull,16,61100.0,28.218044829904102
midas_rhofull,16,61400.0,28.464002579887165
midas_rhofull,16,61700.0,28.710660204902524
midas_rhofull,16,62000.0,28.95196745492285
midas_rhofull,17,2000.0,0.0018572080007288605
midas_rhofull,17,2300.0,0.009643541008699685
midas_rhofull,17,2600.0,0.01820874901022762
midas_rhofull,17,2900.0,0.02790791599545628
midas_rhofull,17,3200.0,0.03832579098525457
midas_rhofull,17,3500.0,0.049497665982926264
midas_rhofull,17,3800.0,0.061922041000798345
midas_rhofull,17,4100.0,0.0752339159953408
midas_rhofull,17,4400.0,0.08913699901313521
midas_rhofull,17,4700.0,0.10388349901768379
midas_rhofull,17,5000.0,0.12060704099712893
midas_rhofull,17,5300.0,0.13953462400240824
midas_rhofull,17,5600.0,0.15966054098680615
midas_rhofull,17,5900.0,0.18065733200637624
midas_rhofull,17,6200.0,0.2029241239943076
midas_rhofull,17,6500.0,0.2243756240059156
midas_rhofull,17,6800.0,0.24618612398626283
midas_rhofull,17,7100.0,0.2686326649854891
midas_rhofull,17,7400.0,0.29217362296185456
midas_rhofull,17,7700.0,0.31659812293946743
midas_rhofull,17,8000.0,0.34215095595573075
midas_rhofull,17,8300.0,0.3683947059616912
midas_rhofull,17,8600.0,0.3960501229739748
midas_rhofull,17,8900.0,0.4246125399658922
midas_rhofull,17,9200.0,0.45427299896255136
midas_rhofull,17,9500.0,0.48481766495388
midas_rhofull,17,9800.0,0.5166329989442602
midas_rhofull,17,10100.0,0.5493807909369934
midas_rhofull,17,10400.0,0.5835391249274835
midas_rhofull,17,10700.0,0.6182611249387264
midas_rhofull,17,11000.0,0.6558828749402892
midas_rhofull,17,11300.0,0.6939929579384625
midas_rhofull,17,11600.0,0.7333269159425981
midas_rhofull,17,11900.0,0.7729881249251775
midas_rhofull,17,12200.0,0.8132904999365564
midas_rhofull,17,12500.0,0.8547562919557095
midas_rhofull,17,12800.0,0.8965804169711191
midas_rhofull,17,13100.0,0.9789789579808712
midas_rhofull,17,13400.0,1.045530498959124
midas_rhofull,17,13700.0,1.1075253739545587
midas_rhofull,17,14000.0,1.170511957956478
midas_rhofull,17,14300.0,1.236305624974193
midas_rhofull,17,14600.0,1.3001754589786287
midas_rhofull,17,14900.0,1.362871583987726
midas_rhofull,17,15200.0,1.4247758759884164
midas_rhofull,17,15500.0,1.4852020840044133
midas_rhofull,17,15800.0,1.547670042986283
midas_rhofull,17,16100.0,1.6094759599945974
midas_rhofull,17,16400.0,1.6700747099821456
midas_rhofull,17,16700.0,1.7284454599721357
midas_rhofull,17,17000.0,1.7866330439574085
midas_rhofull,17,17300.0,1.8607481269573327
midas_rhofull,17,17600.0,1.934975334967021
midas_rhofull,17,17900.0,2.007260543963639
midas_rhofull,17,18200.0,2.0821664609538857
midas_rhofull,17,18500.0,2.1483666689600796
midas_rhofull,17,18800.0,2.213113043952035
midas_rhofull,17,19100.0,2.279847251949832
midas_rhofull,17,19400.0,2.373574168945197
midas_rhofull,17,19700.0,2.4598955029214267
midas_rhofull,17,20000.0,2.5428713369183242
midas_rhofull,17,20300.0,2.6275619619118515
midas_rhofull,17,20600.0,2.7160047538927756
midas_rhofull,17,20900.0,2.800384253903758
midas_rhofull,17,21200.0,2.894098336924799
midas_rhofull,17,21500.0,2.9663171289139427
midas_rhofull,17,21800.0,3.065257378941169
midas_rhofull,17,22100.0,3.157912961934926
midas_rhofull,17,22400.0,3.2541954199259635
midas_rhofull,17,22700.0,3.343378460907843
midas_rhofull,17,23000.0,3.436851918901084
midas_rhofull,17,23300.0,3.520032501895912
midas_rhofull,17,23600.0,3.6294476689072326
midas_rhofull,17,23900.0,3.727714584907517
midas_rhofull,17,24200.0,3.8160606269084383
midas_rhofull,17,24500.0,3.915039626910584
midas_rhofull,17,24800.0,4.022898293915205
midas_rhofull,17,25100.0,4.122090085933451
midas_rhofull,17,25400.0,4.227644044935005
midas_rhofull,17,25700.0,4.333690919942455
midas_rhofull,17,26000.0,4.430276753933867
midas_rhofull,17,26300.0,4.528419878915884
midas_rhofull,17,26600.0,4.6375145039346535
midas_rhofull,17,26900.0,4.734367170924088
midas_rhofull,17,27200.0,4.843876795930555
midas_rhofull,17,27500.0,4.962144379940582
midas_rhofull,17,27800.0,5.079617837938713
midas_rhofull,17,28100.0,5.18119217196363
midas_rhofull,17,28400.0,5.284704004967352
midas_rhofull,17,28700.0,5.392033171956427
midas_rhofull,17,29000.0,5.512698713951977
midas_rhofull,17,29300.0,5.646374254953116
midas_rhofull,17,29600.0,5.762020795955323
midas_rhofull,17,29900.0,5.889083628950175
midas_rhofull,17,30200.0,5.994911378948018
midas_rhofull,17,30500.0,6.101550087943906
midas_rhofull,17,30800.0,6.247569003957324
midas_rhofull,17,31100.0,6.38467108795885
midas_rhofull,17,31400.0,6.517901671963045
midas_rhofull,17,31700.0,6.628451337979641
midas_rhofull,17,32000.0,6.757010920962784
midas_rhofull,17,32300.0,6.904056920961011
midas_rhofull,17,32600.0,7.0429241299571
midas_rhofull,17,32900.0,7.196797254960984
midas_rhofull,17,33200.0,7.360509879945312
midas_rhofull,17,33500.0,7.522530463931616
midas_rhofull,17,33800.0,7.673811713932082
midas_rhofull,17,34100.0,7.836258172930684
midas_rhofull,17,34400.0,8.01303617292433
midas_rhofull,17,34700.0,8.165124547929736
midas_rhofull,17,35000.0,8.319370922923554
midas_rhofull,17,35300.0,8.477041839942103
midas_rhofull,17,35600.0,8.660580464958912
midas_rhofull,17,35900.0,8.861925881967181
midas_rhofull,17,36200.0,9.046745673986152
midas_rhofull,17,36500.0,9.22705267398851
midas_rhofull,17,36800.0,9.406981798965717
midas_rhofull,17,37100.0,9.585799673979636
midas_rhofull,17,37400.0,9.790373383002589
midas_rhofull,17,37700.0,9.976205882994691
midas_rhofull,17,38000.0,10.167213092005113
midas_rhofull,17,38300.0,10.355276259011589
midas_rhofull,17,38600.0,10.496070801018504
midas_rhofull,17,38900.0,10.673888176010223
midas_rhofull,17,39200.0,10.86794630100485
midas_rhofull,17,39500.0,11.03534042602405
midas_rhofull,17,39800.0,11.217996676045004
midas_rhofull,17,40100.0,11.384487801056821
midas_rhofull,17,40400.0,11.581579926045379
midas_rhofull,17,40700.0,11.753826801053947
midas_rhofull,17,41000.0,11.92258667605347
midas_rhofull,17,41300.0,12.101220385055058
midas_rhofull,17,41600.0,12.28469080204377
midas_rhofull,17,41900.0,12.458455344021786
midas_rhofull,17,42200.0,12.641125011024997
midas_rhofull,17,42500.0,12.811322302033659
midas_rhofull,17,42800.0,13.012999094033148
midas_rhofull,17,43100.0,13.18596867704764
midas_rhofull,17,43400.0,13.359194177057361
midas_rhofull,17,43700.0,13.549235552054597
midas_rhofull,17,44000.0,13.727230052056257
midas_rhofull,17,44300.0,13.92361005206476
midas_rhofull,17,44600.0,14.107216343050823
midas_rhofull,17,44900.0,14.287649634061381
midas_rhofull,17,45200.0,14.476151384063996
midas_rhofull,17,45500.0,14.658432384079788
midas_rhofull,17,45800.0,14.832605467090616
midas_rhofull,17,46100.0,15.012408175098244
midas_rhofull,17,46400.0,15.196898925118148
midas_rhofull,17,46700.0,15.383079091116088
midas_rhofull,17,47000.0,15.573751132120378
midas_rhofull,17,47300.0,15.761446590127889
midas_rhofull,17,47600.0,15.943259632127592
midas_rhofull,17,47900.0,16.128609173145378
midas_rhofull,17,48200.0,16.321775048127165
midas_rhofull,17,48500.0,16.513903173123254
midas_rhofull,17,48800.0,16.8041165061004
midas_rhofull,17,49100.0,17.060994256084086
midas_rhofull,17,49400.0,17.27790442307014
midas_rhofull,17,49700.0,17.486378381057875
midas_rhofull,17,50000.0,17.690093006036477
midas_rhofull,17,50300.0,17.893496298027458
midas_rhofull,17,50600.0,18.093590298027266
midas_rhofull,17,50900.0,18.29047984004137
midas_rhofull,17,51200.0,18.48393500703969
midas_rhofull,17,51500.0,18.681541049067164
midas_rhofull,17,51800.0,18.90026013206807
midas_rhofull,17,52100.0,19.110872507066233
midas_rhofull,17,52400.0,19.32561329906457
midas_rhofull,17,52700.0,19.556104965071427
midas_rhofull,17,53000.0,19.783907215081854
midas_rhofull,17,53300.0,20.02417700708611
midas_rhofull,17,53600.0,20.25733921508072
midas_rhofull,17,53900.0,20.48196521506179
midas_rhofull,17,54200.0,20.708333090064116
midas_rhofull,17,54500.0,20.929047090088716
midas_rhofull,17,54800.0,21.152712965093087
midas_rhofull,17,55100.0,21.36748850607546
midas_rhofull,17,55400.0,21.589756048080744
midas_rhofull,17,55700.0,21.807995048060548
midas_rhofull,17,56000.0,22.032852048054338
midas_rhofull,17,56300.0,22.32196954806568
midas_rhofull,17,56600.0,22.552895798056852
midas_rhofull,17,56900.0,22.789345173048787
midas_rhofull,17,57200.0,23.049911923037143
midas_rhofull,17,57500.0,23.30626221501734
midas_rhofull,17,57800.0,23.542902840010356
midas_rhofull,17,58100.0,23.85573950599064
midas_rhofull,17,58400.0,24.228052172984462
midas_rhofull,17,58700.0,24.635020422982052
midas_rhofull,17,59000.0,25.000957506970735
midas_rhofull,17,59300.0,25.374728089984274
midas_rhofull,17,59600.0,25.665381047991104
midas_rhofull,17,59900.0,25.993421547987964
midas_rhofull,17,60200.0,26.267616130964598
midas_rhofull,17,60500.0,26.589067755965516
midas_rhofull,17,60800.0,26.920005505962763
midas_rhofull,17,61100.0,27.252216588967713
midas_rhofull,17,61400.0,27.55957250596839
midas_rhofull,17,61700.0,27.859400797984563
midas_rhofull,17,62000.0,28.19581109000137
midas_rhofull,18,2000.0,0.002443959005177021
midas_rhofull,18,2300.0,0.012399209022987634
midas_rhofull,18,2600.0,0.022976625012233853
midas_rhofull,18,2900.0,0.03388020800775848
midas_rhofull,18,3200.0,0.045776542014209554
midas_rhofull,18,3500.0,0.059031125012552366
midas_rhofull,18,3800.0,0.07379570801276714
midas_rhofull,18,4100.0,0.0895135409955401
midas_rhofull,18,4400.0,0.10577720700530335
midas_rhofull,18,4700.0,0.12210208200849593
midas_rhofull,18,5000.0,0.14005266601452604
midas_rhofull,18,5300.0,0.1591091660084203
midas_rhofull,18,5600.0,0.1794497070077341
midas_rhofull,18,5900.0,0.20184216601774096
midas_rhofull,18,6200.0,0.22581520801759325
midas_rhofull,18,6500.0,0.2510784990154207
midas_rhofull,18,6800.0,0.2771712070098147
midas_rhofull,18,7100.0,0.30488562301616184
midas_rhofull,18,7400.0,0.33409191502141766
midas_rhofull,18,7700.0,0.36744941500364803
midas_rhofull,18,8000.0,0.4043942900025286
midas_rhofull,18,8300.0,0.43930674900184385
midas_rhofull,18,8600.0,0.47861845701118
midas_rhofull,18,8900.0,0.5168379989918321
midas_rhofull,18,9200.0,0.5563862069975585
midas_rhofull,18,9500.0,0.5931235399912111
midas_rhofull,18,9800.0,0.6301297479949426
midas_rhofull,18,10100.0,0.6674959980009589
midas_rhofull,18,10400.0,0.7051942480029538
midas_rhofull,18,10700.0,0.7435303319944069
midas_rhofull,18,11000.0,0.7858038730046246
midas_rhofull,18,11300.0,0.829271165013779
midas_rhofull,18,11600.0,0.873444749013288
midas_rhofull,18,11900.0,0.9166385820135474
midas_rhofull,18,12200.0,0.9573988740157802
midas_rhofull,18,12500.0,1.0047662490105722
midas_rhofull,18,12800.0,1.0527124990185257
midas_rhofull,18,13100.0,1.1006484579993412
midas_rhofull,18,13400.0,1.1447192080086097
midas_rhofull,18,13700.0,1.2086506659979932
midas_rhofull,18,14000.0,1.2715995820180979
midas_rhofull,18,14300.0,1.3238761240208987
midas_rhofull,18,14600.0,1.3791685830219649
midas_rhofull,18,14900.0,1.4416432920261286
midas_rhofull,18,15200.0,1.5044557500223164
midas_rhofull,18,15500.0,1.5658701670181472
midas_rhofull,18,15800.0,1.6255816250049975
midas_rhofull,18,16100.0,1.679150625015609
midas_rhofull,18,16400.0,1.734503500018036
midas_rhofull,18,16700.0,1.7971049170009792
midas_rhofull,18,17000.0,1.8716169580002315
midas_rhofull,18,17300.0,1.9446557910123374
midas_rhofull,18,17600.0,2.0185722910100594
midas_rhofull,18,17900.0,2.089137291011866
midas_rhofull,18,18200.0,2.1583124160242733
midas_rhofull,18,18500.0,2.2204732070094906
midas_rhofull,18,18800.0,2.2853479990153573
midas_rhofull,18,19100.0,2.349886123993201
midas_rhofull,18,19400.0,2.41778891600552
midas_rhofull,18,19700.0,2.4882799990009516
midas_rhofull,18,20000.0,2.5565255410037935
midas_rhofull,18,20300.0,2.6653555409866385
midas_rhofull,18,20600.0,2.7735213749692775
midas_rhofull,18,20900.0,2.8769000839674845
midas_rhofull,18,21200.0,2.965359916968737
midas_rhofull,18,21500.0,3.0533032919920515
midas_rhofull,18,21800.0,3.1484249999921303
midas_rhofull,18,22100.0,3.2391620409907773
midas_rhofull,18,22400.0,3.33279895799933
midas_rhofull,18,22700.0,3.4272565410065
midas_rhofull,18,23000.0,3.531832458014833
midas_rhofull,18,23300.0,3.6302569580147974
midas_rhofull,18,23600.0,3.7366977500205394
midas_rhofull,18,23900.0,3.855041084025288
midas_rhofull,18,24200.0,3.969347042031586
midas_rhofull,18,24500.0,4.062778667052044
midas_rhofull,18,24800.0,4.162526167026954
midas_rhofull,18,25100.0,4.259643917030189
midas_rhofull,18,25400.0,4.393340833019465
midas_rhofull,18,25700.0,4.510387874033768
midas_rhofull,18,26000.0,4.620431415038183
midas_rhofull,18,26300.0,4.73572612303542
midas_rhofull,18,26600.0,4.852648956031771
midas_rhofull,18,26900.0,4.960858498030575
midas_rhofull,18,27200.0,5.070078206015751
midas_rhofull,18,27500.0,5.181491581024602
midas_rhofull,18,27800.0,5.327254914009245
midas_rhofull,18,28100.0,5.446427081013098
midas_rhofull,18,28400.0,5.569770415022504
midas_rhofull,18,28700.0,5.698411498044152
midas_rhofull,18,29000.0,5.8246019560610875
midas_rhofull,18,29300.0,5.926226622075774
midas_rhofull,18,29600.0,6.064430122089107
midas_rhofull,18,29900.0,6.168256706092507
midas_rhofull,18,30200.0,6.303335914097261
midas_rhofull,18,30500.0,6.427156123099849
midas_rhofull,18,30800.0,6.55659762310097
midas_rhofull,18,31100.0,6.6889580400893465
midas_rhofull,18,31400.0,6.813262665091315
midas_rhofull,18,31700.0,6.9852810401062015
midas_rhofull,18,32000.0,7.161794915096834
midas_rhofull,18,32300.0,7.314161207119469
midas_rhofull,18,32600.0,7.459494916140102
midas_rhofull,18,32900.0,7.591855166159803
midas_rhofull,18,33200.0,7.743116291152546
midas_rhofull,18,33500.0,7.862363041145727
midas_rhofull,18,33800.0,7.989292916143313
midas_rhofull,18,34100.0,8.11056462515262
midas_rhofull,18,34400.0,8.238974875159329
midas_rhofull,18,34700.0,8.363045708159916
midas_rhofull,18,35000.0,8.495052041165764
midas_rhofull,18,35300.0,8.625375000148779
midas_rhofull,18,35600.0,8.789963333139895
midas_rhofull,18,35900.0,8.94167250013561
midas_rhofull,18,36200.0,9.10259133312502
midas_rhofull,18,36500.0,9.276320791133912
midas_rhofull,18,36800.0,9.442612499115057
midas_rhofull,18,37100.0,9.6001162911125
midas_rhofull,18,37400.0,9.747841958102072
midas_rhofull,18,37700.0,9.90688920809771
midas_rhofull,18,38000.0,10.073221083090175
midas_rhofull,18,38300.0,10.240626208105823
midas_rhofull,18,38600.0,10.413079167105025
midas_rhofull,18,38900.0,10.559865584102226
midas_rhofull,18,39200.0,10.707780751108658
midas_rhofull,18,39500.0,10.855955667124363
midas_rhofull,18,39800.0,11.005944542121142
midas_rhofull,18,40100.0,11.166246875101933
midas_rhofull,18,40400.0,11.334528792125639
midas_rhofull,18,40700.0,11.49086750013521
midas_rhofull,18,41000.0,11.6476833341585
midas_rhofull,18,41300.0,11.800865709141362
midas_rhofull,18,41600.0,11.95449729214306
midas_rhofull,18,41900.0,12.10985550112673
midas_rhofull,18,42200.0,12.266482209117385
midas_rhofull,18,42500.0,12.421213792113122
midas_rhofull,18,42800.0,12.638366209110245
midas_rhofull,18,43100.0,12.919860251102364
midas_rhofull,18,43400.0,13.214623959123855
midas_rhofull,18,43700.0,13.451006792107364
midas_rhofull,18,44000.0,13.656419125123648
midas_rhofull,18,44300.0,13.845010667137103
midas_rhofull,18,44600.0,14.047521958127618
midas_rhofull,18,44900.0,14.28180895812693
midas_rhofull,18,45200.0,14.537607167148963
midas_rhofull,18,45500.0,14.742571751150535
midas_rhofull,18,45800.0,14.916819084144663
midas_rhofull,18,46100.0,15.165663125138963
midas_rhofull,18,46400.0,15.375097500131233
midas_rhofull,18,46700.0,15.619286375120282
midas_rhofull,18,47000.0,15.833457416127203
midas_rhofull,18,47300.0,16.010841958137462
midas_rhofull,18,47600.0,16.188573583116522
midas_rhofull,18,47900.0,16.369597292126855
midas_rhofull,18,48200.0,16.55204012512695
midas_rhofull,18,48500.0,16.732508250133833
midas_rhofull,18,48800.0,16.917727166146506
midas_rhofull,18,49100.0,17.099766916158842
midas_rhofull,18,49400.0,17.300020916154608
midas_rhofull,18,49700.0,17.501953124126885
midas_rhofull,18,50000.0,17.73828570713522
midas_rhofull,18,50300.0,17.92603737313766
midas_rhofull,18,50600.0,18.12508879014058
midas_rhofull,18,50900.0,18.319861540134298
midas_rhofull,18,51200.0,18.50999366515316
midas_rhofull,18,51500.0,18.703228540165583
midas_rhofull,18,51800.0,18.89580087416107
midas_rhofull,18,52100.0,19.090139207139146
midas_rhofull,18,52400.0,19.28160149915493
midas_rhofull,18,52700.0,19.479092624154873
midas_rhofull,18,53000.0,19.679169333161553
midas_rhofull,18,53300.0,19.880023458157666
midas_rhofull,18,53600.0,20.123911542177666
midas_rhofull,18,53900.0,20.38178279218846
midas_rhofull,18,54200.0,20.6175837511837
midas_rhofull,18,54500.0,20.82686166820349
midas_rhofull,18,54800.0,21.03791408520192
midas_rhofull,18,55100.0,21.25159471022198
midas_rhofull,18,55400.0,21.47984875223483
midas_rhofull,18,55700.0,21.69595071024378
midas_rhofull,18,56000.0,21.912829419248737
midas_rhofull,18,56300.0,22.133171503257472
midas_rhofull,18,56600.0,22.35442375324783
midas_rhofull,18,56900.0,22.575659337249817
midas_rhofull,18,57200.0,22.80131771226297
midas_rhofull,18,57500.0,23.027096962265205
midas_rhofull,18,57800.0,23.292829795274884
midas_rhofull,18,58100.0,23.551672045286978
midas_rhofull,18,58400.0,23.81416237927624
midas_rhofull,18,58700.0,24.050148920272477
midas_rhofull,18,59000.0,24.281978545273887
midas_rhofull,18,59300.0,24.519388504268136
midas_rhofull,18,59600.0,24.789908962266054
midas_rhofull,18,59900.0,25.098113754269434
midas_rhofull,18,60200.0,25.370980004256126
midas_rhofull,18,60500.0,25.643327546247747
midas_rhofull,18,60800.0,25.9102874622331
midas_rhofull,18,61100.0,26.16347233724082
midas_rhofull,18,61400.0,26.414064671233064
midas_rhofull,18,61700.0,26.698651671234984
midas_rhofull,18,62000.0,26.947021337226033
midas_rhofull,19,2000.0,0.0018800419929903
midas_rhofull,19,2300.0,0.010419541998999193
midas_rhofull,19,2600.0,0.02011029198183678
midas_rhofull,19,2900.0,0.029980541992699727
midas_rhofull,19,3200.0,0.04061333299614489
midas_rhofull,19,3500.0,0.05206783299217932
midas_rhofull,19,3800.0,0.06468599900836125
midas_rhofull,19,4100.0,0.07805283201741986
midas_rhofull,19,4400.0,0.09203112401883118
midas_rhofull,19,4700.0,0.10711666502174921
midas_rhofull,19,5000.0,0.19982641501701437
midas_rhofull,19,5300.0,0.23606616503093392
midas_rhofull,19,5600.0,0.2671211230335757
midas_rhofull,19,5900.0,0.29559533105930313
midas_rhofull,19,6200.0,0.32587291407980956
midas_rhofull,19,6500.0,0.36011691406019963
midas_rhofull,19,6800.0,0.3930403720587492
midas_rhofull,19,7100.0,0.4216960390622262
midas_rhofull,19,7400.0,0.45488987205317244
midas_rhofull,19,7700.0,0.4878975800529588
midas_rhofull,19,8000.0,0.5195599130529445
midas_rhofull,19,8300.0,0.5514244130754378
midas_rhofull,19,8600.0,0.5849670380703174
midas_rhofull,19,8900.0,0.6182859130494762
midas_rhofull,19,9200.0,0.662375496031018
midas_rhofull,19,9500.0,0.7116671210096683
midas_rhofull,19,9800.0,0.7612414130126126
midas_rhofull,19,10100.0,0.7947942460305057
midas_rhofull,19,10400.0,0.8315426630433649
midas_rhofull,19,10700.0,0.8719957880384754
midas_rhofull,19,11000.0,0.9121860790473875
midas_rhofull,19,11300.0,0.9536487870500423
midas_rhofull,19,11600.0,1.0140574120450765
midas_rhofull,19,11900.0,1.0567448290530592
midas_rhofull,19,12200.0,1.1221807880501729
midas_rhofull,19,12500.0,1.1831362470402382
midas_rhofull,19,12800.0,1.2453620390442666
midas_rhofull,19,13100.0,1.3066972060478292
midas_rhofull,19,13400.0,1.3682269150449429
midas_rhofull,19,13700.0,1.4278261240688153
midas_rhofull,19,14000.0,1.4876753320568241
midas_rhofull,19,14300.0,1.5480113320809323
midas_rhofull,19,14600.0,1.6078484980680514
midas_rhofull,19,14900.0,1.6676539980689995
midas_rhofull,19,15200.0,1.7274475820595399
midas_rhofull,19,15500.0,1.8046411230461672
midas_rhofull,19,15800.0,1.8781626230338588
midas_rhofull,19,16100.0,1.9498013730335515
midas_rhofull,19,16400.0,2.022297706018435
midas_rhofull,19,16700.0,2.0905881650105584
midas_rhofull,19,17000.0,2.168466664996231
midas_rhofull,19,17300.0,2.241208165010903
midas_rhofull,19,17600.0,2.322782831004588
midas_rhofull,19,17900.0,2.3942736650060397
midas_rhofull,19,18200.0,2.4628766649984755
midas_rhofull,19,18500.0,2.5352556649886537
midas_rhofull,19,18800.0,2.725893372989958
midas_rhofull,19,19100.0,2.852660331001971
midas_rhofull,19,19400.0,2.963021164003294
midas_rhofull,19,19700.0,3.0437484970025253
midas_rhofull,19,20000.0,3.1337360390170943
midas_rhofull,19,20300.0,3.2232517470256425
midas_rhofull,19,20600.0,3.3161726640246343
midas_rhofull,19,20900.0,3.3992610390414484
midas_rhofull,19,21200.0,3.4887984560627956
midas_rhofull,19,21500.0,3.5709577060770243
midas_rhofull,19,21800.0,3.648663040075917
midas_rhofull,19,22100.0,3.7369037480675615
midas_rhofull,19,22400.0,3.81644570606295
midas_rhofull,19,22700.0,3.904086247057421
midas_rhofull,19,23000.0,3.9956739560584538
midas_rhofull,19,23300.0,4.089262789057102
midas_rhofull,19,23600.0,4.1888379560550675
midas_rhofull,19,23900.0,4.278941831056727
midas_rhofull,19,24200.0,4.373071248061024
midas_rhofull,19,24500.0,4.467364331067074
midas_rhofull,19,24800.0,4.5783469980815426
midas_rhofull,19,25100.0,4.683981082082028
midas_rhofull,19,25400.0,4.796588624070864
midas_rhofull,19,25700.0,4.899138790060533
midas_rhofull,19,26000.0,4.994488831056515
midas_rhofull,19,26300.0,5.1085867060755845
midas_rhofull,19,26600.0,5.215403123060241
midas_rhofull,19,26900.0,5.328822790062986
midas_rhofull,19,27200.0,5.4250840820604935
midas_rhofull,19,27500.0,5.579165415052557
midas_rhofull,19,27800.0,5.804082915070467
midas_rhofull,19,28100.0,6.040207790065324
midas_rhofull,19,28400.0,6.217318331066053
midas_rhofull,19,28700.0,6.410530456079869
midas_rhofull,19,29000.0,6.608342540072044
midas_rhofull,19,29300.0,6.787193290074356
midas_rhofull,19,29600.0,6.954008415050339
midas_rhofull,19,29900.0,7.121425581048243
midas_rhofull,19,30200.0,7.261493164056446
midas_rhofull,19,30500.0,7.389498039061436
midas_rhofull,19,30800.0,7.503818622062681
midas_rhofull,19,31100.0,7.652435331081506
midas_rhofull,19,31400.0,7.795135415071854
midas_rhofull,19,31700.0,7.917249790072674
midas_rhofull,19,32000.0,8.099955456069438
midas_rhofull,19,32300.0,8.253498831065372
midas_rhofull,19,32600.0,8.43015587204718
midas_rhofull,19,32900.0,8.606058289064094
midas_rhofull,19,33200.0,8.78721724706702
midas_rhofull,19,33500.0,8.951453330082586
midas_rhofull,19,33800.0,9.135086705093272
midas_rhofull,19,34100.0,9.308415664068889
midas_rhofull,19,34400.0,9.47310874707182
midas_rhofull,19,34700.0,9.625178580085048
midas_rhofull,19,35000.0,9.752065080101602
midas_rhofull,19,35300.0,9.92454316309886
midas_rhofull,19,35600.0,10.089690871100174
midas_rhofull,19,35900.0,10.21974741210579
midas_rhofull,19,36200.0,10.349593204096891
midas_rhofull,19,36500.0,10.479868746100692
midas_rhofull,19,36800.0,10.639599621092202
midas_rhofull,19,37100.0,10.824373163079144
midas_rhofull,19,37400.0,10.968270538083743
midas_rhofull,19,37700.0,11.108139080082765
midas_rhofull,19,38000.0,11.276994205079973
midas_rhofull,19,38300.0,11.452040497068083
midas_rhofull,19,38600.0,11.633519289083779
midas_rhofull,19,38900.0,11.805898039077874
midas_rhofull,19,39200.0,11.959591372084105
midas_rhofull,19,39500.0,12.130094705091324
midas_rhofull,19,39800.0,12.275148038082989
midas_rhofull,19,40100.0,12.421048288088059
midas_rhofull,19,40400.0,12.58215820408077
midas_rhofull,19,40700.0,12.73005032906076
midas_rhofull,19,41000.0,12.879066621069796
midas_rhofull,19,41300.0,13.031202204088913
midas_rhofull,19,41600.0,13.182157329109032
midas_rhofull,19,41900.0,13.33365187011077
midas_rhofull,19,42200.0,13.502047412097454
midas_rhofull,19,42500.0,13.657348662090953
midas_rhofull,19,42800.0,13.827776787104085
midas_rhofull,19,43100.0,14.006413620110834
midas_rhofull,19,43400.0,14.180263620131882
midas_rhofull,19,43700.0,14.337328245135723
midas_rhofull,19,44000.0,14.501474704127759
midas_rhofull,19,44300.0,14.66519016213715
midas_rhofull,19,44600.0,14.829537662124494
midas_rhofull,19,44900.0,14.994457996130222
midas_rhofull,19,45200.0,15.164261871133931
midas_rhofull,19,45500.0,15.333850913128117
midas_rhofull,19,45800.0,15.510521747113671
midas_rhofull,19,46100.0,15.682178997114534
midas_rhofull,19,46400.0,15.856097039097222
midas_rhofull,19,46700.0,16.05283537210198
midas_rhofull,19,47000.0,16.25071924709482
midas_rhofull,19,47300.0,16.458301913109608
midas_rhofull,19,47600.0,16.638989872095408
midas_rhofull,19,47900.0,16.838337955094175
midas_rhofull,19,48200.0,17.056955789070344
midas_rhofull,19,48500.0,17.269929331057938
midas_rhofull,19,48800.0,17.453112414077623
midas_rhofull,19,49100.0,17.63815191408503
midas_rhofull,19,49400.0,17.823673456092365
midas_rhofull,19,49700.0,18.018047956109513
midas_rhofull,19,50000.0,18.243506790109677
midas_rhofull,19,50300.0,18.570330956106773
midas_rhofull,19,50600.0,18.912251081084833
midas_rhofull,19,50900.0,19.210197831096593
midas_rhofull,19,51200.0,19.476821289106738
midas_rhofull,19,51500.0,19.76069945609197
midas_rhofull,19,51800.0,20.00510429008864
midas_rhofull,19,52100.0,20.22706933208974
midas_rhofull,19,52400.0,20.48906579008326
midas_rhofull,19,52700.0,20.764445831096964
midas_rhofull,19,53000.0,21.041790456103627
midas_rhofull,19,53300.0,21.309398164099548
midas_rhofull,19,53600.0,21.580102039093617
midas_rhofull,19,53900.0,21.88505741409608
midas_rhofull,19,54200.0,22.188927080103895
midas_rhofull,19,54500.0,22.418164080096176
midas_rhofull,19,54800.0,22.630540163081605
midas_rhofull,19,55100.0,22.845774746092502
midas_rhofull,19,55400.0,23.05821232908056
midas_rhofull,19,55700.0,23.27385212108493
midas_rhofull,19,56000.0,23.491742162092123
midas_rhofull,19,56300.0,23.712878245074535
midas_rhofull,19,56600.0,24.054720078071114
midas_rhofull,19,56900.0,24.31160732806893
midas_rhofull,19,57200.0,24.56046028606943
midas_rhofull,19,57500.0,24.853485411091242
midas_rhofull,19,57800.0,25.1168430770922
midas_rhofull,19,58100.0,25.39997824310558
midas_rhofull,19,58400.0,25.654543118085712
midas_rhofull,19,58700.0,25.917874034086708
midas_rhofull,19,59000.0,26.21005174209131
midas_rhofull,19,59300.0,26.512147492088843
midas_rhofull,19,59600.0,26.81177757610567
midas_rhofull,19,59900.0,27.074785285105463
midas_rhofull,19,60200.0,27.330148451088462
midas_rhofull,19,60500.0,27.611622159107355
midas_rhofull,19,60800.0,27.909885534114437
midas_rhofull,19,61100.0,28.202351076120976
midas_rhofull,19,61400.0,28.510253993124934
midas_rhofull,19,61700.0,28.76519820210524
midas_rhofull,19,62000.0,29.083939827105496
kamh_tuned,20,2000.0,0.09767474999534898
kamh_tuned,20,8000.0,0.9053343329869676
kamh_tuned,20,14000.0,2.3483273329911754
kamh_tuned,20,20000.0,3.820342332997825
kamh_tuned,20,26000.0,5.284336082986556
kamh_tuned,20,32000.0,6.743965832982212
kamh_tuned,20,38000.0,8.213711457996396
kamh_tuned,20,44000.0,9.675769458001014
kamh_tuned,20,50000.0,11.129972499998985
kamh_tuned,20,56000.0,12.592471582989674
kamh_tuned,20,62000.0,14.032065999985207
kamh_tuned,21,2000.0,0.09068079199641943
kamh_tuned,21,8000.0,0.9350167500087991
kamh_tuned,21,14000.0,2.5326735420094337
kamh_tuned,21,20000.0,4.104932375019416
kamh_tuned,21,26000.0,5.6410157920036
kamh_tuned,21,32000.0,7.103683417022694
kamh_tuned,21,38000.0,8.699432292021811
kamh_tuned,21,44000.0,10.26172633402166
kamh_tuned,21,50000.0,11.752662292012246
kamh_tuned,21,56000.0,13.187869709014194
kamh_tuned,21,62000.0,14.614459709002404
kamh_tuned,22,2000.0,0.08849500000360422
kamh_tuned,22,8000.0,0.880873457994312
kamh_tuned,22,14000.0,2.2488172920129728
kamh_tuned,22,20000.0,3.684400124999229
kamh_tuned,22,26000.0,5.137275667017093
kamh_tuned,22,32000.0,6.562442499998724
kamh_tuned,22,38000.0,7.996158167021349
kamh_tuned,22,44000.0,9.419458332995418
kamh_tuned,22,50000.0,10.86475883302046
kamh_tuned,22,56000.0,12.304166625021026
kamh_tuned,22,62000.0,13.740051291999407
kamh_tuned,23,2000.0,0.08436820801580325
kamh_tuned,23,8000.0,0.8690520829986781
kamh_tuned,23,14000.0,2.2711499580182135
kamh_tuned,23,20000.0,3.7253587919985875
kamh_tuned,23,26000.0,5.167857042019023
kamh_tuned,23,32000.0,6.616367042006459
kamh_tuned,23,38000.0,8.041657624999061
kamh_tuned,23,44000.0,9.495386583002983
kamh_tuned,23,50000.0,10.96379866701318
kamh_tuned,23,56000.0,12.42481070800568
kamh_tuned,23,62000.0,13.878983625007095
kamh_tuned,24,2000.0,0.08570895798038691
kamh_tuned,24,8000.0,0.8600081249896903
kamh_tuned,24,14000.0,2.2812693330051843
kamh_tuned,24,20000.0,3.75441637498443
kamh_tuned,24,26000.0,5.3276161669928115
kamh_tuned,24,32000.0,6.816411249979865
kamh_tuned,24,38000.0,8.290344124980038
kamh_tuned,24,44000.0,9.765592124982504
kamh_tuned,24,50000.0,11.283161416999064
kamh_tuned,24,56000.0,12.91985433298396
kamh_tuned,24,62000.0,14.496609291993082
ais_tuned,25,6000.0,0.00975516700418666
ais_tuned,25,12000.0,0.019150542007992044
ais_tuned,25,18000.0,0.02815258299233392
ais_tuned,25,24000.0,0.03615087500656955
ais_tuned,25,30000.0,0.04751595901325345
ais_tuned,25,36000.0,0.05716208298690617
ais_tuned,25,42000.0,0.06515741697512567
ais_tuned,25,48000.0,0.07414137502200902
ais_tuned,25,54000.0,0.08429337499546818
ais_tuned,25,60000.0,0.09491416698438115
ais_tuned,26,6000.0,0.009301540994783863
ais_tuned,26,12000.0,0.019517249980708584
ais_tuned,26,18000.0,0.028061041986802593
ais_tuned,26,24000.0,0.03908741701161489
ais_tuned,26,30000.0,0.04739558300934732
ais_tuned,26,36000.0,0.05805125000188127
ais_tuned,26,42000.0,0.06728166600805707
ais_tuned,26,48000.0,0.07683574999100529
ais_tuned,26,54000.0,0.08545616699848324
ais_tuned,26,60000.0,0.09423320900532417
ais_tuned,27,6000.0,0.010054999991552904
ais_tuned,27,12000.0,0.02055766701232642
ais_tuned,27,18000.0,0.02867033300572075
ais_tuned,27,24000.0,0.0379943750158418
ais_tuned,27,30000.0,0.04860604100394994
ais_tuned,27,36000.0,0.057864541973685846
ais_tuned,27,42000.0,0.06645183300133795
ais_tuned,27,48000.0,0.07153170899255201
ais_tuned,27,54000.0,0.08220750000327826
ais_tuned,27,60000.0,0.09292191700660624
ais_tuned,28,6000.0,0.009547541994834319
ais_tuned,28,12000.0,0.02009124998585321
ais_tuned,28,18000.0,0.028880124998977408
ais_tuned,28,24000.0,0.03669000000809319
ais_tuned,28,30000.0,0.047699458023998886
ais_tuned,28,36000.0,0.05437454200000502
ais_tuned,28,42000.0,0.06778716697590426
ais_tuned,28,48000.0,0.0734829579887446
ais_tuned,28,54000.0,0.08523354202043265
ais_tuned,28,60000.0,0.09319779099314474
ais_tuned,29,6000.0,0.00937179202446714
ais_tuned,29,12000.0,0.01824241699068807
ais_tuned,29,18000.0,0.027696042001480237
ais_tuned,29,24000.0,0.03588508299435489
ais_tuned,29,30000.0,0.04768679101835005
ais_tuned,29,36000.0,0.05786762500065379
ais_tuned,29,42000.0,0.06562533299438655
ais_tuned,29,48000.0,0.07321629201760516
ais_tuned,29,54000.0,0.08614508301252499
ais_tuned,29,60000.0,0.09364233398810029
