case,N,n_mcmc,schedule,beta_min,proposal,K,seed,metric,ess
mixture,100,1,geometric,0.0001,isotropic,600,90000,-2.053178335849201,1.982628267533434
mixture,100,1,geometric,0.0001,isotropic,600,90001,-2.3099094739563397,3.7951413051973395
mixture,100,1,geometric,0.0001,isotropic,600,90002,-2.277245933116587,2.4002212108116763
mixture,100,1,geometric,0.0001,isotropic,600,90003,-1.9974390752151094,1.9372256852335097
mixture,100,1,geometric,0.0001,isotropic,600,90004,-2.0314091883295426,4.183030271213816
mixture,100,1,geometric,0.0001,isotropic,600,90005,-1.5519959186061574,3.2678242088497496
mixture,100,1,geometric,0.0001,isotropic,600,90006,-1.6917976485894728,1.0593913983932475
mixture,100,1,geometric,0.0001,isotropic,600,90007,-2.208495870424225,3.3777096867641783
mixture,100,1,geometric,0.0001,isotropic,600,90008,-1.8509871451870488,2.0357723729660266
mixture,100,1,geometric,0.0001,isotropic,600,90009,-1.965835720763349,1.797968798770582
mixture,100,1,geometric,0.0001,diag,600,90000,-1.816794744257762,4.600670303764838
mixture,100,1,geometric,0.0001,diag,600,90001,-2.570179963507085,5.52351945651528
mixture,100,1,geometric,0.0001,diag,600,90002,-2.4270802188782064,5.416628111627704
mixture,100,1,geometric,0.0001,diag,600,90003,-1.7945664369887142,1.1533753596302496
mixture,100,1,geometric,0.0001,diag,600,90004,-1.8676300055046997,1.2863016778631142
mixture,100,1,geometric,0.0001,diag,600,90005,-1.765513406394943,1.2403639932583412
mixture,100,1,geometric,0.0001,diag,600,90006,-1.3036502642148318,1.4603467123217693
mixture,100,1,geometric,0.0001,diag,600,90007,-2.031331879713181,2.1859581188306834
mixture,100,1,geometric,0.0001,diag,600,90008,-1.949692205053954,3.0213267702122626
mixture,100,1,geometric,0.0001,diag,600,90009,-1.6223289811883888,2.036386658779583
mixture,100,1,geometric,0.001,isotropic,600,90000,-2.1202453558394945,2.4955667614125776
mixture,100,1,geometric,0.001,isotropic,600,90001,-2.4848207739695267,3.8126844845840107
mixture,100,1,geometric,0.001,isotropic,600,90002,-2.3702529897080002,3.3652919831676393
mixture,100,1,geometric,0.001,isotropic,600,90003,-2.49988310031877,5.643751005510732
mixture,100,1,geometric,0.001,isotropic,600,90004,-1.5059773432032346,1.5943329210360249
mixture,100,1,geometric,0.001,isotropic,600,90005,-1.8811655484479077,4.6939356433537585
mixture,100,1,geometric,0.001,isotropic,600,90006,-2.2741092897863386,3.9164764401401984
mixture,100,1,geometric,0.001,isotropic,600,90007,-2.278046971739893,3.2876352494358607
mixture,100,1,geometric,0.001,isotropic,600,90008,-2.3925492989775123,7.816742875733621
mixture,100,1,geometric,0.001,isotropic,600,90009,-2.30947358820123,2.5658586721366996
mixture,100,1,geometric,0.001,diag,600,90000,-2.1282175802929366,5.262703076441475
mixture,100,1,geometric,0.001,diag,600,90001,-2.594875985589896,5.44881149733334
mixture,100,1,geometric,0.001,diag,600,90002,-2.483414115728035,2.8025735476260905
mixture,100,1,geometric,0.001,diag,600,90003,-2.426166733239821,2.6609881590899547
mixture,100,1,geometric,0.001,diag,600,90004,-1.487066527945876,1.6496856165385358
mixture,100,1,geometric,0.001,diag,600,90005,-2.289257928596933,2.2811672507871936
mixture,100,1,geometric,0.001,diag,600,90006,-1.8917978355983076,3.819076148487786
mixture,100,1,geometric,0.001,diag,600,90007,-2.017602783166969,1.4639795939568656
mixture,100,1,geometric,0.001,diag,600,90008,-2.6976585024201754,8.475419758498111
mixture,100,1,geometric,0.001,diag,600,90009,-1.9612566517260577,3.457560586560939
mixture,100,1,geometric,0.01,isotropic,600,90000,-2.71809097827289,7.053477410756122
mixture,100,1,geometric,0.01,isotropic,600,90001,-1.8523693664318766,6.056568868934065
mixture,100,1,geometric,0.01,isotropic,600,90002,-1.8518827250004422,6.025096818701273
mixture,100,1,geometric,0.01,isotropic,600,90003,-2.2926563426085784,3.52869922010855
mixture,100,1,geometric,0.01,isotropic,600,90004,-2.1180623879796365,2.78085787993712
mixture,100,1,geometric,0.01,isotropic,600,90005,-2.4228167373733105,5.495633066968472
mixture,100,1,geometric,0.01,isotropic,600,90006,-2.036893210837125,5.80439458398974
mixture,100,1,geometric,0.01,isotropic,600,90007,-1.9281435303172685,5.139196323717005
mixture,100,1,geometric,0.01,isotropic,600,90008,-2.341034470136719,6.085656004496106
mixture,100,1,geometric,0.01,isotropic,600,90009,-1.842950112206397,5.728456141117001
mixture,100,1,geometric,0.01,diag,600,90000,-2.228930742750525,5.5695966581786465
mixture,100,1,geometric,0.01,diag,600,90001,-2.4076267740750503,4.750062861111394
mixture,100,1,geometric,0.01,diag,600,90002,-2.1248494679732985,1.9297330399424626
mixture,100,1,geometric,0.01,diag,600,90003,-2.5891075636757157,3.5347022672661215
mixture,100,1,geometric,0.01,diag,600,90004,-2.117062471184657,1.7463813341977044
mixture,100,1,geometric,0.01,diag,600,90005,-1.3967582894319523,1.5107822573212688
mixture,100,1,geometric,0.01,diag,600,90006,-2.4702825487831817,6.605835849154449
mixture,100,1,geometric,0.01,diag,600,90007,-2.1594650414545513,2.254407870943823
mixture,100,1,geometric,0.01,diag,600,90008,-1.9132924311520714,3.387420518183658
mixture,100,1,geometric,0.01,diag,600,90009,-2.2677676411332066,4.973042425112096
mixture,100,1,linear,0.001,isotropic,600,90000,-1.703536012289648,1.1550905856760467
mixture,100,1,linear,0.001,isotropic,600,90001,-1.9066989259724703,1.3408092770998252
mixture,100,1,linear,0.001,isotropic,600,90002,-1.3093790911003804,2.113665134586821
mixture,100,1,linear,0.001,isotropic,600,90003,-1.7357852840300945,1.670825522135837
mixture,100,1,linear,0.001,isotropic,600,90004,-1.4324975777444944,1.0580734168014172
mixture,100,1,linear,0.001,isotropic,600,90005,-1.4375383789575726,2.9793136820105217
mixture,100,1,linear,0.001,isotropic,600,90006,-1.3741947948146225,1.3371894060395957
mixture,100,1,linear,0.001,isotropic,600,90007,-1.8894272159211343,2.757728031184787
mixture,100,1,linear,0.001,isotropic,600,90008,-1.7580508592049549,3.7670213527893877
mixture,100,1,linear,0.001,isotropic,600,90009,-1.9150710341356025,1.6958523639847487
mixture,100,1,linear,0.001,diag,600,90000,-1.4166468273901172,2.2088460173571653
mixture,100,1,linear,0.001,diag,600,90001,-1.542593416426762,1.6917673915112257
mixture,100,1,linear,0.001,diag,600,90002,-1.8915607443539242,1.2596933939043173
mixture,100,1,linear,0.001,diag,600,90003,-2.1761924149253566,4.478886976267017
mixture,100,1,linear,0.001,diag,600,90004,-2.1931862464805914,2.8984650239534395
mixture,100,1,linear,0.001,diag,600,90005,-1.8457626491590973,2.4270149851424203
mixture,100,1,linear,0.001,diag,600,90006,-1.7560815765471205,1.2845566407511748
mixture,100,1,linear,0.001,diag,600,90007,-1.6720129976129132,1.4714568311967762
mixture,100,1,linear,0.001,diag,600,90008,-1.8737602327539233,1.4830111899056406
mixture,100,1,linear,0.001,diag,600,90009,-2.1948411568385717,2.6655427504435707
mixture,100,2,geometric,0.0001,isotropic,300,90000,-2.076293949006198,2.4974640259774734
mixture,100,2,geometric,0.0001,isotropic,300,90001,-1.8509800945738395,3.812199689519545
mixture,100,2,geometric,0.0001,isotropic,300,90002,-1.7027542129356144,1.0949927568267928
mixture,100,2,geometric,0.0001,isotropic,300,90003,-2.0934338360683475,3.2451136166862606
mixture,100,2,geometric,0.0001,isotropic,300,90004,-2.074346885806238,2.256880670164641
mixture,100,2,geometric,0.0001,isotropic,300,90005,-1.739666203176958,1.4571829655375432
mixture,100,2,geometric,0.0001,isotropic,300,90006,-1.7932696129608268,3.3610514206087743
mixture,100,2,geometric,0.0001,isotropic,300,90007,-1.7561256300308958,1.9362800191129765
mixture,100,2,geometric,0.0001,isotropic,300,90008,-1.7899783210460158,1.192194342698249
mixture,100,2,geometric,0.0001,isotropic,300,90009,-2.20817652563001,1.9138857850870001
mixture,100,2,geometric,0.0001,diag,300,90000,-1.6669060123666057,1.0023706967656807
mixture,100,2,geometric,0.0001,diag,300,90001,-2.382181492885224,7.2612736796133746
mixture,100,2,geometric,0.0001,diag,300,90002,-1.9787988588422758,3.5471697979877557
mixture,100,2,geometric,0.0001,diag,300,90003,-1.9082030717351464,4.311051998145829
mixture,100,2,geometric,0.0001,diag,300,90004,-1.6823324119025114,6.12230364923996
mixture,100,2,geometric,0.0001,diag,300,90005,-1.9269800994316668,2.1302528119347226
mixture,100,2,geometric,0.0001,diag,300,90006,-2.3842122821276153,5.186973345882663
mixture,100,2,geometric,0.0001,diag,300,90007,-1.6604795472378087,1.0460654923434338
mixture,100,2,geometric,0.0001,diag,300,90008,-1.7990980345931753,1.2557404715318194
mixture,100,2,geometric,0.0001,diag,300,90009,-1.92521871282797,1.4097231541579478
mixture,100,2,geometric,0.001,isotropic,300,90000,-2.522574123030772,6.012853216537958
mixture,100,2,geometric,0.001,isotropic,300,90001,-2.0422203257042266,7.660002182395524
mixture,100,2,geometric,0.001,isotropic,300,90002,-1.7860796256645965,1.2227584997610286
mixture,100,2,geometric,0.001,isotropic,300,90003,-2.632150814153796,5.606785849648928
mixture,100,2,geometric,0.001,isotropic,300,90004,-1.7176921185840661,3.0900238997957947
mixture,100,2,geometric,0.001,isotropic,300,90005,-1.9700576051717853,2.2982597846886654
mixture,100,2,geometric,0.001,isotropic,300,90006,-1.779263887514406,4.263741339830867
mixture,100,2,geometric,0.001,isotropic,300,90007,-1.8889609130048364,2.730436553451951
mixture,100,2,geometric,0.001,isotropic,300,90008,-2.3742851536548804,5.431687379674424
mixture,100,2,geometric,0.001,isotropic,300,90009,-2.158500866954305,2.2838782715420054
mixture,100,2,geometric,0.001,diag,300,90000,-1.873626683001877,3.8312814721535937
mixture,100,2,geometric,0.001,diag,300,90001,-2.395942624803649,4.8078171995251
mixture,100,2,geometric,0.001,diag,300,90002,-2.4372253789212075,2.870256082407094
mixture,100,2,geometric,0.001,diag,300,90003,-1.601249452058421,3.9591644574388765
mixture,100,2,geometric,0.001,diag,300,90004,-1.5709924011602128,2.4529847976787713
mixture,100,2,geometric,0.001,diag,300,90005,-2.4351846546555542,4.8389017580432725
mixture,100,2,geometric,0.001,diag,300,90006,-2.2305966671519197,3.6467662639624066
mixture,100,2,geometric,0.001,diag,300,90007,-2.0232015564185337,3.7263458692976954
mixture,100,2,geometric,0.001,diag,300,90008,-1.646530907602015,2.3012797599013335
mixture,100,2,geometric,0.001,diag,300,90009,-2.3294780708073763,2.8033506702664024
mixture,100,2,geometric,0.01,isotropic,300,90000,-2.2996165376795186,2.87071918121802
mixture,100,2,geometric,0.01,isotropic,300,90001,-2.2279021533255055,7.545528458629387
mixture,100,2,geometric,0.01,isotropic,300,90002,-2.9349008023230976,7.121364664542087
mixture,100,2,geometric,0.01,isotropic,300,90003,-2.177897692558273,3.978736070684421
mixture,100,2,geometric,0.01,isotropic,300,90004,-2.0341407920974905,1.487341938256372
mixture,100,2,geometric,0.01,isotropic,300,90005,-2.2142152777880626,2.660117920877548
mixture,100,2,geometric,0.01,isotropic,300,90006,-2.028695199595743,2.349257770028597
mixture,100,2,geometric,0.01,isotropic,300,90007,-2.118481794024357,1.8587317803721781
mixture,100,2,geometric,0.01,isotropic,300,90008,-2.43150125616835,4.676384094663176
mixture,100,2,geometric,0.01,isotropic,300,90009,-2.046880166149377,3.032738112124948
mixture,100,2,geometric,0.01,diag,300,90000,-1.7489132886448246,4.416289994231845
mixture,100,2,geometric,0.01,diag,300,90001,-2.837026653704923,6.835008796992869
mixture,100,2,geometric,0.01,diag,300,90002,-2.137454475508019,3.935845749880415
mixture,100,2,geometric,0.01,diag,300,90003,-2.4004252600312284,8.586788066281251
mixture,100,2,geometric,0.01,diag,300,90004,-2.446382606465176,12.606902752954372
mixture,100,2,geometric,0.01,diag,300,90005,-2.6185975447207106,5.968850862317032
mixture,100,2,geometric,0.01,diag,300,90006,-2.537656552034847,4.662165257633513
mixture,100,2,geometric,0.01,diag,300,90007,-2.372858639827399,2.497243743451791
mixture,100,2,geometric,0.01,diag,300,90008,-2.3376250687096416,3.26843744513027
mixture,100,2,geometric,0.01,diag,300,90009,-1.9056043666410243,7.513381512489476
mixture,100,2,linear,0.001,isotropic,300,90000,-2.234320057846082,1.5700425096696153
mixture,100,2,linear,0.001,isotropic,300,90001,-1.7941618064472071,1.091283133206914
mixture,100,2,linear,0.001,isotropic,300,90002,-1.8177532634386313,2.3053663300753096
mixture,100,2,linear,0.001,isotropic,300,90003,-1.7659076868334356,4.625863246207469
mixture,100,2,linear,0.001,isotropic,300,90004,-1.5308823175695305,1.1278594109799465
mixture,100,2,linear,0.001,isotropic,300,90005,-1.9526444224213113,3.5020203131896745
mixture,100,2,linear,0.001,isotropic,300,90006,-1.6397672660894396,2.146153264974306
mixture,100,2,linear,0.001,isotropic,300,90007,-2.006066538563904,3.0365542084387305
mixture,100,2,linear,0.001,isotropic,300,90008,-1.4351249013143417,1.722573973758501
mixture,100,2,linear,0.001,isotropic,300,90009,-2.0269891828223536,2.202587480370992
mixture,100,2,linear,0.001,diag,300,90000,-2.381534242304449,3.3108650369812413
mixture,100,2,linear,0.001,diag,300,90001,-1.5671440100359313,1.8614486003388477
mixture,100,2,linear,0.001,diag,300,90002,-1.398521323072447,1.2623014828821855
mixture,100,2,linear,0.001,diag,300,90003,-1.9397306134237078,1.799695934811573
mixture,100,2,linear,0.001,diag,300,90004,-1.5841191855040528,2.8518508341184234
mixture,100,2,linear,0.001,diag,300,90005,-2.1169797653949898,1.9723470410043578
mixture,100,2,linear,0.001,diag,300,90006,-1.7987631086882658,1.167331306031256
mixture,100,2,linear,0.001,diag,300,90007,-1.7594436244102771,1.1149421901101646
mixture,100,2,linear,0.001,diag,300,90008,-1.5593797717657805,1.3645512000388043
mixture,100,2,linear,0.001,diag,300,90009,-1.9641924346546644,1.818398737210193
mixture,100,5,geometric,0.0001,isotropic,120,90000,-1.6127240583423286,1.0167455080839105
mixture,100,5,geometric,0.0001,isotropic,120,90001,-1.7508495855895172,1.1715202791773545
mixture,100,5,geometric,0.0001,isotropic,120,90002,-1.701052196391817,5.292431083311155
mixture,100,5,geometric,0.0001,isotropic,120,90003,-1.7197965968175832,1.0116785864367512
mixture,100,5,geometric,0.0001,isotropic,120,90004,-2.004254916656868,2.1797777484903755
mixture,100,5,geometric,0.0001,isotropic,120,90005,-1.6876200505022707,4.129231153106449
mixture,100,5,geometric,0.0001,isotropic,120,90006,-1.767053449463323,2.5439119833889214
mixture,100,5,geometric,0.0001,isotropic,120,90007,-2.030617734117054,1.8564421882597322
mixture,100,5,geometric,0.0001,isotropic,120,90008,-1.8459661602845847,4.7494773362948415
mixture,100,5,geometric,0.0001,isotropic,120,90009,-1.9545271563503568,3.8050614049149005
mixture,100,5,geometric,0.0001,diag,120,90000,-1.754216067572568,1.0562334939876676
mixture,100,5,geometric,0.0001,diag,120,90001,-2.1246603366444625,9.327311481432188
mixture,100,5,geometric,0.0001,diag,120,90002,-2.1086092172740383,1.5537998487429265
mixture,100,5,geometric,0.0001,diag,120,90003,-1.7634260118812817,2.829693424004654
mixture,100,5,geometric,0.0001,diag,120,90004,-2.286234644121356,3.30315326504025
mixture,100,5,geometric,0.0001,diag,120,90005,-2.3084029097019614,2.941047184349282
mixture,100,5,geometric,0.0001,diag,120,90006,-1.8071910088445668,2.7932040792322925
mixture,100,5,geometric,0.0001,diag,120,90007,-1.4318303545245494,1.2143591588063396
mixture,100,5,geometric,0.0001,diag,120,90008,-1.9647410409595198,3.395683644203666
mixture,100,5,geometric,0.0001,diag,120,90009,-2.339839855790558,2.1513868956551203
mixture,100,5,geometric,0.001,isotropic,120,90000,-2.6828041087474457,9.258783270245507
mixture,100,5,geometric,0.001,isotropic,120,90001,-1.4770917746066319,1.2756527905121082
mixture,100,5,geometric,0.001,isotropic,120,90002,-2.236546019508986,3.65390872194111
mixture,100,5,geometric,0.001,isotropic,120,90003,-1.8255152190865793,2.8422518592893167
mixture,100,5,geometric,0.001,isotropic,120,90004,-2.51125674498007,5.531207694422513
mixture,100,5,geometric,0.001,isotropic,120,90005,-1.5589563519140464,2.1295046763719836
mixture,100,5,geometric,0.001,isotropic,120,90006,-1.5841891516334103,2.3010591619642637
mixture,100,5,geometric,0.001,isotropic,120,90007,-2.255822636447251,2.985183684365389
mixture,100,5,geometric,0.001,isotropic,120,90008,-1.9575373433839969,1.6777143782890624
mixture,100,5,geometric,0.001,isotropic,120,90009,-2.1195166900529703,2.1270565932795735
mixture,100,5,geometric,0.001,diag,120,90000,-2.042763966691283,1.383957779097813
mixture,100,5,geometric,0.001,diag,120,90001,-1.2826141608023351,1.1479661466176696
mixture,100,5,geometric,0.001,diag,120,90002,-2.0098069661642315,1.7982206748710376
mixture,100,5,geometric,0.001,diag,120,90003,-2.314647695932445,4.750728578781589
mixture,100,5,geometric,0.001,diag,120,90004,-2.2126897135478183,3.3751999094403438
mixture,100,5,geometric,0.001,diag,120,90005,-2.0841807543661677,3.0435466334572223
mixture,100,5,geometric,0.001,diag,120,90006,-1.9317408042242208,1.7096570718716817
mixture,100,5,geometric,0.001,diag,120,90007,-2.126783432711089,4.533072633401227
mixture,100,5,geometric,0.001,diag,120,90008,-2.0497875704830055,5.3196114171902975
mixture,100,5,geometric,0.001,diag,120,90009,-2.1192229843152512,1.7818053565038003
mixture,100,5,geometric,0.01,isotropic,120,90000,-2.4560314268534205,14.021019797974649
mixture,100,5,geometric,0.01,isotropic,120,90001,-2.3303664486166724,3.03078503542684
mixture,100,5,geometric,0.01,isotropic,120,90002,-2.3858917510920086,3.345988402404005
mixture,100,5,geometric,0.01,isotropic,120,90003,-2.377038798501128,4.200787449131212
mixture,100,5,geometric,0.01,isotropic,120,90004,-1.9360114574937848,4.134033430801334
mixture,100,5,geometric,0.01,isotropic,120,90005,-1.5631922465997485,1.9915140416510255
mixture,100,5,geometric,0.01,isotropic,120,90006,-1.5481480409767063,2.5783483279881643
mixture,100,5,geometric,0.01,isotropic,120,90007,-2.5082171996021736,4.549734711861712
mixture,100,5,geometric,0.01,isotropic,120,90008,-1.7998223639471385,1.7463006824577108
mixture,100,5,geometric,0.01,isotropic,120,90009,-2.2232125177253557,6.485672759670635
mixture,100,5,geometric,0.01,diag,120,90000,-2.193917937200609,4.042966790208243
mixture,100,5,geometric,0.01,diag,120,90001,-1.6323596212296794,2.690390650407255
mixture,100,5,geometric,0.01,diag,120,90002,-2.1913383504850033,6.628840928891805
mixture,100,5,geometric,0.01,diag,120,90003,-1.7581067313130103,4.154175898796225
mixture,100,5,geometric,0.01,diag,120,90004,-2.611872032828443,5.844751534251206
mixture,100,5,geometric,0.01,diag,120,90005,-2.3087364873412906,2.6599014109394363
mixture,100,5,geometric,0.01,diag,120,90006,-2.1229904188906854,2.764086693894841
mixture,100,5,geometric,0.01,diag,120,90007,-1.8822072540884798,2.315971538353309
mixture,100,5,geometric,0.01,diag,120,90008,-1.9872675624074396,4.472653934952495
mixture,100,5,geometric,0.01,diag,120,90009,-2.4609860787630073,7.5380903355977615
mixture,100,5,linear,0.001,isotropic,120,90000,-1.4408182727949543,1.502206805735131
mixture,100,5,linear,0.001,isotropic,120,90001,-1.8291223218129664,1.199495511098517
mixture,100,5,linear,0.001,isotropic,120,90002,-1.381330106045237,3.265875942834755
mixture,100,5,linear,0.001,isotropic,120,90003,-2.277296860911289,3.1394537954781447
mixture,100,5,linear,0.001,isotropic,120,90004,-1.5046479912601576,1.1275717475805376
mixture,100,5,linear,0.001,isotropic,120,90005,-1.3108425819884855,1.0853443596136976
mixture,100,5,linear,0.001,isotropic,120,90006,-1.7196481401997927,2.3512637142205537
mixture,100,5,linear,0.001,isotropic,120,90007,-1.3326249340364955,2.140002820699974
mixture,100,5,linear,0.001,isotropic,120,90008,-1.5725233549212565,1.5260657566791032
mixture,100,5,linear,0.001,isotropic,120,90009,-1.8793199361676214,1.1735149056820657
mixture,100,5,linear,0.001,diag,120,90000,-1.6170875732807939,3.302553031548786
mixture,100,5,linear,0.001,diag,120,90001,-1.9128860902137632,1.8878794476295324
mixture,100,5,linear,0.001,diag,120,90002,-2.0880415633995906,1.5056966137091234
mixture,100,5,linear,0.001,diag,120,90003,-1.8190111463738325,2.5806889717161963
mixture,100,5,linear,0.001,diag,120,90004,-1.5142932189537588,1.304635197689797
mixture,100,5,linear,0.001,diag,120,90005,-1.959305074625087,1.4030812327100008
mixture,100,5,linear,0.001,diag,120,90006,-1.8139110286964817,1.0850223033010484
mixture,100,5,linear,0.001,diag,120,90007,-1.953457167189087,3.9044038156985494
mixture,100,5,linear,0.001,diag,120,90008,-1.8118106575868056,2.072634063834042
mixture,100,5,linear,0.001,diag,120,90009,-2.182023948394577,3.201146673708046
mixture,100,10,geometric,0.0001,isotropic,60,90000,-1.9931480492474853,2.278148311586435
mixture,100,10,geometric,0.0001,isotropic,60,90001,-1.8853428899124867,5.573347824198245
mixture,100,10,geometric,0.0001,isotropic,60,90002,-2.3874654453373343,2.8435591639938114
mixture,100,10,geometric,0.0001,isotropic,60,90003,-2.03564391983416,1.7911690331714258
mixture,100,10,geometric,0.0001,isotropic,60,90004,-2.146702567217216,3.1554967722322154
mixture,100,10,geometric,0.0001,isotropic,60,90005,-1.9516946875328423,2.4837068102490956
mixture,100,10,geometric,0.0001,isotropic,60,90006,-2.2556815876012073,3.1824286201037113
mixture,100,10,geometric,0.0001,isotropic,60,90007,-2.0380302073972745,3.1136702338148283
mixture,100,10,geometric,0.0001,isotropic,60,90008,-1.8537450196567136,1.518360294806981
mixture,100,10,geometric,0.0001,isotropic,60,90009,-2.21222272065768,3.581291142033189
mixture,100,10,geometric,0.0001,diag,60,90000,-1.7520213998597447,3.5445256108117817
mixture,100,10,geometric,0.0001,diag,60,90001,-2.1284977096550217,2.9559099505522597
mixture,100,10,geometric,0.0001,diag,60,90002,-1.8611071417700087,1.1192969697016544
mixture,100,10,geometric,0.0001,diag,60,90003,-1.361006522278303,1.1651306894793092
mixture,100,10,geometric,0.0001,diag,60,90004,-1.7626021139934942,3.154494855233507
mixture,100,10,geometric,0.0001,diag,60,90005,-1.8118851387229424,2.437637086252386
mixture,100,10,geometric,0.0001,diag,60,90006,-1.721218409478215,2.338933519462097
mixture,100,10,geometric,0.0001,diag,60,90007,-2.432338641512393,3.873329967214637
mixture,100,10,geometric,0.0001,diag,60,90008,-1.5553377878412542,2.273928635849736
mixture,100,10,geometric,0.0001,diag,60,90009,-2.195697442526773,1.718738830289772
mixture,100,10,geometric,0.001,isotropic,60,90000,-2.1067838441161304,4.318849050887048
mixture,100,10,geometric,0.001,isotropic,60,90001,-2.3972174058485893,2.472416730147099
mixture,100,10,geometric,0.001,isotropic,60,90002,-1.9970953938736884,1.2062070306304924
mixture,100,10,geometric,0.001,isotropic,60,90003,-1.88731795921569,1.5274938953211514
mixture,100,10,geometric,0.001,isotropic,60,90004,-1.8407214254068578,1.1153355901268407
mixture,100,10,geometric,0.001,isotropic,60,90005,-1.3482415125947096,1.2746625870912978
mixture,100,10,geometric,0.001,isotropic,60,90006,-1.954335291951637,4.062094902082895
mixture,100,10,geometric,0.001,isotropic,60,90007,-2.105154394638481,9.218550047112792
mixture,100,10,geometric,0.001,isotropic,60,90008,-1.820247294171944,1.5506476690981732
mixture,100,10,geometric,0.001,isotropic,60,90009,-2.013811080261649,1.856895005446833
mixture,100,10,geometric,0.001,diag,60,90000,-2.0578583970372404,7.086817780498607
mixture,100,10,geometric,0.001,diag,60,90001,-2.132911718485737,3.8644300633272683
mixture,100,10,geometric,0.001,diag,60,90002,-2.2396262863056102,2.254161721865464
mixture,100,10,geometric,0.001,diag,60,90003,-2.322515410155192,4.9074610286868365
mixture,100,10,geometric,0.001,diag,60,90004,-2.2564029412960247,2.625995420475911
mixture,100,10,geometric,0.001,diag,60,90005,-2.2077849569418726,3.896364931312192
mixture,100,10,geometric,0.001,diag,60,90006,-1.5225733879325596,2.987237759234873
mixture,100,10,geometric,0.001,diag,60,90007,-2.42139726962646,3.4968504335551436
mixture,100,10,geometric,0.001,diag,60,90008,-2.671266816025865,7.951202666700471
mixture,100,10,geometric,0.001,diag,60,90009,-1.7021778894939334,3.5432338766705502
mixture,100,10,geometric,0.01,isotropic,60,90000,-1.5069228474147645,1.771990114391627
mixture,100,10,geometric,0.01,isotropic,60,90001,-2.1006755446403487,4.735059942142151
mixture,100,10,geometric,0.01,isotropic,60,90002,-2.313476301275203,2.6844122523389906
mixture,100,10,geometric,0.01,isotropic,60,90003,-2.197785097282516,2.673772653730454
mixture,100,10,geometric,0.01,isotropic,60,90004,-1.5298961015052348,2.444008810475413
mixture,100,10,geometric,0.01,isotropic,60,90005,-1.8527856438044046,2.7019092494619716
mixture,100,10,geometric,0.01,isotropic,60,90006,-2.6156244951086793,5.771517894850517
mixture,100,10,geometric,0.01,isotropic,60,90007,-1.992500049442453,2.079645574915126
mixture,100,10,geometric,0.01,isotropic,60,90008,-2.3438729703204646,3.667967773264163
mixture,100,10,geometric,0.01,isotropic,60,90009,-2.300908435584358,5.02445114318274
mixture,100,10,geometric,0.01,diag,60,90000,-2.5077007611779596,4.2438008016468025
mixture,100,10,geometric,0.01,diag,60,90001,-2.837833710170297,7.672361570505913
mixture,100,10,geometric,0.01,diag,60,90002,-2.439156840643814,4.382878631956738
mixture,100,10,geometric,0.01,diag,60,90003,-2.3088430187093425,5.765106663333871
mixture,100,10,geometric,0.01,diag,60,90004,-2.5985813171999324,5.925929406937892
mixture,100,10,geometric,0.01,diag,60,90005,-1.457373799724547,2.038097999469976
mixture,100,10,geometric,0.01,diag,60,90006,-2.0456781949022056,1.7493286721230967
mixture,100,10,geometric,0.01,diag,60,90007,-2.3059801747797923,2.9539880071872737
mixture,100,10,geometric,0.01,diag,60,90008,-1.9341991497122053,5.2429811175828975
mixture,100,10,geometric,0.01,diag,60,90009,-2.112066328655988,7.333072840196777
mixture,100,10,linear,0.001,isotropic,60,90000,-1.403758395247743,1.803417638230928
mixture,100,10,linear,0.001,isotropic,60,90001,-1.9024516491105694,1.3539289563540104
mixture,100,10,linear,0.001,isotropic,60,90002,-1.9529269492990258,2.264831586605911
mixture,100,10,linear,0.001,isotropic,60,90003,-2.0305488719887377,2.9584476776757396
mixture,100,10,linear,0.001,isotropic,60,90004,-1.393526139055911,1.0610319827239265
mixture,100,10,linear,0.001,isotropic,60,90005,-1.5084265696959596,1.8072942246447556
mixture,100,10,linear,0.001,isotropic,60,90006,-1.4108194420544173,1.1172675302206585
mixture,100,10,linear,0.001,isotropic,60,90007,-1.9541809183853944,2.6188675823482788
mixture,100,10,linear,0.001,isotropic,60,90008,-2.3358625146750542,3.3496711554597662
mixture,100,10,linear,0.001,isotropic,60,90009,-1.8719065904022076,1.3374462317984261
mixture,100,10,linear,0.001,diag,60,90000,-1.5802620898889654,3.2329023966976704
mixture,100,10,linear,0.001,diag,60,90001,-1.7434270820654176,1.4319074155805607
mixture,100,10,linear,0.001,diag,60,90002,-1.7873194920010802,1.0778754136764008
mixture,100,10,linear,0.001,diag,60,90003,-1.5873159532194692,1.467036108844654
mixture,100,10,linear,0.001,diag,60,90004,-1.368657182811653,1.3474686679828711
mixture,100,10,linear,0.001,diag,60,90005,-1.981174366190473,2.2615644033004108
mixture,100,10,linear,0.001,diag,60,90006,-2.0487332533824545,1.935333195183639
mixture,100,10,linear,0.001,diag,60,90007,-1.6942724637704893,1.1006635556287356
mixture,100,10,linear,0.001,diag,60,90008,-1.6759810976364382,2.904629789890124
mixture,100,10,linear,0.001,diag,60,90009,-2.0417871424089133,1.8731052379572173
mixture,100,20,geometric,0.0001,isotropic,30,90000,-1.530357467604771,3.025970391619613
mixture,100,20,geometric,0.0001,isotropic,30,90001,-1.9559300389840566,5.037491747076651
mixture,100,20,geometric,0.0001,isotropic,30,90002,-1.6504442647078503,3.6372971587868874
mixture,100,20,geometric,0.0001,isotropic,30,90003,-2.121324878274869,4.228978318976605
mixture,100,20,geometric,0.0001,isotropic,30,90004,-2.385422597113726,4.109600312294299
mixture,100,20,geometric,0.0001,isotropic,30,90005,-1.564203455465469,1.0772061567608007
mixture,100,20,geometric,0.0001,isotropic,30,90006,-1.8892738393845423,1.8447832099659283
mixture,100,20,geometric,0.0001,isotropic,30,90007,-1.3554530044014195,1.0044962525645675
mixture,100,20,geometric,0.0001,isotropic,30,90008,-2.1403924355711443,3.245107388521336
mixture,100,20,geometric,0.0001,isotropic,30,90009,-2.073849090644116,2.637472019928056
mixture,100,20,geometric,0.0001,diag,30,90000,-2.2106010686421045,3.134856707353538
mixture,100,20,geometric,0.0001,diag,30,90001,-1.5296379579624864,1.2934241948835714
mixture,100,20,geometric,0.0001,diag,30,90002,-2.1844733783331405,7.198073301435384
mixture,100,20,geometric,0.0001,diag,30,90003,-2.223586369129632,3.518047808421823
mixture,100,20,geometric,0.0001,diag,30,90004,-1.9152816427878852,1.3061554079441262
mixture,100,20,geometric,0.0001,diag,30,90005,-1.9838260425640375,1.3035162006529653
mixture,100,20,geometric,0.0001,diag,30,90006,-1.5657041873040298,2.7498713022296477
mixture,100,20,geometric,0.0001,diag,30,90007,-1.8285332688858,2.74215265782109
mixture,100,20,geometric,0.0001,diag,30,90008,-1.9787135557253865,3.029489811103702
mixture,100,20,geometric,0.0001,diag,30,90009,-1.730754948857717,1.0777069356520337
mixture,100,20,geometric,0.001,isotropic,30,90000,-1.570766507072564,3.042709432889416
mixture,100,20,geometric,0.001,isotropic,30,90001,-1.6164247207389768,1.3575609184576751
mixture,100,20,geometric,0.001,isotropic,30,90002,-2.4870185218314345,4.323925344788859
mixture,100,20,geometric,0.001,isotropic,30,90003,-1.7828690399949483,1.283240787672293
mixture,100,20,geometric,0.001,isotropic,30,90004,-1.8243837796578333,3.830970023578784
mixture,100,20,geometric,0.001,isotropic,30,90005,-2.5200911742966396,3.85476430632232
mixture,100,20,geometric,0.001,isotropic,30,90006,-2.4585765477111465,5.0953217761757
mixture,100,20,geometric,0.001,isotropic,30,90007,-1.8831670420864879,2.308871122787707
mixture,100,20,geometric,0.001,isotropic,30,90008,-2.2699814536223153,4.640495976799797
mixture,100,20,geometric,0.001,isotropic,30,90009,-2.1792309237313123,2.248973831177708
mixture,100,20,geometric,0.001,diag,30,90000,-1.7402704478543427,2.5080402704232467
mixture,100,20,geometric,0.001,diag,30,90001,-2.0507326385934577,2.1635784264512754
mixture,100,20,geometric,0.001,diag,30,90002,-2.066077712090627,1.4288477150014
mixture,100,20,geometric,0.001,diag,30,90003,-1.9227137615729262,1.445638929791784
mixture,100,20,geometric,0.001,diag,30,90004,-1.7094625848817724,4.075361161683115
mixture,100,20,geometric,0.001,diag,30,90005,-2.4251708821842555,3.683864168699891
mixture,100,20,geometric,0.001,diag,30,90006,-2.028493548115562,1.3574352238059821
mixture,100,20,geometric,0.001,diag,30,90007,-1.7805832616261907,1.239284806202314
mixture,100,20,geometric,0.001,diag,30,90008,-1.8286646471391999,4.143206029974612
mixture,100,20,geometric,0.001,diag,30,90009,-1.3759924625146895,2.603446205336545
mixture,100,20,geometric,0.01,isotropic,30,90000,-2.3289995031876107,5.013475697532233
mixture,100,20,geometric,0.01,isotropic,30,90001,-2.074609940935694,2.9324963399517068
mixture,100,20,geometric,0.01,isotropic,30,90002,-1.8401286628411446,3.8255356796203945
mixture,100,20,geometric,0.01,isotropic,30,90003,-2.018592997478362,1.9610550850610988
mixture,100,20,geometric,0.01,isotropic,30,90004,-2.3089932510871254,3.081745745780041
mixture,100,20,geometric,0.01,isotropic,30,90005,-2.565649180637253,5.860870562919819
mixture,100,20,geometric,0.01,isotropic,30,90006,-2.1377264659201685,1.6487233543775717
mixture,100,20,geometric,0.01,isotropic,30,90007,-1.9009912324059888,1.426122644359816
mixture,100,20,geometric,0.01,isotropic,30,90008,-1.8279318030402074,1.1485684394042495
mixture,100,20,geometric,0.01,isotropic,30,90009,-1.8618001678997853,4.500644429596239
mixture,100,20,geometric,0.01,diag,30,90000,-2.383693828461185,10.686777357133568
mixture,100,20,geometric,0.01,diag,30,90001,-2.1812688588435307,4.276399117118228
mixture,100,20,geometric,0.01,diag,30,90002,-2.410132573320832,2.929991634979914
mixture,100,20,geometric,0.01,diag,30,90003,-2.327262087682421,11.70567709497002
mixture,100,20,geometric,0.01,diag,30,90004,-2.115358523471822,3.70995890160044
mixture,100,20,geometric,0.01,diag,30,90005,-2.007813768126271,3.359128187479374
mixture,100,20,geometric,0.01,diag,30,90006,-1.8707821585127957,1.8156429345500122
mixture,100,20,geometric,0.01,diag,30,90007,-2.158983286645234,2.54174554084085
mixture,100,20,geometric,0.01,diag,30,90008,-2.0592173723735003,3.1953233191831427
mixture,100,20,geometric,0.01,diag,30,90009,-2.4543142613562106,3.1500223274490255
mixture,100,20,linear,0.001,isotropic,30,90000,-1.9354265044830818,1.3630070685954288
mixture,100,20,linear,0.001,isotropic,30,90001,-2.0567182443381906,2.80454253799852
mixture,100,20,linear,0.001,isotropic,30,90002,-2.125395360301201,4.172672533494131
mixture,100,20,linear,0.001,isotropic,30,90003,-2.4325615265509297,2.9687389141465577
mixture,100,20,linear,0.001,isotropic,30,90004,-1.3019307835687832,1.055195662522768
mixture,100,20,linear,0.001,isotropic,30,90005,-1.2891378951186043,1.1442735827991402
mixture,100,20,linear,0.001,isotropic,30,90006,-1.945103162476438,1.951235139984048
mixture,100,20,linear,0.001,isotropic,30,90007,-2.1276205847450096,1.4320616774451282
mixture,100,20,linear,0.001,isotropic,30,90008,-1.5835144530666856,3.1890017090977603
mixture,100,20,linear,0.001,isotropic,30,90009,-1.855983685178384,1.9845286857124569
mixture,100,20,linear,0.001,diag,30,90000,-1.9227462715750956,1.3389769865180001
mixture,100,20,linear,0.001,diag,30,90001,-1.524182242781689,1.177720581323975
mixture,100,20,linear,0.001,diag,30,90002,-1.9087092439245643,1.046588730721599
mixture,100,20,linear,0.001,diag,30,90003,-1.7948319286380958,2.238538357188942
mixture,100,20,linear,0.001,diag,30,90004,-1.4988237584312996,1.3954329083107417
mixture,100,20,linear,0.001,diag,30,90005,-1.9451484059106192,3.74006464233384
mixture,100,20,linear,0.001,diag,30,90006,-2.3759545912005584,2.3730981813158363
mixture,100,20,linear,0.001,diag,30,90007,-1.6615857213266232,2.90174148598886
mixture,100,20,linear,0.001,diag,30,90008,-1.7897804020814843,1.1828470370426756
mixture,100,20,linear,0.001,diag,30,90009,-1.9953378586704293,2.0526975263702223
mixture,300,1,geometric,0.0001,isotropic,200,90000,-1.6998562934589918,1.2498419561582188
mixture,300,1,geometric,0.0001,isotropic,200,90001,-1.645959671137056,1.0128732819465318
mixture,300,1,geometric,0.0001,isotropic,200,90002,-1.5743401047996386,1.3778435937240938
mixture,300,1,geometric,0.0001,isotropic,200,90003,-1.7252268517278848,1.7839923141598117
mixture,300,1,geometric,0.0001,isotropic,200,90004,-1.3111198038711063,1.2886999535804204
mixture,300,1,geometric,0.0001,isotropic,200,90005,-2.123190784656764,3.08605373462353
mixture,300,1,geometric,0.0001,isotropic,200,90006,-1.6274887406850613,1.1008683568731983
mixture,300,1,geometric,0.0001,isotropic,200,90007,-1.459807120700543,1.3324708992017509
mixture,300,1,geometric,0.0001,isotropic,200,90008,-1.797621450567788,1.7597911866978466
mixture,300,1,geometric,0.0001,isotropic,200,90009,-1.5842787560244715,1.1435405963423426
mixture,300,1,geometric,0.0001,diag,200,90000,-1.680879871262642,1.5351442036585239
mixture,300,1,geometric,0.0001,diag,200,90001,-1.5639405880939061,3.4951435950418435
mixture,300,1,geometric,0.0001,diag,200,90002,-1.817184754615229,2.3042839815285703
mixture,300,1,geometric,0.0001,diag,200,90003,-1.9143595992743214,1.6951765902246643
mixture,300,1,geometric,0.0001,diag,200,90004,-1.3690357373957442,1.0510715138044797
mixture,300,1,geometric,0.0001,diag,200,90005,-2.028942851925773,2.4385594958244976
mixture,300,1,geometric,0.0001,diag,200,90006,-1.5062480745436664,1.3357320456005584
mixture,300,1,geometric,0.0001,diag,200,90007,-1.396277680287482,1.1970209558528115
mixture,300,1,geometric,0.0001,diag,200,90008,-1.761777217375312,1.1716876779856364
mixture,300,1,geometric,0.0001,diag,200,90009,-1.4011077907392502,1.0603280120504606
mixture,300,1,geometric,0.001,isotropic,200,90000,-2.051464900974392,2.2452189097546817
mixture,300,1,geometric,0.001,isotropic,200,90001,-1.3909151086641036,1.621356687446328
mixture,300,1,geometric,0.001,isotropic,200,90002,-1.5527109781458766,1.0193235380392567
mixture,300,1,geometric,0.001,isotropic,200,90003,-1.477625225530877,2.3821557032872187
mixture,300,1,geometric,0.001,isotropic,200,90004,-1.5751258195549978,1.0739400890965582
mixture,300,1,geometric,0.001,isotropic,200,90005,-1.8596883510693842,1.596430082910995
mixture,300,1,geometric,0.001,isotropic,200,90006,-1.767465198181197,1.0437394067428494
mixture,300,1,geometric,0.001,isotropic,200,90007,-1.6858729250401359,1.0904626492998146
mixture,300,1,geometric,0.001,isotropic,200,90008,-2.2570232206718788,5.322548573310442
mixture,300,1,geometric,0.001,isotropic,200,90009,-1.7450694515997178,2.0828741342110386
mixture,300,1,geometric,0.001,diag,200,90000,-1.5063735707262955,1.5194085786551617
mixture,300,1,geometric,0.001,diag,200,90001,-1.378708060251438,1.935660298033402
mixture,300,1,geometric,0.001,diag,200,90002,-1.9725753015053722,2.167559408763175
mixture,300,1,geometric,0.001,diag,200,90003,-2.408600431246767,4.151699982069423
mixture,300,1,geometric,0.001,diag,200,90004,-1.692093417605299,1.0004556314332975
mixture,300,1,geometric,0.001,diag,200,90005,-1.5162469098065545,3.0533951356552858
mixture,300,1,geometric,0.001,diag,200,90006,-1.932033525963765,1.299930485768516
mixture,300,1,geometric,0.001,diag,200,90007,-1.893120841557732,1.5468214024660578
mixture,300,1,geometric,0.001,diag,200,90008,-1.8618775789556954,3.269425220630221
mixture,300,1,geometric,0.001,diag,200,90009,-1.8715326205223317,1.6983754227543906
mixture,300,1,geometric,0.01,isotropic,200,90000,-1.4194403364344852,1.3984816318033662
mixture,300,1,geometric,0.01,isotropic,200,90001,-2.4374808057643857,4.147305961107579
mixture,300,1,geometric,0.01,isotropic,200,90002,-1.693509399244804,1.1194237840804402
mixture,300,1,geometric,0.01,isotropic,200,90003,-2.106708405102173,2.5887890142302226
mixture,300,1,geometric,0.01,isotropic,200,90004,-1.96587783518933,1.303123297391217
mixture,300,1,geometric,0.01,isotropic,200,90005,-2.138588913336439,2.819220110769449
mixture,300,1,geometric,0.01,isotropic,200,90006,-1.8390950328127016,1.3281883013981433
mixture,300,1,geometric,0.01,isotropic,200,90007,-1.8494371732315347,4.624142456103298
mixture,300,1,geometric,0.01,isotropic,200,90008,-2.022716976711748,1.9898081931070217
mixture,300,1,geometric,0.01,isotropic,200,90009,-1.6076140779166068,1.0211094943343038
mixture,300,1,geometric,0.01,diag,200,90000,-1.9894517334755821,2.022277921342132
mixture,300,1,geometric,0.01,diag,200,90001,-1.3310287917625625,1.1242502123402174
mixture,300,1,geometric,0.01,diag,200,90002,-2.07823140781058,2.4976632548890296
mixture,300,1,geometric,0.01,diag,200,90003,-1.89872643872841,1.8111751427886227
mixture,300,1,geometric,0.01,diag,200,90004,-1.3846983862571558,1.4727109970494079
mixture,300,1,geometric,0.01,diag,200,90005,-2.1946311423297153,7.562057106398653
mixture,300,1,geometric,0.01,diag,200,90006,-1.9192222397872973,1.9683051015426096
mixture,300,1,geometric,0.01,diag,200,90007,-1.8573487667170243,1.373665581827978
mixture,300,1,geometric,0.01,diag,200,90008,-2.301922772305847,3.4911671400734936
mixture,300,1,geometric,0.01,diag,200,90009,-1.4368907851919839,1.144271257532512
mixture,300,1,linear,0.001,isotropic,200,90000,-1.8178529823735268,2.9163222001751197
mixture,300,1,linear,0.001,isotropic,200,90001,-1.31734817343587,1.5710127413820438
mixture,300,1,linear,0.001,isotropic,200,90002,-2.1781540949768408,2.1169298956319498
mixture,300,1,linear,0.001,isotropic,200,90003,-1.6517127126440514,3.2259168543561048
mixture,300,1,linear,0.001,isotropic,200,90004,-1.9302860099435135,1.6128842267088492
mixture,300,1,linear,0.001,isotropic,200,90005,-1.6257779098122225,1.0192049291925813
mixture,300,1,linear,0.001,isotropic,200,90006,-2.0537370544999853,1.3292959247225398
mixture,300,1,linear,0.001,isotropic,200,90007,-1.5268199283602717,1.13161695293579
mixture,300,1,linear,0.001,isotropic,200,90008,-1.6081473470809773,1.6347914941831039
mixture,300,1,linear,0.001,isotropic,200,90009,-1.961683030992171,2.0328472668871864
mixture,300,1,linear,0.001,diag,200,90000,-2.041042157558514,2.9883682093169277
mixture,300,1,linear,0.001,diag,200,90001,-2.0922234372956376,2.5546158148139
mixture,300,1,linear,0.001,diag,200,90002,-1.7774198184585717,1.2049969229210007
mixture,300,1,linear,0.001,diag,200,90003,-1.2547138373345539,1.0042338987486779
mixture,300,1,linear,0.001,diag,200,90004,-1.4759151083095507,1.5783571935225251
mixture,300,1,linear,0.001,diag,200,90005,-1.6139363844989418,1.0206240818723629
mixture,300,1,linear,0.001,diag,200,90006,-2.3540624734001376,2.242000830604218
mixture,300,1,linear,0.001,diag,200,90007,-1.447838377488389,1.3050141783233056
mixture,300,1,linear,0.001,diag,200,90008,-1.290344671409004,1.2790770925858295
mixture,300,1,linear,0.001,diag,200,90009,-1.6807536150918634,1.009349539553372
mixture,300,2,geometric,0.0001,isotropic,100,90000,-1.65778443989215,1.092945391231317
mixture,300,2,geometric,0.0001,isotropic,100,90001,-1.2389837468721208,1.0229659246874452
mixture,300,2,geometric,0.0001,isotropic,100,90002,-1.5509749784453883,2.900245968485911
mixture,300,2,geometric,0.0001,isotropic,100,90003,-1.423058693579095,1.055830867468403
mixture,300,2,geometric,0.0001,isotropic,100,90004,-1.3770721098281935,2.332607054489591
mixture,300,2,geometric,0.0001,isotropic,100,90005,-1.7843738472422104,1.3143395061770335
mixture,300,2,geometric,0.0001,isotropic,100,90006,-1.6303679451482653,1.1127620138540315
mixture,300,2,geometric,0.0001,isotropic,100,90007,-1.3095546619587586,1.0167161364748347
mixture,300,2,geometric,0.0001,isotropic,100,90008,-1.8367275470646152,1.835162656460104
mixture,300,2,geometric,0.0001,isotropic,100,90009,-1.6372193917275322,1.1846958272067378
mixture,300,2,geometric,0.0001,diag,100,90000,-1.6546446660254197,1.2218645602939464
mixture,300,2,geometric,0.0001,diag,100,90001,-1.3729331941106824,1.604105142613608
mixture,300,2,geometric,0.0001,diag,100,90002,-1.8180988003560297,2.06944211771091
mixture,300,2,geometric,0.0001,diag,100,90003,-1.5821592338753339,1.3835024021222133
mixture,300,2,geometric,0.0001,diag,100,90004,-1.3868282599468027,1.0658565364473072
mixture,300,2,geometric,0.0001,diag,100,90005,-1.9417759040605944,1.8821705059873934
mixture,300,2,geometric,0.0001,diag,100,90006,-1.8623919250741305,1.6473088916803136
mixture,300,2,geometric,0.0001,diag,100,90007,-1.3037569926420185,1.0021003745177626
mixture,300,2,geometric,0.0001,diag,100,90008,-1.767153804506832,1.1766735599323277
mixture,300,2,geometric,0.0001,diag,100,90009,-1.626427263552708,1.005360442345242
mixture,300,2,geometric,0.001,isotropic,100,90000,-1.4321862049518999,1.3456297443888026
mixture,300,2,geometric,0.001,isotropic,100,90001,-1.338356276734037,1.290425456151076
mixture,300,2,geometric,0.001,isotropic,100,90002,-1.7218128800198056,1.264284267336683
mixture,300,2,geometric,0.001,isotropic,100,90003,-1.843305361321962,1.5604275805263315
mixture,300,2,geometric,0.001,isotropic,100,90004,-1.9267075752503944,1.923392436581259
mixture,300,2,geometric,0.001,isotropic,100,90005,-1.9461323061642777,1.4957127347809647
mixture,300,2,geometric,0.001,isotropic,100,90006,-1.480245910259893,2.1765797363558312
mixture,300,2,geometric,0.001,isotropic,100,90007,-1.8291658100315256,1.233023660918468
mixture,300,2,geometric,0.001,isotropic,100,90008,-1.7062490061637154,1.0614764688317024
mixture,300,2,geometric,0.001,isotropic,100,90009,-1.643798042122138,1.9888269368276967
mixture,300,2,geometric,0.001,diag,100,90000,-2.104970518811824,3.115209927634667
mixture,300,2,geometric,0.001,diag,100,90001,-1.2230660658951682,1.150366563303113
mixture,300,2,geometric,0.001,diag,100,90002,-2.050801541482428,1.6275499661000887
mixture,300,2,geometric,0.001,diag,100,90003,-1.344456459642898,1.0605802182316517
mixture,300,2,geometric,0.001,diag,100,90004,-2.33212695910544,3.2560683911335815
mixture,300,2,geometric,0.001,diag,100,90005,-1.9911727607376841,2.084536519365423
mixture,300,2,geometric,0.001,diag,100,90006,-1.4954137979768172,1.5305808330377806
mixture,300,2,geometric,0.001,diag,100,90007,-1.8153761947441698,2.6114226888670107
mixture,300,2,geometric,0.001,diag,100,90008,-1.9230294347397856,1.26581222116401
mixture,300,2,geometric,0.001,diag,100,90009,-2.1836275745118776,4.026588738777611
mixture,300,2,geometric,0.01,isotropic,100,90000,-1.506477032821799,2.0397147105903
mixture,300,2,geometric,0.01,isotropic,100,90001,-2.343528652988718,3.959166879944561
mixture,300,2,geometric,0.01,isotropic,100,90002,-2.2474778990522606,3.8536534348252403
mixture,300,2,geometric,0.01,isotropic,100,90003,-2.209352836928873,3.4701923913945323
mixture,300,2,geometric,0.01,isotropic,100,90004,-2.1581502645985173,1.828213284074416
mixture,300,2,geometric,0.01,isotropic,100,90005,-2.046105163381979,2.2394068017966733
mixture,300,2,geometric,0.01,isotropic,100,90006,-1.6781645862126526,1.0900369325039931
mixture,300,2,geometric,0.01,isotropic,100,90007,-1.8597685164864932,1.3869334030605265
mixture,300,2,geometric,0.01,isotropic,100,90008,-2.099255128171596,3.058170612203301
mixture,300,2,geometric,0.01,isotropic,100,90009,-1.603724224120148,1.010077132123426
mixture,300,2,geometric,0.01,diag,100,90000,-2.1460016563929867,3.925398446861767
mixture,300,2,geometric,0.01,diag,100,90001,-1.27294470963478,1.0081978555830684
mixture,300,2,geometric,0.01,diag,100,90002,-1.941843580886483,2.1247400496961193
mixture,300,2,geometric,0.01,diag,100,90003,-1.2818666406699453,1.1616424853730016
mixture,300,2,geometric,0.01,diag,100,90004,-1.2937038876380402,1.2230523096634733
mixture,300,2,geometric,0.01,diag,100,90005,-1.8618307773855105,1.1550867723991822
mixture,300,2,geometric,0.01,diag,100,90006,-2.273227988503434,2.2900659622867328
mixture,300,2,geometric,0.01,diag,100,90007,-2.1434000941681792,2.6963445488161812
mixture,300,2,geometric,0.01,diag,100,90008,-2.3769605077437888,5.978417211330551
mixture,300,2,geometric,0.01,diag,100,90009,-1.3751188244619459,1.034067762286969
mixture,300,2,linear,0.001,isotropic,100,90000,-2.2455720924576608,2.481497675907685
mixture,300,2,linear,0.001,isotropic,100,90001,-1.832297412945877,2.935206127576889
mixture,300,2,linear,0.001,isotropic,100,90002,-2.324588112213599,3.1413141877503796
mixture,300,2,linear,0.001,isotropic,100,90003,-1.4792781816144847,2.235684372355973
mixture,300,2,linear,0.001,isotropic,100,90004,-1.9063265794829904,1.5581327628710755
mixture,300,2,linear,0.001,isotropic,100,90005,-1.6658897078417672,1.0145730963628055
mixture,300,2,linear,0.001,isotropic,100,90006,-1.8875304528642116,1.2139828804592032
mixture,300,2,linear,0.001,isotropic,100,90007,-1.5037443951653438,1.0849511430163634
mixture,300,2,linear,0.001,isotropic,100,90008,-1.5151390892296637,1.3978560452322744
mixture,300,2,linear,0.001,isotropic,100,90009,-1.868249968647445,1.9895780764295445
mixture,300,2,linear,0.001,diag,100,90000,-2.0915394493870063,3.1033929610976494
mixture,300,2,linear,0.001,diag,100,90001,-2.0613982419436447,2.2532262582502454
mixture,300,2,linear,0.001,diag,100,90002,-1.8943391632929851,2.1772702113336364
mixture,300,2,linear,0.001,diag,100,90003,-1.0855581389117754,1.0161183480991272
mixture,300,2,linear,0.001,diag,100,90004,-1.422373386195935,1.825210618993235
mixture,300,2,linear,0.001,diag,100,90005,-1.6637092218603953,1.0120721185469792
mixture,300,2,linear,0.001,diag,100,90006,-1.9050763298334088,3.773051809830892
mixture,300,2,linear,0.001,diag,100,90007,-1.4385067233604822,1.1630771789625272
mixture,300,2,linear,0.001,diag,100,90008,-1.4752316395166611,1.6339519734435324
mixture,300,2,linear,0.001,diag,100,90009,-1.7083362091219774,1.0266413112875203
mixture,300,5,geometric,0.0001,isotropic,40,90000,-1.7052614483754442,1.2668920286712304
mixture,300,5,geometric,0.0001,isotropic,40,90001,-1.3276484811686577,1.0285804459231558
mixture,300,5,geometric,0.0001,isotropic,40,90002,-1.791456920106348,2.840876019633049
mixture,300,5,geometric,0.0001,isotropic,40,90003,-1.6019273540021612,1.3414784503454578
mixture,300,5,geometric,0.0001,isotropic,40,90004,-1.8515774620347063,1.447457391988616
mixture,300,5,geometric,0.0001,isotropic,40,90005,-1.7235877964398456,1.9624551207551235
mixture,300,5,geometric,0.0001,isotropic,40,90006,-1.5853115200230918,1.0158470916837399
mixture,300,5,geometric,0.0001,isotropic,40,90007,-1.3172265635542868,1.0221737452204562
mixture,300,5,geometric,0.0001,isotropic,40,90008,-1.557982430271401,2.9753437916804755
mixture,300,5,geometric,0.0001,isotropic,40,90009,-1.5468587650735317,1.0653415044044205
mixture,300,5,geometric,0.0001,diag,40,90000,-1.567173390975917,1.1555978851612327
mixture,300,5,geometric,0.0001,diag,40,90001,-1.3212003624047577,1.5115137967968197
mixture,300,5,geometric,0.0001,diag,40,90002,-1.5741866831852114,2.051979207460056
mixture,300,5,geometric,0.0001,diag,40,90003,-1.6882697175621892,1.173380616961622
mixture,300,5,geometric,0.0001,diag,40,90004,-1.4243110033653548,1.0002042415257786
mixture,300,5,geometric,0.0001,diag,40,90005,-1.409626802279656,1.1173436037906053
mixture,300,5,geometric,0.0001,diag,40,90006,-1.318739895090577,1.0680257631986525
mixture,300,5,geometric,0.0001,diag,40,90007,-1.3017387223169752,1.0021578571247978
mixture,300,5,geometric,0.0001,diag,40,90008,-1.883855745548576,2.7088779459741628
mixture,300,5,geometric,0.0001,diag,40,90009,-2.229663698291175,5.1904467285196585
mixture,300,5,geometric,0.001,isotropic,40,90000,-1.850493763697322,2.596795598876642
mixture,300,5,geometric,0.001,isotropic,40,90001,-1.3881898273500095,1.7795573164768963
mixture,300,5,geometric,0.001,isotropic,40,90002,-1.4992511052728519,1.1056242893733106
mixture,300,5,geometric,0.001,isotropic,40,90003,-2.3223894878502467,2.8742908159884357
mixture,300,5,geometric,0.001,isotropic,40,90004,-1.629410810116596,1.017057585692044
mixture,300,5,geometric,0.001,isotropic,40,90005,-1.7547933029682923,1.1199094869260284
mixture,300,5,geometric,0.001,isotropic,40,90006,-1.916376063989941,1.2352947067471312
mixture,300,5,geometric,0.001,isotropic,40,90007,-1.7806500776981367,1.0763798806025673
mixture,300,5,geometric,0.001,isotropic,40,90008,-1.9199311744680974,2.5064745717088135
mixture,300,5,geometric,0.001,isotropic,40,90009,-1.5856615797401499,1.7292600518961547
mixture,300,5,geometric,0.001,diag,40,90000,-1.840815939783431,1.7702356583172232
mixture,300,5,geometric,0.001,diag,40,90001,-1.2854642183684288,2.2705467630303664
mixture,300,5,geometric,0.001,diag,40,90002,-1.5508551403034903,1.2347313051798963
mixture,300,5,geometric,0.001,diag,40,90003,-1.3175760435787338,1.1221986633364747
mixture,300,5,geometric,0.001,diag,40,90004,-2.195886000630261,4.226804117277799
mixture,300,5,geometric,0.001,diag,40,90005,-1.7475573827084965,1.402146715088294
mixture,300,5,geometric,0.001,diag,40,90006,-1.3555518756705902,1.100730142021754
mixture,300,5,geometric,0.001,diag,40,90007,-1.2953494088199304,1.097403627055527
mixture,300,5,geometric,0.001,diag,40,90008,-1.8894937155277027,3.9515074998826063
mixture,300,5,geometric,0.001,diag,40,90009,-1.7076111434115246,1.0982774205890955
mixture,300,5,geometric,0.01,isotropic,40,90000,-1.5982394507661035,2.7659993272596157
mixture,300,5,geometric,0.01,isotropic,40,90001,-2.1257292701421653,1.7492823324743023
mixture,300,5,geometric,0.01,isotropic,40,90002,-2.172540762843034,2.838271839060603
mixture,300,5,geometric,0.01,isotropic,40,90003,-2.3726888286541454,4.521152046228264
mixture,300,5,geometric,0.01,isotropic,40,90004,-1.5723038298298255,2.036338655921702
mixture,300,5,geometric,0.01,isotropic,40,90005,-2.009347186443919,1.9530628575517002
mixture,300,5,geometric,0.01,isotropic,40,90006,-1.794778141818072,1.140764004101324
mixture,300,5,geometric,0.01,isotropic,40,90007,-1.7531503857315178,2.2904934536760257
mixture,300,5,geometric,0.01,isotropic,40,90008,-2.0164137373663182,1.6276113469487676
mixture,300,5,geometric,0.01,isotropic,40,90009,-1.695208516836765,1.016418822659837
mixture,300,5,geometric,0.01,diag,40,90000,-2.5976744276280797,5.246122519688041
mixture,300,5,geometric,0.01,diag,40,90001,-1.415220191491003,1.3239292389469863
mixture,300,5,geometric,0.01,diag,40,90002,-1.7270735218325892,1.0612563274782942
mixture,300,5,geometric,0.01,diag,40,90003,-1.8785089954132692,2.2596594873069384
mixture,300,5,geometric,0.01,diag,40,90004,-1.3814208355448938,1.5795929604006218
mixture,300,5,geometric,0.01,diag,40,90005,-1.8987886792656419,3.5765179261489153
mixture,300,5,geometric,0.01,diag,40,90006,-2.237866303187408,2.0852143260937974
mixture,300,5,geometric,0.01,diag,40,90007,-1.5313668998119945,1.4833672472206927
mixture,300,5,geometric,0.01,diag,40,90008,-2.035269837347064,1.597802123027748
mixture,300,5,geometric,0.01,diag,40,90009,-1.9582527276948918,1.4900222776838943
mixture,300,5,linear,0.001,isotropic,40,90000,-1.9766318569525938,2.514887657659787
mixture,300,5,linear,0.001,isotropic,40,90001,-1.9497257175850151,2.288981356215254
mixture,300,5,linear,0.001,isotropic,40,90002,-1.9459035186573264,1.4676384929350357
mixture,300,5,linear,0.001,isotropic,40,90003,-1.128981295926686,1.0167357436821567
mixture,300,5,linear,0.001,isotropic,40,90004,-2.085145704559663,2.387848656825495
mixture,300,5,linear,0.001,isotropic,40,90005,-1.6245795059368464,1.0120037974997955
mixture,300,5,linear,0.001,isotropic,40,90006,-1.8026246983409238,1.0982735607360155
mixture,300,5,linear,0.001,isotropic,40,90007,-1.3119478832908102,1.0092231935730045
mixture,300,5,linear,0.001,isotropic,40,90008,-1.4773661431599858,1.317379262403726
mixture,300,5,linear,0.001,isotropic,40,90009,-1.9766349165163286,2.3723738374294423
mixture,300,5,linear,0.001,diag,40,90000,-1.9040864396375283,5.482098421398322
mixture,300,5,linear,0.001,diag,40,90001,-2.0449587082195806,2.4077020243467504
mixture,300,5,linear,0.001,diag,40,90002,-1.7259368743059849,1.1598381796780572
mixture,300,5,linear,0.001,diag,40,90003,-1.157719201500372,1.0256237367930405
mixture,300,5,linear,0.001,diag,40,90004,-1.967979965700041,1.4876582305431492
mixture,300,5,linear,0.001,diag,40,90005,-1.732333491557125,1.0193925364818768
mixture,300,5,linear,0.001,diag,40,90006,-1.4047293087386776,1.308983226480664
mixture,300,5,linear,0.001,diag,40,90007,-1.4139797214034322,2.0930259643081817
mixture,300,5,linear,0.001,diag,40,90008,-2.049401827452975,2.964814031943711
mixture,300,5,linear,0.001,diag,40,90009,-1.7028084035865885,1.0218727820458482
mixture,300,10,geometric,0.0001,isotropic,20,90000,-1.7047682630196122,1.252983942408913
mixture,300,10,geometric,0.0001,isotropic,20,90001,-1.30220500922065,1.0207058246437648
mixture,300,10,geometric,0.0001,isotropic,20,90002,-1.5762894122427706,3.2314361538724357
mixture,300,10,geometric,0.0001,isotropic,20,90003,-1.4008121282908854,1.0044925774835844
mixture,300,10,geometric,0.0001,isotropic,20,90004,-1.338784574532518,1.1111077734681405
mixture,300,10,geometric,0.0001,isotropic,20,90005,-1.3440413203832935,1.5961936073285428
mixture,300,10,geometric,0.0001,isotropic,20,90006,-1.5850893372464907,1.0009991679435217
mixture,300,10,geometric,0.0001,isotropic,20,90007,-1.3412654893425133,1.0391350691156953
mixture,300,10,geometric,0.0001,isotropic,20,90008,-1.844709866964577,1.995995326571621
mixture,300,10,geometric,0.0001,isotropic,20,90009,-1.4522150725116734,1.0304481927935354
mixture,300,10,geometric,0.0001,diag,20,90000,-1.5847414894726901,1.0063899885306036
mixture,300,10,geometric,0.0001,diag,20,90001,-1.357680341182713,2.097318436029677
mixture,300,10,geometric,0.0001,diag,20,90002,-1.5710478489648552,1.9894910326039112
mixture,300,10,geometric,0.0001,diag,20,90003,-1.3168353560937058,1.2377972676562714
mixture,300,10,geometric,0.0001,diag,20,90004,-2.034865964925656,3.0555689085261886
mixture,300,10,geometric,0.0001,diag,20,90005,-1.6259337068113908,1.9026205812417134
mixture,300,10,geometric,0.0001,diag,20,90006,-1.2939512153737547,1.0169470301623365
mixture,300,10,geometric,0.0001,diag,20,90007,-1.311976059931844,1.0025561159418483
mixture,300,10,geometric,0.0001,diag,20,90008,-1.7679818742367837,1.868243997790706
mixture,300,10,geometric,0.0001,diag,20,90009,-1.2056591128655403,1.109134423640469
mixture,300,10,geometric,0.001,isotropic,20,90000,-1.2883237733135915,1.0215321591713096
mixture,300,10,geometric,0.001,isotropic,20,90001,-1.2572718239414622,1.071789431641596
mixture,300,10,geometric,0.001,isotropic,20,90002,-1.8080596108498888,1.8236800247091554
mixture,300,10,geometric,0.001,isotropic,20,90003,-1.5154969552974555,1.9409230704656546
mixture,300,10,geometric,0.001,isotropic,20,90004,-2.342596778898711,3.047913715448074
mixture,300,10,geometric,0.001,isotropic,20,90005,-1.7268985829977341,1.1081973463876285
mixture,300,10,geometric,0.001,isotropic,20,90006,-1.80253946038111,1.083661710888227
mixture,300,10,geometric,0.001,isotropic,20,90007,-1.8348128772758818,1.555408712493172
mixture,300,10,geometric,0.001,isotropic,20,90008,-1.6123501367370325,1.0307809198064508
mixture,300,10,geometric,0.001,isotropic,20,90009,-1.5103987082617463,1.9773828008849312
mixture,300,10,geometric,0.001,diag,20,90000,-1.7856539239253857,3.1733482701006657
mixture,300,10,geometric,0.001,diag,20,90001,-1.255312959983466,1.2678140937068672
mixture,300,10,geometric,0.001,diag,20,90002,-2.1200765443258054,1.9536611353392956
mixture,300,10,geometric,0.001,diag,20,90003,-1.2985183501694872,2.1532622718046617
mixture,300,10,geometric,0.001,diag,20,90004,-2.3779065258965555,3.9096187678090533
mixture,300,10,geometric,0.001,diag,20,90005,-2.1605507958342094,4.630081022500667
mixture,300,10,geometric,0.001,diag,20,90006,-1.457536570887853,1.1235941139419559
mixture,300,10,geometric,0.001,diag,20,90007,-1.6416377093834158,1.1258765399136688
mixture,300,10,geometric,0.001,diag,20,90008,-1.250774214881173,1.033084309169939
mixture,300,10,geometric,0.001,diag,20,90009,-2.072426319826545,3.692106135595263
mixture,300,10,geometric,0.01,isotropic,20,90000,-2.0416539554266833,3.6271436192266444
mixture,300,10,geometric,0.01,isotropic,20,90001,-2.087106631854722,2.2004151749016576
mixture,300,10,geometric,0.01,isotropic,20,90002,-1.6989029780271863,2.3087684158762904
mixture,300,10,geometric,0.01,isotropic,20,90003,-1.9842935246939122,1.5012388836732953
mixture,300,10,geometric,0.01,isotropic,20,90004,-2.0834928528004815,3.0093736630088395
mixture,300,10,geometric,0.01,isotropic,20,90005,-2.174557849778827,2.5705120493690217
mixture,300,10,geometric,0.01,isotropic,20,90006,-1.71265914630143,1.0852006859248535
mixture,300,10,geometric,0.01,isotropic,20,90007,-2.1234970333220233,6.564780202082223
mixture,300,10,geometric,0.01,isotropic,20,90008,-2.0441697749044607,1.860456387187552
mixture,300,10,geometric,0.01,isotropic,20,90009,-1.6991287419936096,1.0111937416795387
mixture,300,10,geometric,0.01,diag,20,90000,-2.162322280712996,5.044139085090882
mixture,300,10,geometric,0.01,diag,20,90001,-1.2571600653368988,1.1007757008913417
mixture,300,10,geometric,0.01,diag,20,90002,-1.9803633382278116,2.1605721190949647
mixture,300,10,geometric,0.01,diag,20,90003,-1.979509599976896,1.9947683910010492
mixture,300,10,geometric,0.01,diag,20,90004,-1.2813638676604597,1.070189590386071
mixture,300,10,geometric,0.01,diag,20,90005,-2.1173082763768734,1.5584781149856906
mixture,300,10,geometric,0.01,diag,20,90006,-2.0254944964727444,2.8919495017700316
mixture,300,10,geometric,0.01,diag,20,90007,-1.5580861865267097,1.9042776775854586
mixture,300,10,geometric,0.01,diag,20,90008,-1.8132862340758693,1.0479334615038385
mixture,300,10,geometric,0.01,diag,20,90009,-2.4489228626148223,4.333417299863993
mixture,300,10,linear,0.001,isotropic,20,90000,-1.969789876179481,3.020917265870562
mixture,300,10,linear,0.001,isotropic,20,90001,-1.689509533354399,2.200673624352799
mixture,300,10,linear,0.001,isotropic,20,90002,-2.119327595838192,2.022301210651586
mixture,300,10,linear,0.001,isotropic,20,90003,-1.2005415373279018,1.0138680765452632
mixture,300,10,linear,0.001,isotropic,20,90004,-2.0308878962802033,1.470113836966359
mixture,300,10,linear,0.001,isotropic,20,90005,-1.7474494283631807,1.0518831871667789
mixture,300,10,linear,0.001,isotropic,20,90006,-1.8472436404312729,1.1498629106497735
mixture,300,10,linear,0.001,isotropic,20,90007,-1.2327148843392024,1.0332919102654488
mixture,300,10,linear,0.001,isotropic,20,90008,-1.4948523698618326,2.8046479900977364
mixture,300,10,linear,0.001,isotropic,20,90009,-1.6942373713736667,1.0086868515764538
mixture,300,10,linear,0.001,diag,20,90000,-2.010764605303559,3.193347790416532
mixture,300,10,linear,0.001,diag,20,90001,-2.0174271567973374,2.4929339931431316
mixture,300,10,linear,0.001,diag,20,90002,-2.163738356033983,1.8976219132163714
mixture,300,10,linear,0.001,diag,20,90003,-1.1521148337849327,1.091429461035007
mixture,300,10,linear,0.001,diag,20,90004,-1.8222873149612306,1.253417063286096
mixture,300,10,linear,0.001,diag,20,90005,-1.593351432024086,1.00827059041409
mixture,300,10,linear,0.001,diag,20,90006,-2.1248907380048045,3.98104704252096
mixture,300,10,linear,0.001,diag,20,90007,-1.3918077874241277,1.5847378785610902
mixture,300,10,linear,0.001,diag,20,90008,-2.1162430943071993,1.5064311384185087
mixture,300,10,linear,0.001,diag,20,90009,-2.1264470027169593,1.5151677715292835
mixture,300,20,geometric,0.0001,isotropic,10,90000,-1.618054322130364,1.0008315057938038
mixture,300,20,geometric,0.0001,isotropic,10,90001,-1.8538079335726367,2.375008976674601
mixture,300,20,geometric,0.0001,isotropic,10,90002,-1.6516090750589407,1.4386588025631146
mixture,300,20,geometric,0.0001,isotropic,10,90003,-2.030101911473642,3.5419286980971187
mixture,300,20,geometric,0.0001,isotropic,10,90004,-1.6406169910782067,1.1254140543792333
mixture,300,20,geometric,0.0001,isotropic,10,90005,-1.9829470241534886,2.0443796350803525
mixture,300,20,geometric,0.0001,isotropic,10,90006,-1.4543064672870167,1.0042494495807457
mixture,300,20,geometric,0.0001,isotropic,10,90007,-1.3929147884425164,1.1665928737937965
mixture,300,20,geometric,0.0001,isotropic,10,90008,-1.5520030668729372,1.0033661854710767
mixture,300,20,geometric,0.0001,isotropic,10,90009,-1.9155394263868128,2.2495733766454817
mixture,300,20,geometric,0.0001,diag,10,90000,-1.5617979967441653,1.006208305060869
mixture,300,20,geometric,0.0001,diag,10,90001,-1.7637727785843127,1.9281410073118692
mixture,300,20,geometric,0.0001,diag,10,90002,-1.7210818357969948,1.1303694518890663
mixture,300,20,geometric,0.0001,diag,10,90003,-1.7240252525455182,1.6231691530027814
mixture,300,20,geometric,0.0001,diag,10,90004,-1.465701201652443,1.315145518343712
mixture,300,20,geometric,0.0001,diag,10,90005,-1.8710192338905849,2.282159487691499
mixture,300,20,geometric,0.0001,diag,10,90006,-1.8288347843135009,3.8248118993613947
mixture,300,20,geometric,0.0001,diag,10,90007,-1.4655812162077668,1.3588611912575332
mixture,300,20,geometric,0.0001,diag,10,90008,-1.766819489589016,1.632636206478833
mixture,300,20,geometric,0.0001,diag,10,90009,-1.8853297133433287,1.6371756675423945
mixture,300,20,geometric,0.001,isotropic,10,90000,-1.2893064034704815,1.0236250325393914
mixture,300,20,geometric,0.001,isotropic,10,90001,-1.4626733415534197,2.720618366311112
mixture,300,20,geometric,0.001,isotropic,10,90002,-1.4862720205338684,1.0574616027084616
mixture,300,20,geometric,0.001,isotropic,10,90003,-1.5441630190971212,1.0790560443016244
mixture,300,20,geometric,0.001,isotropic,10,90004,-1.7475001972175002,3.2431843939082143
mixture,300,20,geometric,0.001,isotropic,10,90005,-1.9154949058096709,2.0588237535212572
mixture,300,20,geometric,0.001,isotropic,10,90006,-1.7567846092713895,1.0210761050318637
mixture,300,20,geometric,0.001,isotropic,10,90007,-1.1737351885158498,1.019012049499679
mixture,300,20,geometric,0.001,isotropic,10,90008,-1.4048031366581761,1.2714509731857242
mixture,300,20,geometric,0.001,isotropic,10,90009,-1.1670841771342093,1.49299367234212
mixture,300,20,geometric,0.001,diag,10,90000,-1.7460909378090257,2.0088669822075853
mixture,300,20,geometric,0.001,diag,10,90001,-1.1920621941281098,1.7385626933650635
mixture,300,20,geometric,0.001,diag,10,90002,-1.410961469194648,1.1152199500110889
mixture,300,20,geometric,0.001,diag,10,90003,-1.5880782335253425,1.3743639131457557
mixture,300,20,geometric,0.001,diag,10,90004,-2.1111273153451338,6.322968297609007
mixture,300,20,geometric,0.001,diag,10,90005,-1.6503541862106947,1.0005141960873767
mixture,300,20,geometric,0.001,diag,10,90006,-1.5409769013427315,1.656292880583645
mixture,300,20,geometric,0.001,diag,10,90007,-1.869674547898116,1.919829237445044
mixture,300,20,geometric,0.001,diag,10,90008,-1.4966770694205465,1.8656921271082987
mixture,300,20,geometric,0.001,diag,10,90009,-1.3039717516811609,1.5452035491647382
mixture,300,20,geometric,0.01,isotropic,10,90000,-1.5943087960944131,2.263415088720362
mixture,300,20,geometric,0.01,isotropic,10,90001,-2.0873081102374393,1.846555252912339
mixture,300,20,geometric,0.01,isotropic,10,90002,-1.997610591621228,1.8880350723898622
mixture,300,20,geometric,0.01,isotropic,10,90003,-2.281429952094081,4.083139152074903
mixture,300,20,geometric,0.01,isotropic,10,90004,-1.668034841601861,1.1479366475706732
mixture,300,20,geometric,0.01,isotropic,10,90005,-1.30900392176829,1.436797263818771
mixture,300,20,geometric,0.01,isotropic,10,90006,-1.6569229381436188,1.005171616739881
mixture,300,20,geometric,0.01,isotropic,10,90007,-1.6042954202699031,1.1443373320341936
mixture,300,20,geometric,0.01,isotropic,10,90008,-2.098753673865689,2.3795187540341476
mixture,300,20,geometric,0.01,isotropic,10,90009,-1.9959541029337566,1.8940110048626997
mixture,300,20,geometric,0.01,diag,10,90000,-2.3984935151772233,3.6727539002341705
mixture,300,20,geometric,0.01,diag,10,90001,-1.2526135435452845,1.0893859012786924
mixture,300,20,geometric,0.01,diag,10,90002,-2.247628637457,2.5147169179855524
mixture,300,20,geometric,0.01,diag,10,90003,-1.5016104233212,2.5684098289333988
mixture,300,20,geometric,0.01,diag,10,90004,-2.2336923561222313,5.734787189216371
mixture,300,20,geometric,0.01,diag,10,90005,-1.7147989096706935,3.118827145792905
mixture,300,20,geometric,0.01,diag,10,90006,-1.9645246687684668,1.4587154335148917
mixture,300,20,geometric,0.01,diag,10,90007,-1.7759604120171602,2.7622516259491676
mixture,300,20,geometric,0.01,diag,10,90008,-1.4722398701088208,1.7429623942557644
mixture,300,20,geometric,0.01,diag,10,90009,-1.3622454546593512,1.228358561154533
mixture,300,20,linear,0.001,isotropic,10,90000,-1.7490662920618618,1.2270605944825292
mixture,300,20,linear,0.001,isotropic,10,90001,-2.151850891333944,1.6833102509941602
mixture,300,20,linear,0.001,isotropic,10,90002,-1.8968215697907824,1.422621999251863
mixture,300,20,linear,0.001,isotropic,10,90003,-1.3099144774860019,1.0425998796701939
mixture,300,20,linear,0.001,isotropic,10,90004,-1.9906774231772146,1.5082379755234623
mixture,300,20,linear,0.001,isotropic,10,90005,-1.6928093361316439,1.0386649664780714
mixture,300,20,linear,0.001,isotropic,10,90006,-1.86269112976992,1.1362936739330767
mixture,300,20,linear,0.001,isotropic,10,90007,-1.494754195365985,1.060174418422438
mixture,300,20,linear,0.001,isotropic,10,90008,-1.4270132829351225,2.4693220617239526
mixture,300,20,linear,0.001,isotropic,10,90009,-1.8218322733569146,1.3356868887791067
mixture,300,20,linear,0.001,diag,10,90000,-1.8389755032906532,1.2498812077099593
mixture,300,20,linear,0.001,diag,10,90001,-2.1607992499081945,2.7883803183301716
mixture,300,20,linear,0.001,diag,10,90002,-1.9327964397362916,1.5990304923611838
mixture,300,20,linear,0.001,diag,10,90003,-1.2212104863804325,1.0333269855616871
mixture,300,20,linear,0.001,diag,10,90004,-1.9523537357438736,1.4192859051471411
mixture,300,20,linear,0.001,diag,10,90005,-1.656099699892896,1.0027298991097042
mixture,300,20,linear,0.001,diag,10,90006,-1.7207720370147954,2.297341171788878
mixture,300,20,linear,0.001,diag,10,90007,-1.391054106839952,1.441868826345788
mixture,300,20,linear,0.001,diag,10,90008,-1.4434647914641425,2.568387914630011
mixture,300,20,linear,0.001,diag,10,90009,-1.5009927595507806,3.092498448598437
mixture,1000,1,geometric,0.0001,isotropic,60,90000,-1.430332310905636,1.5516959207587862
mixture,1000,1,geometric,0.0001,isotropic,60,90001,-1.278922553684632,1.029181638008227
mixture,1000,1,geometric,0.0001,isotropic,60,90002,-1.5179843275436908,1.0000538697185175
mixture,1000,1,geometric,0.0001,isotropic,60,90003,-1.2636124424481587,1.0119163016694799
mixture,1000,1,geometric,0.0001,isotropic,60,90004,-1.517327496851579,1.1093112438623232
mixture,1000,1,geometric,0.0001,isotropic,60,90005,-1.5142111977599086,1.0050868233729802
mixture,1000,1,geometric,0.0001,isotropic,60,90006,-1.113928399329292,1.4916869339627277
mixture,1000,1,geometric,0.0001,isotropic,60,90007,-1.353253745617484,1.408737975292556
mixture,1000,1,geometric,0.0001,isotropic,60,90008,-1.5038874922502528,2.023286368345793
mixture,1000,1,geometric,0.0001,isotropic,60,90009,-1.646980734802806,1.2677168955421974
mixture,1000,1,geometric,0.0001,diag,60,90000,-1.5171002179261102,1.0021829627144454
mixture,1000,1,geometric,0.0001,diag,60,90001,-1.278181758627166,1.0280890271766518
mixture,1000,1,geometric,0.0001,diag,60,90002,-1.5179873328809086,1.0000564133862933
mixture,1000,1,geometric,0.0001,diag,60,90003,-1.2635881981326087,1.0118825095290436
mixture,1000,1,geometric,0.0001,diag,60,90004,-1.5009295341936268,1.069416951630288
mixture,1000,1,geometric,0.0001,diag,60,90005,-1.5139722746052047,1.0047730849866927
mixture,1000,1,geometric,0.0001,diag,60,90006,-1.1177769467987269,1.5042080920478567
mixture,1000,1,geometric,0.0001,diag,60,90007,-1.2410845779213302,1.082974933338037
mixture,1000,1,geometric,0.0001,diag,60,90008,-1.3643241662000372,1.2601003275539933
mixture,1000,1,geometric,0.0001,diag,60,90009,-1.6461349459487504,1.266066691983592
mixture,1000,1,geometric,0.001,isotropic,60,90000,-1.7893172195562388,3.0664646031774114
mixture,1000,1,geometric,0.001,isotropic,60,90001,-1.6542382060947307,1.3242708954410685
mixture,1000,1,geometric,0.001,isotropic,60,90002,-1.5186614309728967,1.000688773916235
mixture,1000,1,geometric,0.001,isotropic,60,90003,-1.234278674267411,1.0498481747122015
mixture,1000,1,geometric,0.001,isotropic,60,90004,-1.4798780632192714,1.0234248927505039
mixture,1000,1,geometric,0.001,isotropic,60,90005,-1.6339122253019944,1.1654915783548392
mixture,1000,1,geometric,0.001,isotropic,60,90006,-1.0455648927465082,1.0201072624451495
mixture,1000,1,geometric,0.001,isotropic,60,90007,-1.4244214843673773,1.9205822332126017
mixture,1000,1,geometric,0.001,isotropic,60,90008,-1.3032847650542654,1.0022458422877112
mixture,1000,1,geometric,0.001,isotropic,60,90009,-1.6634130708595862,1.3020522307268878
mixture,1000,1,geometric,0.001,diag,60,90000,-1.6049848441273402,1.0000648425801086
mixture,1000,1,geometric,0.001,diag,60,90001,-1.8874660309650313,2.359762958455754
mixture,1000,1,geometric,0.001,diag,60,90002,-1.5200347769811993,1.001959446743978
mixture,1000,1,geometric,0.001,diag,60,90003,-1.2194652088347329,1.0527033681276046
mixture,1000,1,geometric,0.001,diag,60,90004,-1.4697337910945045,1.0055829766834736
mixture,1000,1,geometric,0.001,diag,60,90005,-1.514259116028316,1.0051486764212996
mixture,1000,1,geometric,0.001,diag,60,90006,-1.5675519511570666,1.0008160466714346
mixture,1000,1,geometric,0.001,diag,60,90007,-1.3103953346308677,1.023402329998462
mixture,1000,1,geometric,0.001,diag,60,90008,-1.6579736671205814,2.01622031379815
mixture,1000,1,geometric,0.001,diag,60,90009,-1.6684563436881825,1.3067790503867032
mixture,1000,1,geometric,0.01,isotropic,60,90000,-1.9924589640087937,3.8462057999940993
mixture,1000,1,geometric,0.01,isotropic,60,90001,-2.0855744604795627,5.546839121411804
mixture,1000,1,geometric,0.01,isotropic,60,90002,-1.5274441332169253,1.0101719764708226
mixture,1000,1,geometric,0.01,isotropic,60,90003,-1.4681302985192615,1.1424882015142934
mixture,1000,1,geometric,0.01,isotropic,60,90004,-1.2200249823469005,1.0017657708154142
mixture,1000,1,geometric,0.01,isotropic,60,90005,-1.5283480208188267,1.0244306748764225
mixture,1000,1,geometric,0.01,isotropic,60,90006,-1.6534810429687168,1.5540587035657751
mixture,1000,1,geometric,0.01,isotropic,60,90007,-1.363329022449086,1.0373815500207726
mixture,1000,1,geometric,0.01,isotropic,60,90008,-1.2680172894553794,1.3418882296309294
mixture,1000,1,geometric,0.01,isotropic,60,90009,-1.6823808687154493,1.3473801118999644
mixture,1000,1,geometric,0.01,diag,60,90000,-1.7807739757924832,1.7588925289643695
mixture,1000,1,geometric,0.01,diag,60,90001,-1.6519982310896282,1.2448280346012415
mixture,1000,1,geometric,0.01,diag,60,90002,-1.5744428015711425,1.9936491745911828
mixture,1000,1,geometric,0.01,diag,60,90003,-1.232476467480272,1.0114852104667187
mixture,1000,1,geometric,0.01,diag,60,90004,-1.5074006296988083,1.8342835620324256
mixture,1000,1,geometric,0.01,diag,60,90005,-1.5219706921727563,1.017377799550958
mixture,1000,1,geometric,0.01,diag,60,90006,-1.5620106084373253,1.0283814413760104
mixture,1000,1,geometric,0.01,diag,60,90007,-1.3692132420906598,1.012483990012174
mixture,1000,1,geometric,0.01,diag,60,90008,-1.4658791805536593,2.0547414893864593
mixture,1000,1,geometric,0.01,diag,60,90009,-1.68475895215778,1.3556839008019073
mixture,1000,1,linear,0.001,isotropic,60,90000,-1.6201581005276393,1.2061441803740285
mixture,1000,1,linear,0.001,isotropic,60,90001,-1.5882246349455624,1.9491600789089516
mixture,1000,1,linear,0.001,isotropic,60,90002,-1.517669025415538,1.0318011280160846
mixture,1000,1,linear,0.001,isotropic,60,90003,-1.420034487378478,1.0282361366817108
mixture,1000,1,linear,0.001,isotropic,60,90004,-1.2499581349162996,1.0411460208105976
mixture,1000,1,linear,0.001,isotropic,60,90005,-1.5138941423436996,1.0046660931871825
mixture,1000,1,linear,0.001,isotropic,60,90006,-1.1264874686759183,1.481515869105622
mixture,1000,1,linear,0.001,isotropic,60,90007,-1.4278048705394446,1.1153802889593956
mixture,1000,1,linear,0.001,isotropic,60,90008,-1.5162331518856533,2.0074904542563625
mixture,1000,1,linear,0.001,isotropic,60,90009,-1.6664577920162045,1.3126559016966959
mixture,1000,1,linear,0.001,diag,60,90000,-2.032066931594616,2.6214756813962383
mixture,1000,1,linear,0.001,diag,60,90001,-1.9800725988466872,2.655871473844167
mixture,1000,1,linear,0.001,diag,60,90002,-1.5127435240838538,1.0004199793797564
mixture,1000,1,linear,0.001,diag,60,90003,-1.4067973532288944,1.0266783497238043
mixture,1000,1,linear,0.001,diag,60,90004,-1.2787376842359024,1.1476823056699201
mixture,1000,1,linear,0.001,diag,60,90005,-1.46382453975493,1.003972337387789
mixture,1000,1,linear,0.001,diag,60,90006,-1.1411428813326632,1.5681952549321043
mixture,1000,1,linear,0.001,diag,60,90007,-1.497775852288702,1.2505561583947251
mixture,1000,1,linear,0.001,diag,60,90008,-1.620641105266161,2.04765653388987
mixture,1000,1,linear,0.001,diag,60,90009,-1.7528947088243083,1.7218309834628784
mixture,1000,2,geometric,0.0001,isotropic,30,90000,-1.429938995610108,1.5502621161266072
mixture,1000,2,geometric,0.0001,isotropic,30,90001,-1.2794892560880002,1.0302313159685046
mixture,1000,2,geometric,0.0001,isotropic,30,90002,-1.5179788878121214,1.0000456889943459
mixture,1000,2,geometric,0.0001,isotropic,30,90003,-1.2636042899034234,1.0119047739274558
mixture,1000,2,geometric,0.0001,isotropic,30,90004,-1.5097641002289632,1.090664318138753
mixture,1000,2,geometric,0.0001,isotropic,30,90005,-1.5141980755582305,1.0050694157040567
mixture,1000,2,geometric,0.0001,isotropic,30,90006,-1.112914790906503,1.4886390834457062
mixture,1000,2,geometric,0.0001,isotropic,30,90007,-1.3569188475526284,1.4301129655759515
mixture,1000,2,geometric,0.0001,isotropic,30,90008,-1.502089581123753,2.143411215746065
mixture,1000,2,geometric,0.0001,isotropic,30,90009,-1.6482523456832112,1.2701919644851574
mixture,1000,2,geometric,0.0001,diag,30,90000,-1.5177530518500626,1.0021809630542278
mixture,1000,2,geometric,0.0001,diag,30,90001,-1.2756327661181701,1.0232430298053088
mixture,1000,2,geometric,0.0001,diag,30,90002,-1.5179821838260963,1.000048463084431
mixture,1000,2,geometric,0.0001,diag,30,90003,-1.2635812351635207,1.0119049132169926
mixture,1000,2,geometric,0.0001,diag,30,90004,-1.496695022803895,1.0606263421080713
mixture,1000,2,geometric,0.0001,diag,30,90005,-1.5139759489497961,1.0047781095359305
mixture,1000,2,geometric,0.0001,diag,30,90006,-1.1156167836834507,1.4971433457963388
mixture,1000,2,geometric,0.0001,diag,30,90007,-1.2457008559338354,1.100818450295065
mixture,1000,2,geometric,0.0001,diag,30,90008,-1.3603753930513278,1.2267643456468715
mixture,1000,2,geometric,0.0001,diag,30,90009,-1.6460246329706334,1.265858537210355
mixture,1000,2,geometric,0.001,isotropic,30,90000,-1.7692825703472042,3.1219063346722984
mixture,1000,2,geometric,0.001,isotropic,30,90001,-1.6633071691283667,1.34532758895613
mixture,1000,2,geometric,0.001,isotropic,30,90002,-1.518637980576412,1.000663912404757
mixture,1000,2,geometric,0.001,isotropic,30,90003,-1.233805556645285,1.0511422532512285
mixture,1000,2,geometric,0.001,isotropic,30,90004,-1.4763542336557485,1.0169154441441157
mixture,1000,2,geometric,0.001,isotropic,30,90005,-1.6322715325008703,1.162731553803695
mixture,1000,2,geometric,0.001,isotropic,30,90006,-1.045811557276956,1.0195340104455475
mixture,1000,2,geometric,0.001,isotropic,30,90007,-1.428159327332479,1.82890682397765
mixture,1000,2,geometric,0.001,isotropic,30,90008,-1.3003219198548686,1.0025997123182526
mixture,1000,2,geometric,0.001,isotropic,30,90009,-1.6630369288845337,1.30125125635669
mixture,1000,2,geometric,0.001,diag,30,90000,-1.6037081698721825,1.0000746680301371
mixture,1000,2,geometric,0.001,diag,30,90001,-1.8877034619691464,2.381233784379444
mixture,1000,2,geometric,0.001,diag,30,90002,-1.5197494199957737,1.0016946131258004
mixture,1000,2,geometric,0.001,diag,30,90003,-1.2181356608118505,1.042564178625987
mixture,1000,2,geometric,0.001,diag,30,90004,-1.4698553717243263,1.0058539043638546
mixture,1000,2,geometric,0.001,diag,30,90005,-1.5142546630854925,1.0051440682375243
mixture,1000,2,geometric,0.001,diag,30,90006,-1.569132518858159,1.000922481030796
mixture,1000,2,geometric,0.001,diag,30,90007,-1.3108232003473326,1.0312403268109365
mixture,1000,2,geometric,0.001,diag,30,90008,-1.701476639298938,1.3506091359269266
mixture,1000,2,geometric,0.001,diag,30,90009,-1.6669168144971807,1.3042039003245098
mixture,1000,2,geometric,0.01,isotropic,30,90000,-1.9459783225920526,3.48545517539851
mixture,1000,2,geometric,0.01,isotropic,30,90001,-2.1268200465918614,6.25838804263156
mixture,1000,2,geometric,0.01,isotropic,30,90002,-1.5277655594902637,1.0105517146373637
mixture,1000,2,geometric,0.01,isotropic,30,90003,-1.2455481232417303,1.0131679094141488
mixture,1000,2,geometric,0.01,isotropic,30,90004,-1.2212757403863381,1.0016392919088606
mixture,1000,2,geometric,0.01,isotropic,30,90005,-1.5273003077131635,1.0228778295600802
mixture,1000,2,geometric,0.01,isotropic,30,90006,-1.6669529239308336,1.6450952212783463
mixture,1000,2,geometric,0.01,isotropic,30,90007,-1.3611243926733756,1.0366173818928346
mixture,1000,2,geometric,0.01,isotropic,30,90008,-1.278347636093559,1.4020549824047006
mixture,1000,2,geometric,0.01,isotropic,30,90009,-1.6846005494682348,1.3523676382637189
mixture,1000,2,geometric,0.01,diag,30,90000,-1.7924445761033005,1.8420654018942966
mixture,1000,2,geometric,0.01,diag,30,90001,-1.6546866323196214,1.2605152866487994
mixture,1000,2,geometric,0.01,diag,30,90002,-1.5852777187135236,2.0021989365486528
mixture,1000,2,geometric,0.01,diag,30,90003,-1.229815880218703,1.0095561042734809
mixture,1000,2,geometric,0.01,diag,30,90004,-1.5170575450402604,1.7713196172645906
mixture,1000,2,geometric,0.01,diag,30,90005,-1.5264799625985235,1.0211399220539596
mixture,1000,2,geometric,0.01,diag,30,90006,-1.5637840389352389,1.0286949768288811
mixture,1000,2,geometric,0.01,diag,30,90007,-1.368507250308673,1.0127148017133552
mixture,1000,2,geometric,0.01,diag,30,90008,-1.4984093665352307,2.173885050955699
mixture,1000,2,geometric,0.01,diag,30,90009,-1.6858307284569773,1.3583630625017225
mixture,1000,2,linear,0.001,isotropic,30,90000,-1.6355442168397107,1.2337043728695358
mixture,1000,2,linear,0.001,isotropic,30,90001,-1.589173585602213,1.9529535664646198
mixture,1000,2,linear,0.001,isotropic,30,90002,-1.514422514914291,1.0260123001336443
mixture,1000,2,linear,0.001,isotropic,30,90003,-1.4182332646383988,1.0251312455876738
mixture,1000,2,linear,0.001,isotropic,30,90004,-1.2497419153005818,1.0398295281955263
mixture,1000,2,linear,0.001,isotropic,30,90005,-1.5138881363721381,1.0046581680876525
mixture,1000,2,linear,0.001,isotropic,30,90006,-1.125837826040994,1.4861352618141688
mixture,1000,2,linear,0.001,isotropic,30,90007,-1.433643623456017,1.1246337753063211
mixture,1000,2,linear,0.001,isotropic,30,90008,-1.5187859992069876,2.0058356592486772
mixture,1000,2,linear,0.001,isotropic,30,90009,-1.6666307413649275,1.3131009192799534
mixture,1000,2,linear,0.001,diag,30,90000,-2.044237867425358,2.6673719504289886
mixture,1000,2,linear,0.001,diag,30,90001,-1.9548815488402624,2.556152538264745
mixture,1000,2,linear,0.001,diag,30,90002,-1.5132522753333184,1.000442514500883
mixture,1000,2,linear,0.001,diag,30,90003,-1.406082616030977,1.0240665991087654
mixture,1000,2,linear,0.001,diag,30,90004,-1.2783512673491262,1.1498671975614663
mixture,1000,2,linear,0.001,diag,30,90005,-1.4651916347563292,1.0039762568449138
mixture,1000,2,linear,0.001,diag,30,90006,-1.13845693112163,1.5589009631918609
mixture,1000,2,linear,0.001,diag,30,90007,-1.51216272006146,1.2871453756968303
mixture,1000,2,linear,0.001,diag,30,90008,-1.6337362285737365,2.030521006299735
mixture,1000,2,linear,0.001,diag,30,90009,-1.7298621742656974,1.6241411723401944
mixture,1000,5,geometric,0.0001,isotropic,12,90000,-1.6687380277075794,1.5113323152546503
mixture,1000,5,geometric,0.0001,isotropic,12,90001,-1.6233234996466577,1.9151383079272402
mixture,1000,5,geometric,0.0001,isotropic,12,90002,-1.517967606535461,1.0000325038725058
mixture,1000,5,geometric,0.0001,isotropic,12,90003,-1.2636039918837776,1.0119043363326286
mixture,1000,5,geometric,0.0001,isotropic,12,90004,-1.5155118760925461,1.104662486236207
mixture,1000,5,geometric,0.0001,isotropic,12,90005,-1.5143376185953075,1.0052542420911872
mixture,1000,5,geometric,0.0001,isotropic,12,90006,-1.1126797134055355,1.487863513641713
mixture,1000,5,geometric,0.0001,isotropic,12,90007,-1.3030023603467333,1.248760565776706
mixture,1000,5,geometric,0.0001,isotropic,12,90008,-1.4969679193017593,2.2293754353812494
mixture,1000,5,geometric,0.0001,isotropic,12,90009,-1.6685824420717585,1.330143346336656
mixture,1000,5,geometric,0.0001,diag,12,90000,-1.5147064891148616,1.0042490077347428
mixture,1000,5,geometric,0.0001,diag,12,90001,-1.2671400128026922,1.0081216314448824
mixture,1000,5,geometric,0.0001,diag,12,90002,-1.5179689577923654,1.0000337298477424
mixture,1000,5,geometric,0.0001,diag,12,90003,-1.263590653250849,1.0119051101883054
mixture,1000,5,geometric,0.0001,diag,12,90004,-1.4927205305525544,1.05266063608545
mixture,1000,5,geometric,0.0001,diag,12,90005,-1.513972326008282,1.0047730973012048
mixture,1000,5,geometric,0.0001,diag,12,90006,-1.1149934748456543,1.495030563451348
mixture,1000,5,geometric,0.0001,diag,12,90007,-1.2253424067354817,1.0404662782232503
mixture,1000,5,geometric,0.0001,diag,12,90008,-1.354524201222493,1.2146586148782044
mixture,1000,5,geometric,0.0001,diag,12,90009,-1.6763738847294283,1.3301437103579508
mixture,1000,5,geometric,0.001,isotropic,12,90000,-1.8414408296015563,2.85866771377455
mixture,1000,5,geometric,0.001,isotropic,12,90001,-1.8640195793695316,1.9338891585056561
mixture,1000,5,geometric,0.001,isotropic,12,90002,-1.518634535567134,1.0006588457825836
mixture,1000,5,geometric,0.001,isotropic,12,90003,-1.2341773594788592,1.0618212944658292
mixture,1000,5,geometric,0.001,isotropic,12,90004,-1.4662071365719425,1.0000643448089699
mixture,1000,5,geometric,0.001,isotropic,12,90005,-1.6299933881361315,1.1589290765391376
mixture,1000,5,geometric,0.001,isotropic,12,90006,-1.043782765746393,1.0123394124543255
mixture,1000,5,geometric,0.001,isotropic,12,90007,-1.2959063814196243,1.035637702779297
mixture,1000,5,geometric,0.001,isotropic,12,90008,-1.3050579921155083,1.0028937297078078
mixture,1000,5,geometric,0.001,isotropic,12,90009,-1.6756416078754641,1.3302114765871305
mixture,1000,5,geometric,0.001,diag,12,90000,-1.5956870268848418,1.0000848509387392
mixture,1000,5,geometric,0.001,diag,12,90001,-1.8852155633008048,2.776465272271816
mixture,1000,5,geometric,0.001,diag,12,90002,-1.5199325396800805,1.0018515279466413
mixture,1000,5,geometric,0.001,diag,12,90003,-1.2205516895280029,1.0501262219418224
mixture,1000,5,geometric,0.001,diag,12,90004,-1.4693544513238193,1.0049175011120512
mixture,1000,5,geometric,0.001,diag,12,90005,-1.5142753959717437,1.0051731326346227
mixture,1000,5,geometric,0.001,diag,12,90006,-1.072384703881522,1.0922040584318387
mixture,1000,5,geometric,0.001,diag,12,90007,-1.4804942410500201,1.4774571345478889
mixture,1000,5,geometric,0.001,diag,12,90008,-1.7424605043200951,1.770129636907623
mixture,1000,5,geometric,0.001,diag,12,90009,-1.6796404264075493,1.3350310125706786
mixture,1000,5,geometric,0.01,isotropic,12,90000,-2.010651438879375,3.5549288906485157
mixture,1000,5,geometric,0.01,isotropic,12,90001,-2.0687404890041092,5.253601909593881
mixture,1000,5,geometric,0.01,isotropic,12,90002,-1.4956361767850368,1.780474931709353
mixture,1000,5,geometric,0.01,isotropic,12,90003,-1.440159555321771,1.0773783231865701
mixture,1000,5,geometric,0.01,isotropic,12,90004,-1.2185050308732173,1.0033941014122143
mixture,1000,5,geometric,0.01,isotropic,12,90005,-1.5275124235148452,1.0231834214628466
mixture,1000,5,geometric,0.01,isotropic,12,90006,-1.1823136083275276,1.8357281010940056
mixture,1000,5,geometric,0.01,isotropic,12,90007,-1.4112524509904436,1.1268470543285687
mixture,1000,5,geometric,0.01,isotropic,12,90008,-1.2546792556372932,1.290834503102351
mixture,1000,5,geometric,0.01,isotropic,12,90009,-1.6758600086320679,1.3311554781617287
mixture,1000,5,geometric,0.01,diag,12,90000,-1.8008413754469095,1.8567438461726962
mixture,1000,5,geometric,0.01,diag,12,90001,-2.1263100270295148,5.503386512240623
mixture,1000,5,geometric,0.01,diag,12,90002,-1.5691022038257953,1.9842945318985628
mixture,1000,5,geometric,0.01,diag,12,90003,-1.2267890413210596,1.0056917745047145
mixture,1000,5,geometric,0.01,diag,12,90004,-1.274831144031337,1.6434026481653667
mixture,1000,5,geometric,0.01,diag,12,90005,-1.5220167537120843,1.0174471632227322
mixture,1000,5,geometric,0.01,diag,12,90006,-1.5833170978364772,1.0796932628948552
mixture,1000,5,geometric,0.01,diag,12,90007,-1.377061937608591,1.0327051177687978
mixture,1000,5,geometric,0.01,diag,12,90008,-1.5932574289125736,2.438688387917803
mixture,1000,5,geometric,0.01,diag,12,90009,-1.6691544198471029,1.3175449644151378
mixture,1000,5,linear,0.001,isotropic,12,90000,-1.6544596489833654,1.2775668648058376
mixture,1000,5,linear,0.001,isotropic,12,90001,-1.7120805407164275,2.34313926766356
mixture,1000,5,linear,0.001,isotropic,12,90002,-1.510197632060118,1.0167682804659008
mixture,1000,5,linear,0.001,isotropic,12,90003,-1.4150576361669558,1.019676431818788
mixture,1000,5,linear,0.001,isotropic,12,90004,-1.2515307525191566,1.0485196718854788
mixture,1000,5,linear,0.001,isotropic,12,90005,-1.5132243045169569,1.0043004854195745
mixture,1000,5,linear,0.001,isotropic,12,90006,-1.1256176734441197,1.4844348938115857
mixture,1000,5,linear,0.001,isotropic,12,90007,-1.43414798868141,1.1317235564074513
mixture,1000,5,linear,0.001,isotropic,12,90008,-1.5173293953809608,1.9746137624614155
mixture,1000,5,linear,0.001,isotropic,12,90009,-1.7034821475795214,1.4226990904184738
mixture,1000,5,linear,0.001,diag,12,90000,-2.039434556706774,2.6794807977973094
mixture,1000,5,linear,0.001,diag,12,90001,-1.9817424641868628,2.613997155843005
mixture,1000,5,linear,0.001,diag,12,90002,-1.5147508398402265,1.0003736665969416
mixture,1000,5,linear,0.001,diag,12,90003,-1.4027412956547265,1.0190502002719743
mixture,1000,5,linear,0.001,diag,12,90004,-1.2757446781188162,1.1285306634675556
mixture,1000,5,linear,0.001,diag,12,90005,-1.4679913109853893,1.0041208198519687
mixture,1000,5,linear,0.001,diag,12,90006,-1.1359647404865023,1.5276045416414985
mixture,1000,5,linear,0.001,diag,12,90007,-1.5174967627514986,1.297127887748613
mixture,1000,5,linear,0.001,diag,12,90008,-1.607706802417048,2.0429331741923376
mixture,1000,5,linear,0.001,diag,12,90009,-1.6945223481973049,1.4952779165386116
mixture,1000,10,geometric,0.0001,isotropic,6,90000,-1.7573230278903187,1.897007203041053
mixture,1000,10,geometric,0.0001,isotropic,6,90001,-1.2634659955931438,1.0023109354109179
mixture,1000,10,geometric,0.0001,isotropic,6,90002,-1.5179721372011359,1.00003701946978
mixture,1000,10,geometric,0.0001,isotropic,6,90003,-1.2636038661757283,1.0119041602712922
mixture,1000,10,geometric,0.0001,isotropic,6,90004,-1.5271454704743062,1.134699625853507
mixture,1000,10,geometric,0.0001,isotropic,6,90005,-1.514228056644359,1.0050535840125052
mixture,1000,10,geometric,0.0001,isotropic,6,90006,-1.0379772125772135,1.0007956760695393
mixture,1000,10,geometric,0.0001,isotropic,6,90007,-1.292090850208356,1.2670207072857074
mixture,1000,10,geometric,0.0001,isotropic,6,90008,-1.50289115038559,2.1516622043047215
mixture,1000,10,geometric,0.0001,isotropic,6,90009,-1.6760270990065114,1.3301345567437357
mixture,1000,10,geometric,0.0001,diag,6,90000,-1.5135633348957682,1.0258095984717273
mixture,1000,10,geometric,0.0001,diag,6,90001,-1.2641383553199033,1.003394183414673
mixture,1000,10,geometric,0.0001,diag,6,90002,-1.5179677194020327,1.000032457332658
mixture,1000,10,geometric,0.0001,diag,6,90003,-1.2635909129373926,1.0119052733692155
mixture,1000,10,geometric,0.0001,diag,6,90004,-1.4915050255620104,1.0504183440576649
mixture,1000,10,geometric,0.0001,diag,6,90005,-1.51393821785711,1.004727380626335
mixture,1000,10,geometric,0.0001,diag,6,90006,-1.1116132054408898,1.4844525788674074
mixture,1000,10,geometric,0.0001,diag,6,90007,-1.2086462975088272,1.030644636068313
mixture,1000,10,geometric,0.0001,diag,6,90008,-1.3993086529179104,1.2973991170118355
mixture,1000,10,geometric,0.0001,diag,6,90009,-1.6763250659096596,1.330134819788746
mixture,1000,10,geometric,0.001,isotropic,6,90000,-1.7678718858511,1.8748488604672184
mixture,1000,10,geometric,0.001,isotropic,6,90001,-1.9125156503585203,3.3370561751686485
mixture,1000,10,geometric,0.001,isotropic,6,90002,-1.5184215964315415,1.0004588820507976
mixture,1000,10,geometric,0.001,isotropic,6,90003,-1.2635915968322289,1.011904391391001
mixture,1000,10,geometric,0.001,isotropic,6,90004,-1.4872532250004498,1.0423192562288373
mixture,1000,10,geometric,0.001,isotropic,6,90005,-1.6016185392612883,1.1134484680586474
mixture,1000,10,geometric,0.001,isotropic,6,90006,-1.04502972881429,1.0148048680672226
mixture,1000,10,geometric,0.001,isotropic,6,90007,-1.2797283622731062,1.014585914398853
mixture,1000,10,geometric,0.001,isotropic,6,90008,-1.3094613737332936,1.0028817368090337
mixture,1000,10,geometric,0.001,isotropic,6,90009,-1.6756590909294198,1.3301539834896265
mixture,1000,10,geometric,0.001,diag,6,90000,-1.5769294057755732,1.0001621453595195
mixture,1000,10,geometric,0.001,diag,6,90001,-1.7656528615555058,2.6860174022614904
mixture,1000,10,geometric,0.001,diag,6,90002,-1.519769384406333,1.0016958747448088
mixture,1000,10,geometric,0.001,diag,6,90003,-1.2067440681891948,1.0119044925319898
mixture,1000,10,geometric,0.001,diag,6,90004,-1.469366459000528,1.0049403449796297
mixture,1000,10,geometric,0.001,diag,6,90005,-1.5446683499525689,1.037436482269204
mixture,1000,10,geometric,0.001,diag,6,90006,-1.1201643828074752,1.5127350923349436
mixture,1000,10,geometric,0.001,diag,6,90007,-1.7119056216752806,2.5060790186517026
mixture,1000,10,geometric,0.001,diag,6,90008,-1.6677090589202401,2.067404020718025
mixture,1000,10,geometric,0.001,diag,6,90009,-1.6768403877617368,1.331580624160171
mixture,1000,10,geometric,0.01,isotropic,6,90000,-1.9513536983902038,2.7501430210344022
mixture,1000,10,geometric,0.01,isotropic,6,90001,-2.1000469112977243,6.325489597176562
mixture,1000,10,geometric,0.01,isotropic,6,90002,-1.7035841709659696,1.7672514689909646
mixture,1000,10,geometric,0.01,isotropic,6,90003,-1.423190875076477,1.045936247173815
mixture,1000,10,geometric,0.01,isotropic,6,90004,-1.2258674857863847,1.024286606926242
mixture,1000,10,geometric,0.01,isotropic,6,90005,-1.558763905540308,1.0567213171667436
mixture,1000,10,geometric,0.01,isotropic,6,90006,-1.0620859661406168,1.0812095658531267
mixture,1000,10,geometric,0.01,isotropic,6,90007,-1.4009409115646978,1.1039862222821244
mixture,1000,10,geometric,0.01,isotropic,6,90008,-1.2946717172187212,1.6175218399762488
mixture,1000,10,geometric,0.01,isotropic,6,90009,-1.683797938365921,1.3410389092873005
mixture,1000,10,geometric,0.01,diag,6,90000,-1.8469738333048604,3.2693502648837094
mixture,1000,10,geometric,0.01,diag,6,90001,-2.1628860532861114,5.281067187603611
mixture,1000,10,geometric,0.01,diag,6,90002,-1.695118852262565,1.425764085588284
mixture,1000,10,geometric,0.01,diag,6,90003,-1.2246283728173561,1.0047575360941818
mixture,1000,10,geometric,0.01,diag,6,90004,-1.270884381692755,1.4211262475538795
mixture,1000,10,geometric,0.01,diag,6,90005,-1.5229482791093032,1.0162014037883822
mixture,1000,10,geometric,0.01,diag,6,90006,-1.5577011786898416,1.034632691684041
mixture,1000,10,geometric,0.01,diag,6,90007,-1.3884211978416507,1.0504592994915793
mixture,1000,10,geometric,0.01,diag,6,90008,-1.6570928307758028,2.9649915518097445
mixture,1000,10,geometric,0.01,diag,6,90009,-1.668504827000944,1.316410505464737
mixture,1000,10,linear,0.001,isotropic,6,90000,-1.7734259964597983,1.5583513796710766
mixture,1000,10,linear,0.001,isotropic,6,90001,-1.7298281070946653,2.3367031530079716
mixture,1000,10,linear,0.001,isotropic,6,90002,-1.5109353767784535,1.0140444495048815
mixture,1000,10,linear,0.001,isotropic,6,90003,-1.4116505613750037,1.01415477698595
mixture,1000,10,linear,0.001,isotropic,6,90004,-1.2530797969494263,1.038606343390765
mixture,1000,10,linear,0.001,isotropic,6,90005,-1.5138656247539117,1.0046277016204184
mixture,1000,10,linear,0.001,isotropic,6,90006,-1.1238144642107504,1.4857436057479092
mixture,1000,10,linear,0.001,isotropic,6,90007,-1.5094812723671036,1.297348167287507
mixture,1000,10,linear,0.001,isotropic,6,90008,-1.5098964744247956,1.8869644425364227
mixture,1000,10,linear,0.001,isotropic,6,90009,-1.6619667021047033,1.3029572232090583
mixture,1000,10,linear,0.001,diag,6,90000,-2.031129994282279,2.4988235327871244
mixture,1000,10,linear,0.001,diag,6,90001,-1.9646183723217279,2.312010004267342
mixture,1000,10,linear,0.001,diag,6,90002,-1.5300015993009433,1.0002259961736477
mixture,1000,10,linear,0.001,diag,6,90003,-1.3989796519808408,1.0133523270293512
mixture,1000,10,linear,0.001,diag,6,90004,-1.2801608560343753,1.1315663045915858
mixture,1000,10,linear,0.001,diag,6,90005,-1.4691271393571397,1.0042055367857528
mixture,1000,10,linear,0.001,diag,6,90006,-1.1306614763086809,1.5160343736542452
mixture,1000,10,linear,0.001,diag,6,90007,-1.7061777927658242,1.9252322689474795
mixture,1000,10,linear,0.001,diag,6,90008,-1.6072492627178026,2.013751731955596
mixture,1000,10,linear,0.001,diag,6,90009,-1.694362688731939,1.488803305225367
mixture,1000,20,geometric,0.0001,isotropic,3,90000,-1.6686247633207836,1.5110537115449536
mixture,1000,20,geometric,0.0001,isotropic,3,90001,-1.6576748221253401,1.1690508776214579
mixture,1000,20,geometric,0.0001,isotropic,3,90002,-1.5179649942982911,1.0000298957905607
mixture,1000,20,geometric,0.0001,isotropic,3,90003,-1.2636038170922281,1.01190411808083
mixture,1000,20,geometric,0.0001,isotropic,3,90004,-1.4872521646290202,1.0423187437170924
mixture,1000,20,geometric,0.0001,isotropic,3,90005,-1.515917069506768,1.006377895153305
mixture,1000,20,geometric,0.0001,isotropic,3,90006,-1.1091147422342575,1.4777815439245294
mixture,1000,20,geometric,0.0001,isotropic,3,90007,-1.9118956406517158,4.213679853453295
mixture,1000,20,geometric,0.0001,isotropic,3,90008,-1.4437028961602374,1.2590214703838236
mixture,1000,20,geometric,0.0001,isotropic,3,90009,-1.6759402312664886,1.3301314029116424
mixture,1000,20,geometric,0.0001,diag,3,90000,-1.5275701919194928,1.1045968950481941
mixture,1000,20,geometric,0.0001,diag,3,90001,-1.2638952482102106,1.003302306692985
mixture,1000,20,geometric,0.0001,diag,3,90002,-1.517964971952954,1.0000298961282241
mixture,1000,20,geometric,0.0001,diag,3,90003,-1.2635906662757832,1.0119041305240977
mixture,1000,20,geometric,0.0001,diag,3,90004,-1.4661924518658294,1.0000434856679628
mixture,1000,20,geometric,0.0001,diag,3,90005,-1.5139982962480723,1.004737612174723
mixture,1000,20,geometric,0.0001,diag,3,90006,-1.0357177672277909,1.0014364570339005
mixture,1000,20,geometric,0.0001,diag,3,90007,-1.6747801547956362,3.472471822238751
mixture,1000,20,geometric,0.0001,diag,3,90008,-1.282334812994905,1.0277674413485358
mixture,1000,20,geometric,0.0001,diag,3,90009,-1.6759747125134719,1.3301314169683196
mixture,1000,20,geometric,0.001,isotropic,3,90000,-1.6683335190349478,1.5102589715622745
mixture,1000,20,geometric,0.001,isotropic,3,90001,-1.491870769888555,1.558315636008645
mixture,1000,20,geometric,0.001,isotropic,3,90002,-1.51841167135554,1.0004497413907643
mixture,1000,20,geometric,0.001,isotropic,3,90003,-1.2635908164261929,1.0119041205979429
mixture,1000,20,geometric,0.001,isotropic,3,90004,-1.4662125452912524,1.0000720509225849
mixture,1000,20,geometric,0.001,isotropic,3,90005,-1.5434547128949394,1.035209841981251
mixture,1000,20,geometric,0.001,isotropic,3,90006,-1.5491664885571508,1.352694141470639
mixture,1000,20,geometric,0.001,isotropic,3,90007,-1.2408011357565993,1.019711497939617
mixture,1000,20,geometric,0.001,isotropic,3,90008,-1.3064397319759435,1.0028716792518644
mixture,1000,20,geometric,0.001,isotropic,3,90009,-1.6755659084765504,1.33013139894753
mixture,1000,20,geometric,0.001,diag,3,90000,-1.52034596860477,1.0078898209212015
mixture,1000,20,geometric,0.001,diag,3,90001,-1.5129662557857209,1.5131146012898316
mixture,1000,20,geometric,0.001,diag,3,90002,-1.520373457852355,1.0022773145212993
mixture,1000,20,geometric,0.001,diag,3,90003,-1.2064151075403147,1.0119041295295437
mixture,1000,20,geometric,0.001,diag,3,90004,-1.4685672437529453,1.0038913178915834
mixture,1000,20,geometric,0.001,diag,3,90005,-1.5242732705211894,1.014592938451806
mixture,1000,20,geometric,0.001,diag,3,90006,-1.0495739583791022,1.0323219876318788
mixture,1000,20,geometric,0.001,diag,3,90007,-1.881157458259237,2.704652975901201
mixture,1000,20,geometric,0.001,diag,3,90008,-1.7358306452163619,1.7744494914755808
mixture,1000,20,geometric,0.001,diag,3,90009,-1.6756853055068628,1.3301358779993933
mixture,1000,20,geometric,0.01,isotropic,3,90000,-1.8271489699583483,2.1668433356550736
mixture,1000,20,geometric,0.01,isotropic,3,90001,-1.7593141685777438,3.233263602876704
mixture,1000,20,geometric,0.01,isotropic,3,90002,-1.3076755863185556,1.1666508787499086
mixture,1000,20,geometric,0.01,isotropic,3,90003,-1.251109933471355,1.0119088512254508
mixture,1000,20,geometric,0.01,isotropic,3,90004,-1.2268898512169555,1.031656583093244
mixture,1000,20,geometric,0.01,isotropic,3,90005,-1.5178598458845218,1.0085345086833593
mixture,1000,20,geometric,0.01,isotropic,3,90006,-1.8265931715213726,2.981397893147432
mixture,1000,20,geometric,0.01,isotropic,3,90007,-1.3516112384475545,1.0283243913699776
mixture,1000,20,geometric,0.01,isotropic,3,90008,-1.3948951456483245,2.2199440467396983
mixture,1000,20,geometric,0.01,isotropic,3,90009,-1.6751947354702634,1.3303374143307989
mixture,1000,20,geometric,0.01,diag,3,90000,-1.7062976080960812,1.5185644821300053
mixture,1000,20,geometric,0.01,diag,3,90001,-1.824828884940638,3.021985421096652
mixture,1000,20,geometric,0.01,diag,3,90002,-1.451659529974312,1.6212951795483006
mixture,1000,20,geometric,0.01,diag,3,90003,-1.2354201179936264,1.011911747267224
mixture,1000,20,geometric,0.01,diag,3,90004,-1.2779773552550846,1.762271479018083
mixture,1000,20,geometric,0.01,diag,3,90005,-1.5158588977223204,1.0067056405594723
mixture,1000,20,geometric,0.01,diag,3,90006,-1.5686809976170484,1.0503534566123187
mixture,1000,20,geometric,0.01,diag,3,90007,-1.395905966856042,1.1763929554304162
mixture,1000,20,geometric,0.01,diag,3,90008,-1.7604992373115562,3.383067481481421
mixture,1000,20,geometric,0.01,diag,3,90009,-1.6748867146859507,1.3301415592979637
mixture,1000,20,linear,0.001,isotropic,3,90000,-2.0041658641171805,2.813757669400829
mixture,1000,20,linear,0.001,isotropic,3,90001,-1.5629661741734875,1.8461333229001624
mixture,1000,20,linear,0.001,isotropic,3,90002,-1.5044813588498753,1.0001499044307753
mixture,1000,20,linear,0.001,isotropic,3,90003,-1.410441447912929,1.0119062530629337
mixture,1000,20,linear,0.001,isotropic,3,90004,-1.253673013463691,1.0329038973526536
mixture,1000,20,linear,0.001,isotropic,3,90005,-1.5138492305213147,1.0046064344076922
mixture,1000,20,linear,0.001,isotropic,3,90006,-1.1243073871159286,1.4868250045864684
mixture,1000,20,linear,0.001,isotropic,3,90007,-1.5200296016624737,1.3043967238441143
mixture,1000,20,linear,0.001,isotropic,3,90008,-1.3959605990593231,1.4854155552728285
mixture,1000,20,linear,0.001,isotropic,3,90009,-1.698710130618661,1.4071260675361974
mixture,1000,20,linear,0.001,diag,3,90000,-1.91017585381303,2.019011010155838
mixture,1000,20,linear,0.001,diag,3,90001,-1.7324000833911495,2.1632554566577857
mixture,1000,20,linear,0.001,diag,3,90002,-1.5299492364352105,1.0001341259376222
mixture,1000,20,linear,0.001,diag,3,90003,-1.398374980712046,1.0119097752375845
mixture,1000,20,linear,0.001,diag,3,90004,-1.2564214270084675,1.0301314399363228
mixture,1000,20,linear,0.001,diag,3,90005,-1.468797891286029,1.004597452375312
mixture,1000,20,linear,0.001,diag,3,90006,-1.123715668212785,1.48967174719419
mixture,1000,20,linear,0.001,diag,3,90007,-1.5837999369196982,1.463854112472043
mixture,1000,20,linear,0.001,diag,3,90008,-1.4009516425197903,1.512004042220863
mixture,1000,20,linear,0.001,diag,3,90009,-1.661979814370738,1.393898411516139
anisotropic,100,1,geometric,0.0001,isotropic,600,90000,-2.381797229783287,4.786920140315481
anisotropic,100,1,geometric,0.0001,isotropic,600,90001,-1.6404697964036694,2.731366056865835
anisotropic,100,1,geometric,0.0001,isotropic,600,90002,-1.6610900784588014,1.4006515960432864
anisotropic,100,1,geometric,0.0001,isotropic,600,90003,-2.0958120024093083,3.292280557102984
anisotropic,100,1,geometric,0.0001,isotropic,600,90004,-1.7358928822234443,4.944165076626113
anisotropic,100,1,geometric,0.0001,isotropic,600,90005,-2.2940097005189735,3.4667923520730524
anisotropic,100,1,geometric,0.0001,isotropic,600,90006,-1.6962647269790485,2.9791853394129264
anisotropic,100,1,geometric,0.0001,isotropic,600,90007,-1.625165401092575,1.1601595525400867
anisotropic,100,1,geometric,0.0001,isotropic,600,90008,-1.4078424140663022,1.8573065189537408
anisotropic,100,1,geometric,0.0001,isotropic,600,90009,-2.2684630866356095,2.964162827817056
anisotropic,100,1,geometric,0.0001,diag,600,90000,-2.2897958537042915,5.012755206050705
anisotropic,100,1,geometric,0.0001,diag,600,90001,-1.2723577517059428,1.4213509106182238
anisotropic,100,1,geometric,0.0001,diag,600,90002,-2.0775685201241405,6.0018607760805995
anisotropic,100,1,geometric,0.0001,diag,600,90003,-1.949126478590367,3.422462977337071
anisotropic,100,1,geometric,0.0001,diag,600,90004,-1.8479215159776508,4.03583246514624
anisotropic,100,1,geometric,0.0001,diag,600,90005,-2.0645952981172497,2.162964191327298
anisotropic,100,1,geometric,0.0001,diag,600,90006,-1.7587467814867361,1.3585271071023606
anisotropic,100,1,geometric,0.0001,diag,600,90007,-1.5860629801590533,2.236202837277887
anisotropic,100,1,geometric,0.0001,diag,600,90008,-2.4241421639832175,5.662413704833023
anisotropic,100,1,geometric,0.0001,diag,600,90009,-1.2140534723259564,1.0840829991381276
anisotropic,100,1,geometric,0.001,isotropic,600,90000,-2.13694426946386,5.130437401324774
anisotropic,100,1,geometric,0.001,isotropic,600,90001,-1.5285665986348875,1.589458303242147
anisotropic,100,1,geometric,0.001,isotropic,600,90002,-2.2302702577441407,4.571194391276838
anisotropic,100,1,geometric,0.001,isotropic,600,90003,-1.7922766910038825,1.7461770968434769
anisotropic,100,1,geometric,0.001,isotropic,600,90004,-1.7189341273184813,5.0962323304022155
anisotropic,100,1,geometric,0.001,isotropic,600,90005,-2.05016070644375,3.507229750970613
anisotropic,100,1,geometric,0.001,isotropic,600,90006,-1.8278958716982123,6.245852886610994
anisotropic,100,1,geometric,0.001,isotropic,600,90007,-1.5690060978525997,2.311954967171972
anisotropic,100,1,geometric,0.001,isotropic,600,90008,-2.343051124153496,4.788464753166603
anisotropic,100,1,geometric,0.001,isotropic,600,90009,-1.2549095600181015,2.0664909767063437
anisotropic,100,1,geometric,0.001,diag,600,90000,-2.1915555763066172,5.151032302106166
anisotropic,100,1,geometric,0.001,diag,600,90001,-1.8473969691740773,1.3592548691001052
anisotropic,100,1,geometric,0.001,diag,600,90002,-2.1173592416563767,3.005356090670793
anisotropic,100,1,geometric,0.001,diag,600,90003,-2.0973736900233106,2.081855684057261
anisotropic,100,1,geometric,0.001,diag,600,90004,-2.3310760901688896,3.3301705777503536
anisotropic,100,1,geometric,0.001,diag,600,90005,-1.977953477542645,2.6844208925102673
anisotropic,100,1,geometric,0.001,diag,600,90006,-1.8585673965640053,1.6410511738611293
anisotropic,100,1,geometric,0.001,diag,600,90007,-2.3339193179988076,5.546032122330529
anisotropic,100,1,geometric,0.001,diag,600,90008,-1.6397840205382508,2.578645059003121
anisotropic,100,1,geometric,0.001,diag,600,90009,-1.9370826982533391,2.748558531608315
anisotropic,100,1,geometric,0.01,isotropic,600,90000,-1.3686417047878323,2.170437220704353
anisotropic,100,1,geometric,0.01,isotropic,600,90001,-2.419362607414843,4.036366234481318
anisotropic,100,1,geometric,0.01,isotropic,600,90002,-2.1222002172601973,3.522399212106541
anisotropic,100,1,geometric,0.01,isotropic,600,90003,-2.4134491361571015,5.463280399875341
anisotropic,100,1,geometric,0.01,isotropic,600,90004,-2.3115404790333747,5.619572906927255
anisotropic,100,1,geometric,0.01,isotropic,600,90005,-1.8773823416011686,4.931088811278842
anisotropic,100,1,geometric,0.01,isotropic,600,90006,-1.5696392613697958,2.345973417602711
anisotropic,100,1,geometric,0.01,isotropic,600,90007,-1.5814113577191702,4.410572331841346
anisotropic,100,1,geometric,0.01,isotropic,600,90008,-2.1945668763165465,3.9597592933282306
anisotropic,100,1,geometric,0.01,isotropic,600,90009,-1.6280780369962173,3.8136590116671383
anisotropic,100,1,geometric,0.01,diag,600,90000,-1.8734901309886236,1.2142953103772112
anisotropic,100,1,geometric,0.01,diag,600,90001,-2.1846880011796994,2.0068678418792434
anisotropic,100,1,geometric,0.01,diag,600,90002,-1.8439450079815767,6.3396489275116155
anisotropic,100,1,geometric,0.01,diag,600,90003,-2.0985354241020047,2.299881968223435
anisotropic,100,1,geometric,0.01,diag,600,90004,-2.414548848101347,8.481682614844269
anisotropic,100,1,geometric,0.01,diag,600,90005,-1.8442855556508955,1.42087254517318
anisotropic,100,1,geometric,0.01,diag,600,90006,-1.8495248430568716,1.9509318096727613
anisotropic,100,1,geometric,0.01,diag,600,90007,-2.1154528670970634,3.3851261145248412
anisotropic,100,1,geometric,0.01,diag,600,90008,-1.5019854952351737,2.171457741260439
anisotropic,100,1,geometric,0.01,diag,600,90009,-1.9610452963694067,5.071200377261897
anisotropic,100,1,linear,0.001,isotropic,600,90000,-1.8212468174187006,1.2270240973703606
anisotropic,100,1,linear,0.001,isotropic,600,90001,-1.911620051266728,2.636013509166949
anisotropic,100,1,linear,0.001,isotropic,600,90002,-2.143112624333999,1.8764635979415634
anisotropic,100,1,linear,0.001,isotropic,600,90003,-1.8577663698325177,4.340940164280191
anisotropic,100,1,linear,0.001,isotropic,600,90004,-1.6444783812795885,4.66116918308136
anisotropic,100,1,linear,0.001,isotropic,600,90005,-1.2340438464142396,1.1274452484707642
anisotropic,100,1,linear,0.001,isotropic,600,90006,-1.5449449959823711,1.1654199028758268
anisotropic,100,1,linear,0.001,isotropic,600,90007,-1.8790582329052774,2.4936783499268413
anisotropic,100,1,linear,0.001,isotropic,600,90008,-2.103169358744677,2.349451725201849
anisotropic,100,1,linear,0.001,isotropic,600,90009,-1.8914170547882372,1.532707633028014
anisotropic,100,1,linear,0.001,diag,600,90000,-1.492228824813643,2.1692869838073627
anisotropic,100,1,linear,0.001,diag,600,90001,-1.4751778706207408,2.101663697624714
anisotropic,100,1,linear,0.001,diag,600,90002,-1.6381420613607145,2.4042257975513435
anisotropic,100,1,linear,0.001,diag,600,90003,-1.5449189822730514,2.0302984886954447
anisotropic,100,1,linear,0.001,diag,600,90004,-1.4269555562222005,2.858082989050457
anisotropic,100,1,linear,0.001,diag,600,90005,-2.118068351726272,2.5871079479006878
anisotropic,100,1,linear,0.001,diag,600,90006,-2.215163780083207,2.8809296820772827
anisotropic,100,1,linear,0.001,diag,600,90007,-1.7612951381733017,1.7366021536933431
anisotropic,100,1,linear,0.001,diag,600,90008,-2.1605725362187442,2.4496892411767512
anisotropic,100,1,linear,0.001,diag,600,90009,-2.0939321114172804,3.318936872460243
anisotropic,100,2,geometric,0.0001,isotropic,300,90000,-2.048375727734521,4.594850525779332
anisotropic,100,2,geometric,0.0001,isotropic,300,90001,-1.3048603534406649,1.3838591636272055
anisotropic,100,2,geometric,0.0001,isotropic,300,90002,-2.25399092291785,3.088489823189245
anisotropic,100,2,geometric,0.0001,isotropic,300,90003,-2.026144812512273,3.640243266070569
anisotropic,100,2,geometric,0.0001,isotropic,300,90004,-2.0917942297440644,2.121050544340458
anisotropic,100,2,geometric,0.0001,isotropic,300,90005,-1.946994436925887,2.865077934705114
anisotropic,100,2,geometric,0.0001,isotropic,300,90006,-1.1656801998185853,1.0571871466954226
anisotropic,100,2,geometric,0.0001,isotropic,300,90007,-1.7662002235783278,1.30666906056475
anisotropic,100,2,geometric,0.0001,isotropic,300,90008,-1.7506120478199168,1.4527790973182222
anisotropic,100,2,geometric,0.0001,isotropic,300,90009,-1.165539759237413,1.4242858852912004
anisotropic,100,2,geometric,0.0001,diag,300,90000,-2.1038267867337472,4.23737421126792
anisotropic,100,2,geometric,0.0001,diag,300,90001,-2.112375788766822,2.2826019750869744
anisotropic,100,2,geometric,0.0001,diag,300,90002,-2.076031326827797,2.113766580873203
anisotropic,100,2,geometric,0.0001,diag,300,90003,-2.612719676982589,8.024007109611563
anisotropic,100,2,geometric,0.0001,diag,300,90004,-2.352334856358992,5.474520795686837
anisotropic,100,2,geometric,0.0001,diag,300,90005,-2.061816364436703,3.6147581789945424
anisotropic,100,2,geometric,0.0001,diag,300,90006,-2.1897798703803324,4.806119927399203
anisotropic,100,2,geometric,0.0001,diag,300,90007,-1.6660399124857515,1.0439135265275268
anisotropic,100,2,geometric,0.0001,diag,300,90008,-1.317620485761596,1.2053650760706023
anisotropic,100,2,geometric,0.0001,diag,300,90009,-2.1554235072156755,4.996793453315649
anisotropic,100,2,geometric,0.001,isotropic,300,90000,-1.8758427886295563,1.6143464411579909
anisotropic,100,2,geometric,0.001,isotropic,300,90001,-2.2647732146799195,6.154706997686747
anisotropic,100,2,geometric,0.001,isotropic,300,90002,-2.111172797525578,2.195808960423523
anisotropic,100,2,geometric,0.001,isotropic,300,90003,-2.387059839815461,9.469483261817741
anisotropic,100,2,geometric,0.001,isotropic,300,90004,-2.0424903965032835,4.7487322424145635
anisotropic,100,2,geometric,0.001,isotropic,300,90005,-2.4437651150394526,4.637093857423161
anisotropic,100,2,geometric,0.001,isotropic,300,90006,-2.4647257939431926,5.022527586258686
anisotropic,100,2,geometric,0.001,isotropic,300,90007,-1.9257181367293148,2.1486524918766947
anisotropic,100,2,geometric,0.001,isotropic,300,90008,-2.4034102905552537,5.785802170759931
anisotropic,100,2,geometric,0.001,isotropic,300,90009,-2.2459162016034613,3.9006977721585305
anisotropic,100,2,geometric,0.001,diag,300,90000,-1.8580723190087907,2.157340501793296
anisotropic,100,2,geometric,0.001,diag,300,90001,-1.583600853226405,2.2509543398041933
anisotropic,100,2,geometric,0.001,diag,300,90002,-1.9684367182657343,1.32607588279952
anisotropic,100,2,geometric,0.001,diag,300,90003,-2.2003455322101835,2.2751065726223403
anisotropic,100,2,geometric,0.001,diag,300,90004,-1.662867205205531,2.407017884205601
anisotropic,100,2,geometric,0.001,diag,300,90005,-2.0512329745439115,3.11575114250608
anisotropic,100,2,geometric,0.001,diag,300,90006,-1.5781345076689206,2.040147868238825
anisotropic,100,2,geometric,0.001,diag,300,90007,-2.1422491544514184,9.69048576638654
anisotropic,100,2,geometric,0.001,diag,300,90008,-2.402690813933698,5.938917654599008
anisotropic,100,2,geometric,0.001,diag,300,90009,-1.6360256370182888,2.9409254144606503
anisotropic,100,2,geometric,0.01,isotropic,300,90000,-1.9479330160548431,5.41770195913727
anisotropic,100,2,geometric,0.01,isotropic,300,90001,-2.191124908165192,2.5532966234709593
anisotropic,100,2,geometric,0.01,isotropic,300,90002,-1.9117970525304513,6.102409504342696
anisotropic,100,2,geometric,0.01,isotropic,300,90003,-1.7085518728067082,5.22283306441448
anisotropic,100,2,geometric,0.01,isotropic,300,90004,-2.379380585916383,3.803937206323076
anisotropic,100,2,geometric,0.01,isotropic,300,90005,-2.2195842141275666,4.639731011279315
anisotropic,100,2,geometric,0.01,isotropic,300,90006,-2.1054803251792498,2.1968736333303336
anisotropic,100,2,geometric,0.01,isotropic,300,90007,-2.3628653567885296,4.229073921968743
anisotropic,100,2,geometric,0.01,isotropic,300,90008,-2.4070622878699792,4.416564216244252
anisotropic,100,2,geometric,0.01,isotropic,300,90009,-2.2556522042275806,7.17548943273911
anisotropic,100,2,geometric,0.01,diag,300,90000,-1.697361875983635,2.2368350171326346
anisotropic,100,2,geometric,0.01,diag,300,90001,-2.3652928680944147,4.843140347346379
anisotropic,100,2,geometric,0.01,diag,300,90002,-2.124610831036936,2.5033449536877237
anisotropic,100,2,geometric,0.01,diag,300,90003,-1.6045621179741612,1.730841047109319
anisotropic,100,2,geometric,0.01,diag,300,90004,-2.1658708703446496,3.439042963023222
anisotropic,100,2,geometric,0.01,diag,300,90005,-1.8062124847309615,3.148237317065182
anisotropic,100,2,geometric,0.01,diag,300,90006,-1.7418705240386874,2.688449866730682
anisotropic,100,2,geometric,0.01,diag,300,90007,-2.2695869461733102,3.035727477662605
anisotropic,100,2,geometric,0.01,diag,300,90008,-1.7189563831887797,1.8006244133545128
anisotropic,100,2,geometric,0.01,diag,300,90009,-2.1194695527943415,4.211743856811024
anisotropic,100,2,linear,0.001,isotropic,300,90000,-1.84858334251765,1.4059360854034781
anisotropic,100,2,linear,0.001,isotropic,300,90001,-1.8342292902095583,2.9187755731826677
anisotropic,100,2,linear,0.001,isotropic,300,90002,-2.042886432528058,1.4148218835346187
anisotropic,100,2,linear,0.001,isotropic,300,90003,-1.5535772697515466,2.6663854819306767
anisotropic,100,2,linear,0.001,isotropic,300,90004,-1.5217066820423832,2.9107952509025616
anisotropic,100,2,linear,0.001,isotropic,300,90005,-1.2674001960281855,1.187504092033323
anisotropic,100,2,linear,0.001,isotropic,300,90006,-1.7394928127472258,1.6762031934258161
anisotropic,100,2,linear,0.001,isotropic,300,90007,-2.111169257474093,3.4394711937678584
anisotropic,100,2,linear,0.001,isotropic,300,90008,-1.4129305071051759,1.276176718993902
anisotropic,100,2,linear,0.001,isotropic,300,90009,-2.0720096716859784,2.761691682749516
anisotropic,100,2,linear,0.001,diag,300,90000,-1.7655837803481773,1.5882425184567566
anisotropic,100,2,linear,0.001,diag,300,90001,-1.3951757061548031,2.080394310178226
anisotropic,100,2,linear,0.001,diag,300,90002,-1.2958539741421513,1.9435946009727367
anisotropic,100,2,linear,0.001,diag,300,90003,-2.030432057413405,3.3725758465305447
anisotropic,100,2,linear,0.001,diag,300,90004,-2.047758099495902,1.6773268179135166
anisotropic,100,2,linear,0.001,diag,300,90005,-1.5233630367243838,3.397755699863557
anisotropic,100,2,linear,0.001,diag,300,90006,-2.0808545595934347,1.6647510362919549
anisotropic,100,2,linear,0.001,diag,300,90007,-1.5658743668558441,2.083675998911525
anisotropic,100,2,linear,0.001,diag,300,90008,-1.8096708247457969,2.848139490464902
anisotropic,100,2,linear,0.001,diag,300,90009,-1.8660998646475437,1.491129164570695
anisotropic,100,5,geometric,0.0001,isotropic,120,90000,-1.8353457829543964,4.048586680008617
anisotropic,100,5,geometric,0.0001,isotropic,120,90001,-2.645334076937407,6.529686442213188
anisotropic,100,5,geometric,0.0001,isotropic,120,90002,-1.8558453824164596,2.0231294488905527
anisotropic,100,5,geometric,0.0001,isotropic,120,90003,-2.0186770067981468,1.7626677740513563
anisotropic,100,5,geometric,0.0001,isotropic,120,90004,-1.7296282088102275,5.232605590344541
anisotropic,100,5,geometric,0.0001,isotropic,120,90005,-1.7921785492993445,1.7289478867053143
anisotropic,100,5,geometric,0.0001,isotropic,120,90006,-1.7277016101886584,1.3420140704016734
anisotropic,100,5,geometric,0.0001,isotropic,120,90007,-1.751976501722836,2.40022663962889
anisotropic,100,5,geometric,0.0001,isotropic,120,90008,-1.4597570773312387,2.869994851669824
anisotropic,100,5,geometric,0.0001,isotropic,120,90009,-1.5082634086161257,1.7521879311694815
anisotropic,100,5,geometric,0.0001,diag,120,90000,-2.121797691137262,2.4719617359655706
anisotropic,100,5,geometric,0.0001,diag,120,90001,-1.5590330681552398,1.8011803714045402
anisotropic,100,5,geometric,0.0001,diag,120,90002,-2.060526978706673,1.9652058895299898
anisotropic,100,5,geometric,0.0001,diag,120,90003,-2.070542230996144,7.675247663147476
anisotropic,100,5,geometric,0.0001,diag,120,90004,-2.2244754707585166,2.7831395281708726
anisotropic,100,5,geometric,0.0001,diag,120,90005,-2.030380454756942,3.665271790837314
anisotropic,100,5,geometric,0.0001,diag,120,90006,-2.3959104637541726,6.267521099592337
anisotropic,100,5,geometric,0.0001,diag,120,90007,-1.675942026225345,2.2805734229797987
anisotropic,100,5,geometric,0.0001,diag,120,90008,-1.7981059266350854,2.678904277791109
anisotropic,100,5,geometric,0.0001,diag,120,90009,-1.5202433504057102,5.180887892317018
anisotropic,100,5,geometric,0.001,isotropic,120,90000,-2.001097770030262,4.952690052411452
anisotropic,100,5,geometric,0.001,isotropic,120,90001,-1.528711051395531,1.167312668322997
anisotropic,100,5,geometric,0.001,isotropic,120,90002,-2.4978416359277595,4.435958674416463
anisotropic,100,5,geometric,0.001,isotropic,120,90003,-2.051299986348512,6.574567122380407
anisotropic,100,5,geometric,0.001,isotropic,120,90004,-1.647850800864492,2.3054638633831717
anisotropic,100,5,geometric,0.001,isotropic,120,90005,-1.8062355529608156,1.7375556735442395
anisotropic,100,5,geometric,0.001,isotropic,120,90006,-2.2239564726920826,3.3447874527240815
anisotropic,100,5,geometric,0.001,isotropic,120,90007,-2.157739155555894,9.254052254593526
anisotropic,100,5,geometric,0.001,isotropic,120,90008,-2.181941396761763,4.283477829640009
anisotropic,100,5,geometric,0.001,isotropic,120,90009,-2.097354121627107,1.952057384619963
anisotropic,100,5,geometric,0.001,diag,120,90000,-1.9626474109293903,2.5011001062943117
anisotropic,100,5,geometric,0.001,diag,120,90001,-2.185250207473164,3.320344803048207
anisotropic,100,5,geometric,0.001,diag,120,90002,-1.976763819638614,1.6649422511346077
anisotropic,100,5,geometric,0.001,diag,120,90003,-2.3753498897067034,5.3478322967138965
anisotropic,100,5,geometric,0.001,diag,120,90004,-2.2837371153595445,3.047762358676572
anisotropic,100,5,geometric,0.001,diag,120,90005,-2.157060156572957,4.91616146861551
anisotropic,100,5,geometric,0.001,diag,120,90006,-1.7803360060862805,3.502876289933896
anisotropic,100,5,geometric,0.001,diag,120,90007,-2.201376643117565,2.813866416111524
anisotropic,100,5,geometric,0.001,diag,120,90008,-1.9901311173942122,2.394813656609818
anisotropic,100,5,geometric,0.001,diag,120,90009,-2.0139556131891907,3.293256376225765
anisotropic,100,5,geometric,0.01,isotropic,120,90000,-2.065401962523294,5.871573462469774
anisotropic,100,5,geometric,0.01,isotropic,120,90001,-2.058198230512738,9.027814312710312
anisotropic,100,5,geometric,0.01,isotropic,120,90002,-2.049311357141124,2.3945626556602675
anisotropic,100,5,geometric,0.01,isotropic,120,90003,-2.1426930345371473,4.4907732608125865
anisotropic,100,5,geometric,0.01,isotropic,120,90004,-2.096365380721162,1.909707456602458
anisotropic,100,5,geometric,0.01,isotropic,120,90005,-1.8243599954310568,2.475154595508091
anisotropic,100,5,geometric,0.01,isotropic,120,90006,-1.9737841744920226,1.9180243417785765
anisotropic,100,5,geometric,0.01,isotropic,120,90007,-2.1450305215434025,3.3357518486976803
anisotropic,100,5,geometric,0.01,isotropic,120,90008,-2.5662284762762266,8.852011045811098
anisotropic,100,5,geometric,0.01,isotropic,120,90009,-1.915074365741283,8.519426487013833
anisotropic,100,5,geometric,0.01,diag,120,90000,-1.9454895343484921,3.9693125434871614
anisotropic,100,5,geometric,0.01,diag,120,90001,-1.5128712526904853,1.908012277994352
anisotropic,100,5,geometric,0.01,diag,120,90002,-2.5431851432567845,6.185964529921318
anisotropic,100,5,geometric,0.01,diag,120,90003,-2.0841154389522187,4.783595945803868
anisotropic,100,5,geometric,0.01,diag,120,90004,-2.1767097813971223,4.604391258945834
anisotropic,100,5,geometric,0.01,diag,120,90005,-1.866890684260173,4.120951486709614
anisotropic,100,5,geometric,0.01,diag,120,90006,-2.479377546437939,5.406290491051144
anisotropic,100,5,geometric,0.01,diag,120,90007,-2.127755262959148,6.2028196766040615
anisotropic,100,5,geometric,0.01,diag,120,90008,-1.8262276066636955,1.7677471071378879
anisotropic,100,5,geometric,0.01,diag,120,90009,-2.0246837817472314,4.1691597131436
anisotropic,100,5,linear,0.001,isotropic,120,90000,-1.8124578254271466,1.2911296664554148
anisotropic,100,5,linear,0.001,isotropic,120,90001,-1.8271977056999558,2.0656262941405314
anisotropic,100,5,linear,0.001,isotropic,120,90002,-1.858839454080342,2.942264988927675
anisotropic,100,5,linear,0.001,isotropic,120,90003,-1.9402332336507309,4.119947093266835
anisotropic,100,5,linear,0.001,isotropic,120,90004,-1.587320070573696,2.6939834903770716
anisotropic,100,5,linear,0.001,isotropic,120,90005,-1.5172289098837335,1.375385507270031
anisotropic,100,5,linear,0.001,isotropic,120,90006,-1.698420139452927,1.0349351792621584
anisotropic,100,5,linear,0.001,isotropic,120,90007,-2.0703036151354874,3.756961180650403
anisotropic,100,5,linear,0.001,isotropic,120,90008,-1.8499639969674357,4.508303971035442
anisotropic,100,5,linear,0.001,isotropic,120,90009,-2.0393546934321223,2.773626736362459
anisotropic,100,5,linear,0.001,diag,120,90000,-1.9532367192330762,2.627472729365127
anisotropic,100,5,linear,0.001,diag,120,90001,-1.6711946491566225,1.2194232660970445
anisotropic,100,5,linear,0.001,diag,120,90002,-1.9262200411263208,1.9094188621687667
anisotropic,100,5,linear,0.001,diag,120,90003,-1.908400991458921,1.9359283703837995
anisotropic,100,5,linear,0.001,diag,120,90004,-1.5229568371187463,1.426679749299059
anisotropic,100,5,linear,0.001,diag,120,90005,-1.8752552509555842,2.063867263804552
anisotropic,100,5,linear,0.001,diag,120,90006,-1.8158902854955785,1.3218413848975832
anisotropic,100,5,linear,0.001,diag,120,90007,-2.0667339395861215,2.6502618943749194
anisotropic,100,5,linear,0.001,diag,120,90008,-2.2722546637056165,3.6432302936260705
anisotropic,100,5,linear,0.001,diag,120,90009,-1.7653149320945212,3.0596280854187023
anisotropic,100,10,geometric,0.0001,isotropic,60,90000,-2.51438052196678,5.0570954504428975
anisotropic,100,10,geometric,0.0001,isotropic,60,90001,-1.2895965456259126,2.241097293909643
anisotropic,100,10,geometric,0.0001,isotropic,60,90002,-2.5056375385315874,5.4242744940093965
anisotropic,100,10,geometric,0.0001,isotropic,60,90003,-1.6504341069707256,5.887236845765095
anisotropic,100,10,geometric,0.0001,isotropic,60,90004,-1.6194719074029011,3.022849390953444
anisotropic,100,10,geometric,0.0001,isotropic,60,90005,-1.547630472752915,3.383769319999981
anisotropic,100,10,geometric,0.0001,isotropic,60,90006,-2.1090712379047893,2.2741917206104882
anisotropic,100,10,geometric,0.0001,isotropic,60,90007,-1.7345588425752398,2.43005934638707
anisotropic,100,10,geometric,0.0001,isotropic,60,90008,-1.9005310838891618,1.8415251282326481
anisotropic,100,10,geometric,0.0001,isotropic,60,90009,-2.1267043518551754,3.9439685342122943
anisotropic,100,10,geometric,0.0001,diag,60,90000,-2.084909769792638,3.193767700769969
anisotropic,100,10,geometric,0.0001,diag,60,90001,-1.3197620209141454,1.4623091499070446
anisotropic,100,10,geometric,0.0001,diag,60,90002,-2.345271677649616,4.216692979068444
anisotropic,100,10,geometric,0.0001,diag,60,90003,-2.185441973300053,5.810365832990335
anisotropic,100,10,geometric,0.0001,diag,60,90004,-2.0854143976191706,3.2393097580475367
anisotropic,100,10,geometric,0.0001,diag,60,90005,-1.8858414874934786,4.679403835708157
anisotropic,100,10,geometric,0.0001,diag,60,90006,-1.641059301331743,1.324994506511849
anisotropic,100,10,geometric,0.0001,diag,60,90007,-1.6836634616157833,6.076225297097953
anisotropic,100,10,geometric,0.0001,diag,60,90008,-2.24649476561559,4.303862833932286
anisotropic,100,10,geometric,0.0001,diag,60,90009,-1.8002517668563187,1.3073421245221537
anisotropic,100,10,geometric,0.001,isotropic,60,90000,-2.359331260665144,4.3132021071285385
anisotropic,100,10,geometric,0.001,isotropic,60,90001,-1.9850148731840913,7.625381268159431
anisotropic,100,10,geometric,0.001,isotropic,60,90002,-2.2013790061272718,2.3449458328355486
anisotropic,100,10,geometric,0.001,isotropic,60,90003,-1.7184330432036554,1.1624126253585292
anisotropic,100,10,geometric,0.001,isotropic,60,90004,-1.9881131889972563,3.012187046231712
anisotropic,100,10,geometric,0.001,isotropic,60,90005,-1.9618828214977577,2.517635780129337
anisotropic,100,10,geometric,0.001,isotropic,60,90006,-2.020396056904166,1.7175118869021246
anisotropic,100,10,geometric,0.001,isotropic,60,90007,-2.667769485984621,8.276619371982486
anisotropic,100,10,geometric,0.001,isotropic,60,90008,-2.05528125721076,3.7781769817629836
anisotropic,100,10,geometric,0.001,isotropic,60,90009,-1.4654991751906348,1.4921352184541756
anisotropic,100,10,geometric,0.001,diag,60,90000,-2.1058732667457227,4.341569171140279
anisotropic,100,10,geometric,0.001,diag,60,90001,-2.221837427543072,2.1723742003602293
anisotropic,100,10,geometric,0.001,diag,60,90002,-2.0349632016024914,3.346412666936705
anisotropic,100,10,geometric,0.001,diag,60,90003,-1.90158637265923,1.867825425871053
anisotropic,100,10,geometric,0.001,diag,60,90004,-2.2403716411179824,5.900987359420772
anisotropic,100,10,geometric,0.001,diag,60,90005,-2.114346159044794,6.628219685522803
anisotropic,100,10,geometric,0.001,diag,60,90006,-2.0017522755119894,1.9869899442068966
anisotropic,100,10,geometric,0.001,diag,60,90007,-2.031276062972373,2.9865669079479993
anisotropic,100,10,geometric,0.001,diag,60,90008,-2.2631276747222144,3.3887643951788036
anisotropic,100,10,geometric,0.001,diag,60,90009,-1.5474221015076737,3.830431696068872
anisotropic,100,10,geometric,0.01,isotropic,60,90000,-1.8852673458299547,1.5912745226748048
anisotropic,100,10,geometric,0.01,isotropic,60,90001,-1.5565589437293041,2.1373242730919606
anisotropic,100,10,geometric,0.01,isotropic,60,90002,-2.3917710240563888,4.272801627648376
anisotropic,100,10,geometric,0.01,isotropic,60,90003,-2.523473133083053,6.152802004809507
anisotropic,100,10,geometric,0.01,isotropic,60,90004,-1.939410159620943,1.5083382193108295
anisotropic,100,10,geometric,0.01,isotropic,60,90005,-2.1913637102264656,5.458126520541293
anisotropic,100,10,geometric,0.01,isotropic,60,90006,-2.2484524235870644,3.7231227847379023
anisotropic,100,10,geometric,0.01,isotropic,60,90007,-2.3558657177647704,4.419377174227609
anisotropic,100,10,geometric,0.01,isotropic,60,90008,-2.196776979570695,3.78322056670969
anisotropic,100,10,geometric,0.01,isotropic,60,90009,-2.1889063443560604,2.1529516412534515
anisotropic,100,10,geometric,0.01,diag,60,90000,-2.4143737729187804,4.715135055219525
anisotropic,100,10,geometric,0.01,diag,60,90001,-2.354057509966652,7.285656632100923
anisotropic,100,10,geometric,0.01,diag,60,90002,-2.3742165399269664,3.575650903565389
anisotropic,100,10,geometric,0.01,diag,60,90003,-1.8904737758016292,3.483807397684966
anisotropic,100,10,geometric,0.01,diag,60,90004,-2.50852071467527,5.9904296786716404
anisotropic,100,10,geometric,0.01,diag,60,90005,-2.4738655141136316,9.5066610303005
anisotropic,100,10,geometric,0.01,diag,60,90006,-1.9968678144269179,2.1367306777510726
anisotropic,100,10,geometric,0.01,diag,60,90007,-2.1447626630283776,5.600541654825097
anisotropic,100,10,geometric,0.01,diag,60,90008,-2.22715392770462,3.6794769720784557
anisotropic,100,10,geometric,0.01,diag,60,90009,-2.060883842143262,8.804800216685976
anisotropic,100,10,linear,0.001,isotropic,60,90000,-1.7085387172146882,1.052345588652766
anisotropic,100,10,linear,0.001,isotropic,60,90001,-1.8901168555438683,1.687727767908641
anisotropic,100,10,linear,0.001,isotropic,60,90002,-1.7674302377325208,1.3377725623375336
anisotropic,100,10,linear,0.001,isotropic,60,90003,-1.7165827754424328,1.9925885710627882
anisotropic,100,10,linear,0.001,isotropic,60,90004,-1.870581449690388,1.4249666494485114
anisotropic,100,10,linear,0.001,isotropic,60,90005,-1.41381083083748,1.432812227729718
anisotropic,100,10,linear,0.001,isotropic,60,90006,-1.6423699440368393,1.0379084952587452
anisotropic,100,10,linear,0.001,isotropic,60,90007,-1.500455887694473,1.2096485660724545
anisotropic,100,10,linear,0.001,isotropic,60,90008,-2.0422437849265527,4.112797633161589
anisotropic,100,10,linear,0.001,isotropic,60,90009,-1.9049898933527776,1.8553163421272976
anisotropic,100,10,linear,0.001,diag,60,90000,-1.4741808859125698,2.2717834057580175
anisotropic,100,10,linear,0.001,diag,60,90001,-2.38090975431285,6.228661522813555
anisotropic,100,10,linear,0.001,diag,60,90002,-1.997844064419771,1.4426595022300843
anisotropic,100,10,linear,0.001,diag,60,90003,-1.5151192842907018,1.7883020259555824
anisotropic,100,10,linear,0.001,diag,60,90004,-1.9214459959212777,1.5070318203836917
anisotropic,100,10,linear,0.001,diag,60,90005,-2.179224516199465,7.595736048002472
anisotropic,100,10,linear,0.001,diag,60,90006,-1.7330652696274917,1.0489608348176684
anisotropic,100,10,linear,0.001,diag,60,90007,-1.4541381877828428,1.2501940086119048
anisotropic,100,10,linear,0.001,diag,60,90008,-2.0182053917791496,2.0290342769730594
anisotropic,100,10,linear,0.001,diag,60,90009,-1.1775284878658683,1.416879340496331
anisotropic,100,20,geometric,0.0001,isotropic,30,90000,-1.7569920405387136,3.315582853179026
anisotropic,100,20,geometric,0.0001,isotropic,30,90001,-2.1532428680493623,4.201960017062099
anisotropic,100,20,geometric,0.0001,isotropic,30,90002,-2.1468244924824256,3.9322992963864745
anisotropic,100,20,geometric,0.0001,isotropic,30,90003,-1.8738800438408203,1.8509715210141127
anisotropic,100,20,geometric,0.0001,isotropic,30,90004,-2.255820447350903,6.798847138006307
anisotropic,100,20,geometric,0.0001,isotropic,30,90005,-2.09783978850187,2.6314888929115607
anisotropic,100,20,geometric,0.0001,isotropic,30,90006,-2.0058414268537788,2.4822714060575337
anisotropic,100,20,geometric,0.0001,isotropic,30,90007,-2.142026445820686,3.1025139790788856
anisotropic,100,20,geometric,0.0001,isotropic,30,90008,-1.9582240010615755,2.4951091653026256
anisotropic,100,20,geometric,0.0001,isotropic,30,90009,-1.9130286108103238,1.2911332270828662
anisotropic,100,20,geometric,0.0001,diag,30,90000,-2.316555720517655,3.583979201936096
anisotropic,100,20,geometric,0.0001,diag,30,90001,-1.9638389053121854,1.7908000254958085
anisotropic,100,20,geometric,0.0001,diag,30,90002,-2.253355736234891,2.8509504602483333
anisotropic,100,20,geometric,0.0001,diag,30,90003,-1.7483387368577996,4.320210798804815
anisotropic,100,20,geometric,0.0001,diag,30,90004,-1.6794950603745353,1.1870069116698545
anisotropic,100,20,geometric,0.0001,diag,30,90005,-1.9947285293691468,1.7555410475369262
anisotropic,100,20,geometric,0.0001,diag,30,90006,-1.7700862563100135,2.9057251106314794
anisotropic,100,20,geometric,0.0001,diag,30,90007,-2.0141926127242846,6.2504362438469405
anisotropic,100,20,geometric,0.0001,diag,30,90008,-1.421912110054331,1.0705992386981342
anisotropic,100,20,geometric,0.0001,diag,30,90009,-2.087671007982003,1.7836510057340098
anisotropic,100,20,geometric,0.001,isotropic,30,90000,-1.904041511994445,8.708528246985736
anisotropic,100,20,geometric,0.001,isotropic,30,90001,-2.28461981078548,4.637385611980437
anisotropic,100,20,geometric,0.001,isotropic,30,90002,-2.1099091126888125,3.095419518057105
anisotropic,100,20,geometric,0.001,isotropic,30,90003,-1.7229160142114952,1.465090222974652
anisotropic,100,20,geometric,0.001,isotropic,30,90004,-2.031378617227934,4.206888751773418
anisotropic,100,20,geometric,0.001,isotropic,30,90005,-2.1180988593934567,3.2466996080345276
anisotropic,100,20,geometric,0.001,isotropic,30,90006,-2.0672336520974937,6.070696395397219
anisotropic,100,20,geometric,0.001,isotropic,30,90007,-1.964676576658547,4.042282752076096
anisotropic,100,20,geometric,0.001,isotropic,30,90008,-2.160374896559402,2.839842779834033
anisotropic,100,20,geometric,0.001,isotropic,30,90009,-2.2365473259260367,3.4509251620649097
anisotropic,100,20,geometric,0.001,diag,30,90000,-2.7114977429401192,7.252168162107077
anisotropic,100,20,geometric,0.001,diag,30,90001,-1.9524960969632843,2.1580911797729065
anisotropic,100,20,geometric,0.001,diag,30,90002,-1.7283034297418296,1.2845409081287467
anisotropic,100,20,geometric,0.001,diag,30,90003,-2.2032822706832853,4.8829768432111225
anisotropic,100,20,geometric,0.001,diag,30,90004,-1.9482996449468801,2.8100957387608028
anisotropic,100,20,geometric,0.001,diag,30,90005,-1.2450277469676663,1.075731539714291
anisotropic,100,20,geometric,0.001,diag,30,90006,-2.465548848526511,6.447908920202836
anisotropic,100,20,geometric,0.001,diag,30,90007,-2.2011181622501548,3.6529370414168914
anisotropic,100,20,geometric,0.001,diag,30,90008,-1.8568428495982383,2.4418017707176967
anisotropic,100,20,geometric,0.001,diag,30,90009,-1.4206264464491023,1.299330614054688
anisotropic,100,20,geometric,0.01,isotropic,30,90000,-2.0311516402022587,7.731362192528976
anisotropic,100,20,geometric,0.01,isotropic,30,90001,-1.8018100535860584,10.872459319838784
anisotropic,100,20,geometric,0.01,isotropic,30,90002,-1.8156074599815473,1.5602403956704627
anisotropic,100,20,geometric,0.01,isotropic,30,90003,-2.424069422202993,9.643689879853461
anisotropic,100,20,geometric,0.01,isotropic,30,90004,-2.056820365315732,3.4419183168640908
anisotropic,100,20,geometric,0.01,isotropic,30,90005,-1.888586323728854,1.5152491013976102
anisotropic,100,20,geometric,0.01,isotropic,30,90006,-2.092082793981382,4.483977556486957
anisotropic,100,20,geometric,0.01,isotropic,30,90007,-2.446549441147713,5.812244835378569
anisotropic,100,20,geometric,0.01,isotropic,30,90008,-2.057122428369755,3.350466829012248
anisotropic,100,20,geometric,0.01,isotropic,30,90009,-2.346822578381289,6.247223423301764
anisotropic,100,20,geometric,0.01,diag,30,90000,-1.5904169718582537,2.3984353435785635
anisotropic,100,20,geometric,0.01,diag,30,90001,-2.104484052321028,2.9101412130070603
anisotropic,100,20,geometric,0.01,diag,30,90002,-2.127975680617033,2.230721923234916
anisotropic,100,20,geometric,0.01,diag,30,90003,-2.1033169688593967,4.063374097917554
anisotropic,100,20,geometric,0.01,diag,30,90004,-2.0152016474352226,1.8739693362088123
anisotropic,100,20,geometric,0.01,diag,30,90005,-2.314523646752434,7.287664810913338
anisotropic,100,20,geometric,0.01,diag,30,90006,-2.229031850875301,2.8004355214582914
anisotropic,100,20,geometric,0.01,diag,30,90007,-1.8101380470473365,2.295910050791722
anisotropic,100,20,geometric,0.01,diag,30,90008,-2.100293955416697,7.777605585122083
anisotropic,100,20,geometric,0.01,diag,30,90009,-2.220180786718908,1.8501328653440172
anisotropic,100,20,linear,0.001,isotropic,30,90000,-1.8050266467745897,3.7055065508895595
anisotropic,100,20,linear,0.001,isotropic,30,90001,-2.1194276959498293,3.803141592322882
anisotropic,100,20,linear,0.001,isotropic,30,90002,-1.7814966842223485,1.4931530565151587
anisotropic,100,20,linear,0.001,isotropic,30,90003,-1.6191205896563343,2.343841245809252
anisotropic,100,20,linear,0.001,isotropic,30,90004,-1.6178883473219776,1.0571734181839512
anisotropic,100,20,linear,0.001,isotropic,30,90005,-1.3758332917619789,1.231457941401211
anisotropic,100,20,linear,0.001,isotropic,30,90006,-1.6475468392470858,1.0708662172805816
anisotropic,100,20,linear,0.001,isotropic,30,90007,-1.7013766818744676,3.6941745962909573
anisotropic,100,20,linear,0.001,isotropic,30,90008,-2.389505328206288,5.754446007008691
anisotropic,100,20,linear,0.001,isotropic,30,90009,-1.6495344759898742,3.447474345698228
anisotropic,100,20,linear,0.001,diag,30,90000,-2.484406523343467,4.178899087586189
anisotropic,100,20,linear,0.001,diag,30,90001,-1.6952454857949213,1.877836574995058
anisotropic,100,20,linear,0.001,diag,30,90002,-2.202250550849719,2.176732562650803
anisotropic,100,20,linear,0.001,diag,30,90003,-1.40704226098247,1.2468650269300083
anisotropic,100,20,linear,0.001,diag,30,90004,-1.9756571439151693,4.002191115350768
anisotropic,100,20,linear,0.001,diag,30,90005,-1.952020252065287,4.292426294339917
anisotropic,100,20,linear,0.001,diag,30,90006,-1.6873605227192028,1.0585671839982687
anisotropic,100,20,linear,0.001,diag,30,90007,-1.3410595284773268,1.6235880924857518
anisotropic,100,20,linear,0.001,diag,30,90008,-1.3814786672119541,1.6298309545842746
anisotropic,100,20,linear,0.001,diag,30,90009,-2.142410269757946,3.297160197966816
anisotropic,300,1,geometric,0.0001,isotropic,200,90000,-1.6728921301687163,1.2200698691649208
anisotropic,300,1,geometric,0.0001,isotropic,200,90001,-1.6398639290007262,1.9904389094702706
anisotropic,300,1,geometric,0.0001,isotropic,200,90002,-1.387219246132212,1.489286983295731
anisotropic,300,1,geometric,0.0001,isotropic,200,90003,-1.9570152516490682,4.118454963074663
anisotropic,300,1,geometric,0.0001,isotropic,200,90004,-1.421878337165966,3.0802110624644192
anisotropic,300,1,geometric,0.0001,isotropic,200,90005,-1.893155202029352,2.009019662485127
anisotropic,300,1,geometric,0.0001,isotropic,200,90006,-1.5245027664879416,1.27339065394552
anisotropic,300,1,geometric,0.0001,isotropic,200,90007,-1.2649197928339107,1.0073914767251702
anisotropic,300,1,geometric,0.0001,isotropic,200,90008,-1.5324676467405156,1.5830671189502274
anisotropic,300,1,geometric,0.0001,isotropic,200,90009,-1.5433665473670564,1.6526027492571458
anisotropic,300,1,geometric,0.0001,diag,200,90000,-1.462676569337308,1.826567426625349
anisotropic,300,1,geometric,0.0001,diag,200,90001,-2.131928375363105,4.478321897888366
anisotropic,300,1,geometric,0.0001,diag,200,90002,-1.9594373137274057,2.388983034880657
anisotropic,300,1,geometric,0.0001,diag,200,90003,-1.7514711297848249,1.5791284962435368
anisotropic,300,1,geometric,0.0001,diag,200,90004,-1.4038906707678334,1.1410551754816314
anisotropic,300,1,geometric,0.0001,diag,200,90005,-1.7791644638212032,2.067000625691851
anisotropic,300,1,geometric,0.0001,diag,200,90006,-1.882591961208444,2.2125762926014576
anisotropic,300,1,geometric,0.0001,diag,200,90007,-1.2705381015750168,1.002491963707326
anisotropic,300,1,geometric,0.0001,diag,200,90008,-1.660308683275708,1.2929544774975572
anisotropic,300,1,geometric,0.0001,diag,200,90009,-1.7062003184904735,1.0360447920283686
anisotropic,300,1,geometric,0.001,isotropic,200,90000,-1.80188814990953,1.2408263027075779
anisotropic,300,1,geometric,0.001,isotropic,200,90001,-1.4193105812217017,1.388601589402983
anisotropic,300,1,geometric,0.001,isotropic,200,90002,-1.8921274137722852,1.8314526715566766
anisotropic,300,1,geometric,0.001,isotropic,200,90003,-1.2918617148358493,1.3000328688042073
anisotropic,300,1,geometric,0.001,isotropic,200,90004,-1.6219538106139868,1.2682435170795354
anisotropic,300,1,geometric,0.001,isotropic,200,90005,-1.978788552837281,2.1112172483595724
anisotropic,300,1,geometric,0.001,isotropic,200,90006,-1.6560414500500888,1.0768860386615258
anisotropic,300,1,geometric,0.001,isotropic,200,90007,-1.3630039841224275,1.8653170505895493
anisotropic,300,1,geometric,0.001,isotropic,200,90008,-1.5659656120549703,1.0398207105895887
anisotropic,300,1,geometric,0.001,isotropic,200,90009,-1.3884178370360856,1.8002217309408974
anisotropic,300,1,geometric,0.001,diag,200,90000,-1.5659124573569614,1.0892721976990107
anisotropic,300,1,geometric,0.001,diag,200,90001,-1.3450302475928808,1.5011342653702044
anisotropic,300,1,geometric,0.001,diag,200,90002,-1.7876678622516544,1.576523674986947
anisotropic,300,1,geometric,0.001,diag,200,90003,-1.9104727909662504,3.188378132074906
anisotropic,300,1,geometric,0.001,diag,200,90004,-1.862770536069589,1.8078816501143176
anisotropic,300,1,geometric,0.001,diag,200,90005,-1.9607047234945227,2.1271192859918955
anisotropic,300,1,geometric,0.001,diag,200,90006,-1.660058525607146,1.2310480353413527
anisotropic,300,1,geometric,0.001,diag,200,90007,-1.1952417399796063,1.147613365798711
anisotropic,300,1,geometric,0.001,diag,200,90008,-1.8685189741628272,1.6199436596819887
anisotropic,300,1,geometric,0.001,diag,200,90009,-1.7563301508952827,1.5713849503342359
anisotropic,300,1,geometric,0.01,isotropic,200,90000,-1.7726241080754073,5.096433823904627
anisotropic,300,1,geometric,0.01,isotropic,200,90001,-2.270198674057237,4.1830521723531255
anisotropic,300,1,geometric,0.01,isotropic,200,90002,-2.1405019442682485,4.25999619600556
anisotropic,300,1,geometric,0.01,isotropic,200,90003,-1.6191650901019417,1.1077440561814555
anisotropic,300,1,geometric,0.01,isotropic,200,90004,-1.5411927147880995,1.0520871912081322
anisotropic,300,1,geometric,0.01,isotropic,200,90005,-2.262507739925284,3.6728056224941943
anisotropic,300,1,geometric,0.01,isotropic,200,90006,-2.3702515387158325,4.589071390276273
anisotropic,300,1,geometric,0.01,isotropic,200,90007,-2.129378313888817,3.756691872441265
anisotropic,300,1,geometric,0.01,isotropic,200,90008,-1.690432890969899,3.689352411400941
anisotropic,300,1,geometric,0.01,isotropic,200,90009,-1.6469057877650264,1.047092811083083
anisotropic,300,1,geometric,0.01,diag,200,90000,-1.9261769224990817,2.541922253168607
anisotropic,300,1,geometric,0.01,diag,200,90001,-2.1144409702958353,6.634385797204371
anisotropic,300,1,geometric,0.01,diag,200,90002,-1.9354496943805102,3.029275505244727
anisotropic,300,1,geometric,0.01,diag,200,90003,-2.1916335349539584,4.261414533309091
anisotropic,300,1,geometric,0.01,diag,200,90004,-1.7239364427573451,5.222347820670197
anisotropic,300,1,geometric,0.01,diag,200,90005,-1.1678176198457206,1.9688750459362945
anisotropic,300,1,geometric,0.01,diag,200,90006,-1.8470283728697974,1.324345665949754
anisotropic,300,1,geometric,0.01,diag,200,90007,-1.6120518455337116,1.4870300588323542
anisotropic,300,1,geometric,0.01,diag,200,90008,-1.6283260201607823,2.6573598903571973
anisotropic,300,1,geometric,0.01,diag,200,90009,-1.3821643760363276,1.0655319323669126
anisotropic,300,1,linear,0.001,isotropic,200,90000,-1.722198693237376,1.4639372125893562
anisotropic,300,1,linear,0.001,isotropic,200,90001,-1.7953435932467194,2.823238682307197
anisotropic,300,1,linear,0.001,isotropic,200,90002,-1.544429637010312,1.453013929707876
anisotropic,300,1,linear,0.001,isotropic,200,90003,-1.1790078464175098,1.1449188836677395
anisotropic,300,1,linear,0.001,isotropic,200,90004,-1.9949412448456845,1.6041418398365273
anisotropic,300,1,linear,0.001,isotropic,200,90005,-1.4669244847617997,1.0081493933196182
anisotropic,300,1,linear,0.001,isotropic,200,90006,-2.272905160859782,2.719508961234052
anisotropic,300,1,linear,0.001,isotropic,200,90007,-1.4844133063674285,1.5877568317459945
anisotropic,300,1,linear,0.001,isotropic,200,90008,-1.7395001455373498,2.6341704318974517
anisotropic,300,1,linear,0.001,isotropic,200,90009,-1.6742128708381172,1.176424874986228
anisotropic,300,1,linear,0.001,diag,200,90000,-2.0362501992124975,3.306373494190579
anisotropic,300,1,linear,0.001,diag,200,90001,-1.762109755390564,1.350031649886094
anisotropic,300,1,linear,0.001,diag,200,90002,-1.5012417314616933,1.30627727838544
anisotropic,300,1,linear,0.001,diag,200,90003,-1.0967751619621429,1.0430573968891241
anisotropic,300,1,linear,0.001,diag,200,90004,-1.620826095852072,2.2280735528878113
anisotropic,300,1,linear,0.001,diag,200,90005,-1.6392927136807822,1.1574548777620373
anisotropic,300,1,linear,0.001,diag,200,90006,-2.2187288499932087,3.818689093691115
anisotropic,300,1,linear,0.001,diag,200,90007,-1.7176255004885996,2.5350166851375233
anisotropic,300,1,linear,0.001,diag,200,90008,-1.5320808081411024,2.1480978219888645
anisotropic,300,1,linear,0.001,diag,200,90009,-1.8411854640976297,1.5028106821416174
anisotropic,300,2,geometric,0.0001,isotropic,100,90000,-1.6398382478310565,1.1469457202477495
anisotropic,300,2,geometric,0.0001,isotropic,100,90001,-1.3713445215172972,1.4746769485823839
anisotropic,300,2,geometric,0.0001,isotropic,100,90002,-1.8092221123173293,1.2735359161591469
anisotropic,300,2,geometric,0.0001,isotropic,100,90003,-2.0222717026870245,4.438209300750297
anisotropic,300,2,geometric,0.0001,isotropic,100,90004,-1.4015637342637701,2.307292460658879
anisotropic,300,2,geometric,0.0001,isotropic,100,90005,-1.9830523328079683,2.3375989864340476
anisotropic,300,2,geometric,0.0001,isotropic,100,90006,-1.5168341650312878,1.0003580373455734
anisotropic,300,2,geometric,0.0001,isotropic,100,90007,-1.241325982892625,1.0140876651070134
anisotropic,300,2,geometric,0.0001,isotropic,100,90008,-1.4645183411717517,1.2851216481001926
anisotropic,300,2,geometric,0.0001,isotropic,100,90009,-1.758933618059788,3.061232512998993
anisotropic,300,2,geometric,0.0001,diag,100,90000,-1.6269357973048375,2.186539191753158
anisotropic,300,2,geometric,0.0001,diag,100,90001,-1.841218818370294,2.300047620233947
anisotropic,300,2,geometric,0.0001,diag,100,90002,-1.4001062872357055,2.379511557506388
anisotropic,300,2,geometric,0.0001,diag,100,90003,-1.196745058429875,1.0071280558283102
anisotropic,300,2,geometric,0.0001,diag,100,90004,-1.3606591024069277,1.0168156252968594
anisotropic,300,2,geometric,0.0001,diag,100,90005,-1.80866157997709,2.1884217282385054
anisotropic,300,2,geometric,0.0001,diag,100,90006,-1.8065514878457045,1.2350270864192348
anisotropic,300,2,geometric,0.0001,diag,100,90007,-1.2655757473746991,1.001423852902384
anisotropic,300,2,geometric,0.0001,diag,100,90008,-1.56479831715944,1.1208693225217983
anisotropic,300,2,geometric,0.0001,diag,100,90009,-1.6760767234341352,1.006773627574406
anisotropic,300,2,geometric,0.001,isotropic,100,90000,-1.4844756780661272,1.1448116108176203
anisotropic,300,2,geometric,0.001,isotropic,100,90001,-1.4037735009142815,1.634770105346635
anisotropic,300,2,geometric,0.001,isotropic,100,90002,-1.9306937365921983,1.817599196481781
anisotropic,300,2,geometric,0.001,isotropic,100,90003,-1.422831074601035,1.0068364576848556
anisotropic,300,2,geometric,0.001,isotropic,100,90004,-1.5995582440827192,1.2167209386437505
anisotropic,300,2,geometric,0.001,isotropic,100,90005,-1.9651218489785047,2.3468052289909913
anisotropic,300,2,geometric,0.001,isotropic,100,90006,-1.7030993379815496,1.1704432151390987
anisotropic,300,2,geometric,0.001,isotropic,100,90007,-1.6345498849345428,1.4686098595850894
anisotropic,300,2,geometric,0.001,isotropic,100,90008,-1.5857942921584653,1.0714913844252625
anisotropic,300,2,geometric,0.001,isotropic,100,90009,-1.4917926235006793,2.1127913736843333
anisotropic,300,2,geometric,0.001,diag,100,90000,-1.3763906473032994,1.1259123182471427
anisotropic,300,2,geometric,0.001,diag,100,90001,-1.2916941012988719,1.4017933672002583
anisotropic,300,2,geometric,0.001,diag,100,90002,-1.8649614471207026,1.4086119198413334
anisotropic,300,2,geometric,0.001,diag,100,90003,-1.5978210449141768,1.3987533817230258
anisotropic,300,2,geometric,0.001,diag,100,90004,-1.7640621301722117,3.7648407284402716
anisotropic,300,2,geometric,0.001,diag,100,90005,-1.160996614647986,1.0465377586779128
anisotropic,300,2,geometric,0.001,diag,100,90006,-1.9251137225312647,2.1398202345796307
anisotropic,300,2,geometric,0.001,diag,100,90007,-1.240452048151658,1.522577196446649
anisotropic,300,2,geometric,0.001,diag,100,90008,-1.846140246766477,2.116367162209867
anisotropic,300,2,geometric,0.001,diag,100,90009,-1.5741263545940463,1.114782941495602
anisotropic,300,2,geometric,0.01,isotropic,100,90000,-1.4262559282278289,4.325332355290228
anisotropic,300,2,geometric,0.01,isotropic,100,90001,-2.334741233734809,6.1114076635488725
anisotropic,300,2,geometric,0.01,isotropic,100,90002,-1.7816352972524976,1.2715140726064917
anisotropic,300,2,geometric,0.01,isotropic,100,90003,-1.5648587490123023,1.0560344434022264
anisotropic,300,2,geometric,0.01,isotropic,100,90004,-1.5075408906713963,1.0130533887833604
anisotropic,300,2,geometric,0.01,isotropic,100,90005,-1.95201682520985,2.9329776715551636
anisotropic,300,2,geometric,0.01,isotropic,100,90006,-2.245877956132783,4.080208766675274
anisotropic,300,2,geometric,0.01,isotropic,100,90007,-2.0987965118018166,3.94018839058571
anisotropic,300,2,geometric,0.01,isotropic,100,90008,-1.5293508789201455,1.0568863813619689
anisotropic,300,2,geometric,0.01,isotropic,100,90009,-1.653818768883708,1.0479077236644254
anisotropic,300,2,geometric,0.01,diag,100,90000,-2.072696292589735,2.970886719842459
anisotropic,300,2,geometric,0.01,diag,100,90001,-2.140066306674016,2.2415077697374217
anisotropic,300,2,geometric,0.01,diag,100,90002,-1.6548646666292128,1.8391728161625582
anisotropic,300,2,geometric,0.01,diag,100,90003,-1.1401210210530548,1.086612685000582
anisotropic,300,2,geometric,0.01,diag,100,90004,-1.9154745103585875,4.399299776847902
anisotropic,300,2,geometric,0.01,diag,100,90005,-1.4688022943697054,2.8017716035699607
anisotropic,300,2,geometric,0.01,diag,100,90006,-1.848762591554216,1.8679778936242228
anisotropic,300,2,geometric,0.01,diag,100,90007,-1.7967878848895884,1.9081177297023209
anisotropic,300,2,geometric,0.01,diag,100,90008,-1.966424137931179,1.763058915492381
anisotropic,300,2,geometric,0.01,diag,100,90009,-1.6377336864105436,1.0489256633510118
anisotropic,300,2,linear,0.001,isotropic,100,90000,-1.7209774305869299,1.4787135206462834
anisotropic,300,2,linear,0.001,isotropic,100,90001,-2.082584402229942,3.2890928302939404
anisotropic,300,2,linear,0.001,isotropic,100,90002,-2.1625896363861474,2.8069244557972666
anisotropic,300,2,linear,0.001,isotropic,100,90003,-1.3129770975482784,1.2127279199908152
anisotropic,300,2,linear,0.001,isotropic,100,90004,-2.1950956246705178,2.950284338174043
anisotropic,300,2,linear,0.001,isotropic,100,90005,-1.467888291144819,1.0055684795891164
anisotropic,300,2,linear,0.001,isotropic,100,90006,-2.206345811291209,4.525443109467119
anisotropic,300,2,linear,0.001,isotropic,100,90007,-1.5225688925440841,1.6777925648422982
anisotropic,300,2,linear,0.001,isotropic,100,90008,-1.6272961914206954,2.7308309621545566
anisotropic,300,2,linear,0.001,isotropic,100,90009,-1.6773591230092741,1.1209542225308842
anisotropic,300,2,linear,0.001,diag,100,90000,-2.0371031392378747,2.5676892803627998
anisotropic,300,2,linear,0.001,diag,100,90001,-1.5284444151518617,1.1697665285858152
anisotropic,300,2,linear,0.001,diag,100,90002,-1.620810598028607,1.2034589763341412
anisotropic,300,2,linear,0.001,diag,100,90003,-1.1183452002283054,1.0496667617655153
anisotropic,300,2,linear,0.001,diag,100,90004,-1.5533470896701125,3.3848350424452556
anisotropic,300,2,linear,0.001,diag,100,90005,-1.6377293368734587,1.1588377749396608
anisotropic,300,2,linear,0.001,diag,100,90006,-1.9825771317857965,2.6952559741361104
anisotropic,300,2,linear,0.001,diag,100,90007,-1.1422323447709757,1.6276952628309518
anisotropic,300,2,linear,0.001,diag,100,90008,-1.4991633039364347,2.0887992481273776
anisotropic,300,2,linear,0.001,diag,100,90009,-1.7612122212903487,1.442770712430914
anisotropic,300,5,geometric,0.0001,isotropic,40,90000,-1.5965561293797945,1.0570443562518788
anisotropic,300,5,geometric,0.0001,isotropic,40,90001,-1.3135858781914964,1.007267310349184
anisotropic,300,5,geometric,0.0001,isotropic,40,90002,-1.2696015091230457,1.1790566626362255
anisotropic,300,5,geometric,0.0001,isotropic,40,90003,-1.8864106739347757,3.552745580240508
anisotropic,300,5,geometric,0.0001,isotropic,40,90004,-1.5278932130677996,3.668138346924592
anisotropic,300,5,geometric,0.0001,isotropic,40,90005,-2.130635097596255,3.5450950895956033
anisotropic,300,5,geometric,0.0001,isotropic,40,90006,-1.6104321975329394,1.4786448496577396
anisotropic,300,5,geometric,0.0001,isotropic,40,90007,-1.2452291962176807,1.002883534856278
anisotropic,300,5,geometric,0.0001,isotropic,40,90008,-1.399403643723457,1.1616189728878077
anisotropic,300,5,geometric,0.0001,isotropic,40,90009,-1.4434918477545773,3.1465164169526063
anisotropic,300,5,geometric,0.0001,diag,40,90000,-1.6148285497569084,2.518217221809701
anisotropic,300,5,geometric,0.0001,diag,40,90001,-2.096128202427777,3.864821992702525
anisotropic,300,5,geometric,0.0001,diag,40,90002,-1.6609132779277878,4.66303673210699
anisotropic,300,5,geometric,0.0001,diag,40,90003,-1.2721262235756443,1.136343564326202
anisotropic,300,5,geometric,0.0001,diag,40,90004,-1.4237547359589884,1.1213079137190658
anisotropic,300,5,geometric,0.0001,diag,40,90005,-1.6536012282116515,1.3621559743056457
anisotropic,300,5,geometric,0.0001,diag,40,90006,-1.5409127142056471,1.1518293798176933
anisotropic,300,5,geometric,0.0001,diag,40,90007,-1.2460015545851253,1.002660997646296
anisotropic,300,5,geometric,0.0001,diag,40,90008,-1.600546476781253,1.1848782185068618
anisotropic,300,5,geometric,0.0001,diag,40,90009,-1.6711079195022567,1.002456244317655
anisotropic,300,5,geometric,0.001,isotropic,40,90000,-2.189733877111673,2.603215703814924
anisotropic,300,5,geometric,0.001,isotropic,40,90001,-1.4237663236825853,1.8076948825457855
anisotropic,300,5,geometric,0.001,isotropic,40,90002,-1.8986081602580405,2.162071398654129
anisotropic,300,5,geometric,0.001,isotropic,40,90003,-1.441547467547783,1.0164593432688267
anisotropic,300,5,geometric,0.001,isotropic,40,90004,-2.0996234809632344,2.792457288608561
anisotropic,300,5,geometric,0.001,isotropic,40,90005,-2.0315924101426677,1.726888720880122
anisotropic,300,5,geometric,0.001,isotropic,40,90006,-1.6705825071306384,1.1275433697431272
anisotropic,300,5,geometric,0.001,isotropic,40,90007,-1.3831438833131415,2.555242479488388
anisotropic,300,5,geometric,0.001,isotropic,40,90008,-1.6583180107499675,1.2392068747779859
anisotropic,300,5,geometric,0.001,isotropic,40,90009,-1.5100859363321297,2.3757999286449913
anisotropic,300,5,geometric,0.001,diag,40,90000,-1.1727215531756952,1.1320461070567935
anisotropic,300,5,geometric,0.001,diag,40,90001,-1.4904503682562706,2.4938097040369933
anisotropic,300,5,geometric,0.001,diag,40,90002,-1.675535711667184,1.209813307338977
anisotropic,300,5,geometric,0.001,diag,40,90003,-1.8191498200177338,1.690494966097556
anisotropic,300,5,geometric,0.001,diag,40,90004,-1.3949164259871822,1.4399037155169292
anisotropic,300,5,geometric,0.001,diag,40,90005,-1.985699757052341,3.0245179503558006
anisotropic,300,5,geometric,0.001,diag,40,90006,-1.572303045556356,2.03502800784247
anisotropic,300,5,geometric,0.001,diag,40,90007,-1.0973782011133677,1.5009899136895024
anisotropic,300,5,geometric,0.001,diag,40,90008,-1.7656300234039841,1.7059555792192558
anisotropic,300,5,geometric,0.001,diag,40,90009,-2.0931025568063095,2.7609634484011156
anisotropic,300,5,geometric,0.01,isotropic,40,90000,-1.8203048349760917,5.641218467183309
anisotropic,300,5,geometric,0.01,isotropic,40,90001,-2.211714676424163,6.105052950402886
anisotropic,300,5,geometric,0.01,isotropic,40,90002,-2.0515782572374976,3.0413734088902156
anisotropic,300,5,geometric,0.01,isotropic,40,90003,-2.1040218276293206,2.104186112107543
anisotropic,300,5,geometric,0.01,isotropic,40,90004,-1.4359024044878232,1.0174166412200776
anisotropic,300,5,geometric,0.01,isotropic,40,90005,-1.8757336510594482,2.0788082757390023
anisotropic,300,5,geometric,0.01,isotropic,40,90006,-1.5263494313462904,2.4276319811504496
anisotropic,300,5,geometric,0.01,isotropic,40,90007,-1.7043080065993044,1.0478090730070113
anisotropic,300,5,geometric,0.01,isotropic,40,90008,-1.5200836435351233,1.0133098268190381
anisotropic,300,5,geometric,0.01,isotropic,40,90009,-1.5646296426435438,1.0328144293700594
anisotropic,300,5,geometric,0.01,diag,40,90000,-2.1281088410966045,2.6553121581807666
anisotropic,300,5,geometric,0.01,diag,40,90001,-1.293043404597837,1.156363327998342
anisotropic,300,5,geometric,0.01,diag,40,90002,-1.7114341370804986,1.2249540948187285
anisotropic,300,5,geometric,0.01,diag,40,90003,-1.9840923190992246,2.002879388620269
anisotropic,300,5,geometric,0.01,diag,40,90004,-1.8687038659214321,4.090899736190205
anisotropic,300,5,geometric,0.01,diag,40,90005,-1.5183009551479496,2.161990313867581
anisotropic,300,5,geometric,0.01,diag,40,90006,-1.8885948728255593,1.6498206610514417
anisotropic,300,5,geometric,0.01,diag,40,90007,-1.9947476164320341,4.424426091065598
anisotropic,300,5,geometric,0.01,diag,40,90008,-1.5667064230170358,3.884698915826212
anisotropic,300,5,geometric,0.01,diag,40,90009,-1.4301120971852763,1.2088775593906622
anisotropic,300,5,linear,0.001,isotropic,40,90000,-1.678330839556015,1.3492923695942707
anisotropic,300,5,linear,0.001,isotropic,40,90001,-1.9192844366301607,2.5959160175037064
anisotropic,300,5,linear,0.001,isotropic,40,90002,-1.685567449547649,1.9080102420378398
anisotropic,300,5,linear,0.001,isotropic,40,90003,-1.5362366110828685,1.5591169420412412
anisotropic,300,5,linear,0.001,isotropic,40,90004,-1.9946338823415846,2.026545514290831
anisotropic,300,5,linear,0.001,isotropic,40,90005,-1.591224767525234,1.0140670743533478
anisotropic,300,5,linear,0.001,isotropic,40,90006,-2.055948223119529,1.869913248121666
anisotropic,300,5,linear,0.001,isotropic,40,90007,-1.3311461912493872,1.2537118085816246
anisotropic,300,5,linear,0.001,isotropic,40,90008,-1.6271587120750768,1.8827917144919848
anisotropic,300,5,linear,0.001,isotropic,40,90009,-1.9725927504996752,1.5643446275833304
anisotropic,300,5,linear,0.001,diag,40,90000,-1.796544603899661,1.1599380716532686
anisotropic,300,5,linear,0.001,diag,40,90001,-1.7461725112706483,1.8105992192886
anisotropic,300,5,linear,0.001,diag,40,90002,-2.1440499975903857,2.679662910458862
anisotropic,300,5,linear,0.001,diag,40,90003,-1.241166876536738,1.0245962439793592
anisotropic,300,5,linear,0.001,diag,40,90004,-1.4808350154935441,1.4101088593407913
anisotropic,300,5,linear,0.001,diag,40,90005,-1.6647245401413138,1.2419827154098957
anisotropic,300,5,linear,0.001,diag,40,90006,-2.3391430291504336,4.445409589289008
anisotropic,300,5,linear,0.001,diag,40,90007,-1.3991447727455004,1.7933977574354405
anisotropic,300,5,linear,0.001,diag,40,90008,-1.4001450615788855,2.0589378824481406
anisotropic,300,5,linear,0.001,diag,40,90009,-1.9210524073863202,1.6806321396947461
anisotropic,300,10,geometric,0.0001,isotropic,20,90000,-1.567205151767011,1.0020956594742096
anisotropic,300,10,geometric,0.0001,isotropic,20,90001,-1.5867933762164035,1.0845151317537987
anisotropic,300,10,geometric,0.0001,isotropic,20,90002,-1.6459935593772215,2.3649964258897733
anisotropic,300,10,geometric,0.0001,isotropic,20,90003,-1.7304919404637327,1.9560876247938863
anisotropic,300,10,geometric,0.0001,isotropic,20,90004,-1.6360409272484404,3.2049624584340988
anisotropic,300,10,geometric,0.0001,isotropic,20,90005,-1.0736730981127498,1.2888392143556617
anisotropic,300,10,geometric,0.0001,isotropic,20,90006,-1.433425926748441,1.136602936493788
anisotropic,300,10,geometric,0.0001,isotropic,20,90007,-1.2492957328130043,1.0064844446073822
anisotropic,300,10,geometric,0.0001,isotropic,20,90008,-1.5833026183183116,1.1077863468593427
anisotropic,300,10,geometric,0.0001,isotropic,20,90009,-1.1730313208618863,1.2792298761938852
anisotropic,300,10,geometric,0.0001,diag,20,90000,-1.4667520037263775,1.928872795061585
anisotropic,300,10,geometric,0.0001,diag,20,90001,-2.109593688270556,6.197135734864232
anisotropic,300,10,geometric,0.0001,diag,20,90002,-1.8129873441342437,1.6650250718785842
anisotropic,300,10,geometric,0.0001,diag,20,90003,-1.7730426234848173,1.9007033082817109
anisotropic,300,10,geometric,0.0001,diag,20,90004,-1.5473114590361283,3.0033500950891847
anisotropic,300,10,geometric,0.0001,diag,20,90005,-1.6759468071194645,1.3308639798898163
anisotropic,300,10,geometric,0.0001,diag,20,90006,-1.2800062564026011,2.0206668388594062
anisotropic,300,10,geometric,0.0001,diag,20,90007,-1.2584667389290867,1.0014086527160801
anisotropic,300,10,geometric,0.0001,diag,20,90008,-1.5549155222802948,1.1344666356055648
anisotropic,300,10,geometric,0.0001,diag,20,90009,-1.7010923962293358,2.4903438131869997
anisotropic,300,10,geometric,0.001,isotropic,20,90000,-1.6231666937903442,1.0202080922771575
anisotropic,300,10,geometric,0.001,isotropic,20,90001,-1.6681649082304921,2.6067837682061694
anisotropic,300,10,geometric,0.001,isotropic,20,90002,-2.1201037173754456,3.2525827931040148
anisotropic,300,10,geometric,0.001,isotropic,20,90003,-1.877628152866235,3.9503169534506166
anisotropic,300,10,geometric,0.001,isotropic,20,90004,-1.9854750360764226,2.538090146596392
anisotropic,300,10,geometric,0.001,isotropic,20,90005,-1.7050653601518555,5.402649698427678
anisotropic,300,10,geometric,0.001,isotropic,20,90006,-1.665230609024256,1.1060011222907726
anisotropic,300,10,geometric,0.001,isotropic,20,90007,-1.38509703968356,2.3271315188638604
anisotropic,300,10,geometric,0.001,isotropic,20,90008,-1.7134752191886524,1.387283516462061
anisotropic,300,10,geometric,0.001,isotropic,20,90009,-1.8555359273227006,1.4110173214693311
anisotropic,300,10,geometric,0.001,diag,20,90000,-1.5635362489289841,1.2123035854727482
anisotropic,300,10,geometric,0.001,diag,20,90001,-1.521138214963749,3.8126468106643228
anisotropic,300,10,geometric,0.001,diag,20,90002,-1.8651306994776762,1.6208713899331448
anisotropic,300,10,geometric,0.001,diag,20,90003,-1.6355003994440085,1.2353356021106001
anisotropic,300,10,geometric,0.001,diag,20,90004,-1.4645795485424826,1.623244027767775
anisotropic,300,10,geometric,0.001,diag,20,90005,-1.690097489392327,1.911985320206333
anisotropic,300,10,geometric,0.001,diag,20,90006,-1.688070626326523,1.4450258644880054
anisotropic,300,10,geometric,0.001,diag,20,90007,-1.2533806742381797,1.4459930885712327
anisotropic,300,10,geometric,0.001,diag,20,90008,-1.8108246719402354,2.1539109784890567
anisotropic,300,10,geometric,0.001,diag,20,90009,-1.74681302665581,1.7153680980377355
anisotropic,300,10,geometric,0.01,isotropic,20,90000,-1.52883832485202,3.005235671101796
anisotropic,300,10,geometric,0.01,isotropic,20,90001,-1.61438492915588,1.097223060950026
anisotropic,300,10,geometric,0.01,isotropic,20,90002,-1.995246641730348,1.818632938070003
anisotropic,300,10,geometric,0.01,isotropic,20,90003,-1.6584289516492108,1.3095784067613607
anisotropic,300,10,geometric,0.01,isotropic,20,90004,-1.8840407690171388,2.2502052665110037
anisotropic,300,10,geometric,0.01,isotropic,20,90005,-2.0117817122676103,3.1795432510453288
anisotropic,300,10,geometric,0.01,isotropic,20,90006,-1.700707125233974,1.0056853905778311
anisotropic,300,10,geometric,0.01,isotropic,20,90007,-1.948099016320043,3.187869770728135
anisotropic,300,10,geometric,0.01,isotropic,20,90008,-1.5645960032904629,1.0191482528482065
anisotropic,300,10,geometric,0.01,isotropic,20,90009,-1.6345078812396723,1.0234679219018148
anisotropic,300,10,geometric,0.01,diag,20,90000,-1.9558315517499218,2.288851690252086
anisotropic,300,10,geometric,0.01,diag,20,90001,-2.2204790569857886,2.733063697752573
anisotropic,300,10,geometric,0.01,diag,20,90002,-1.7277199192941761,1.2713798398619818
anisotropic,300,10,geometric,0.01,diag,20,90003,-1.450316245604515,2.3305159684038323
anisotropic,300,10,geometric,0.01,diag,20,90004,-1.3935190258906327,3.0443048663425043
anisotropic,300,10,geometric,0.01,diag,20,90005,-2.0402790574018863,2.872980080140255
anisotropic,300,10,geometric,0.01,diag,20,90006,-2.046941484697787,2.3869193621257936
anisotropic,300,10,geometric,0.01,diag,20,90007,-1.8929383121909686,3.26078045677662
anisotropic,300,10,geometric,0.01,diag,20,90008,-1.9121985129299177,4.513681004844445
anisotropic,300,10,geometric,0.01,diag,20,90009,-1.6525679984185075,1.0656454549672507
anisotropic,300,10,linear,0.001,isotropic,20,90000,-1.5881020186567145,1.0622707564961886
anisotropic,300,10,linear,0.001,isotropic,20,90001,-1.6930151768673984,2.3651805748384227
anisotropic,300,10,linear,0.001,isotropic,20,90002,-1.8769462824146035,2.5407546221320114
anisotropic,300,10,linear,0.001,isotropic,20,90003,-1.221300632614953,1.050423753670761
anisotropic,300,10,linear,0.001,isotropic,20,90004,-2.029613674783538,1.8258108474753656
anisotropic,300,10,linear,0.001,isotropic,20,90005,-1.5454182714582394,1.015249553347501
anisotropic,300,10,linear,0.001,isotropic,20,90006,-2.104398574473405,1.954535816682979
anisotropic,300,10,linear,0.001,isotropic,20,90007,-1.2960719186066147,1.0907723507489697
anisotropic,300,10,linear,0.001,isotropic,20,90008,-2.2139341125591128,1.9772343032655506
anisotropic,300,10,linear,0.001,isotropic,20,90009,-1.832977709277008,1.3429483073620683
anisotropic,300,10,linear,0.001,diag,20,90000,-2.0082720821728297,1.7193152473711864
anisotropic,300,10,linear,0.001,diag,20,90001,-1.7121762303039725,1.2335411274137826
anisotropic,300,10,linear,0.001,diag,20,90002,-1.728879891877898,2.230614725733281
anisotropic,300,10,linear,0.001,diag,20,90003,-1.1939167195046212,1.1502077250818445
anisotropic,300,10,linear,0.001,diag,20,90004,-1.6281144317223917,1.0727266718071429
anisotropic,300,10,linear,0.001,diag,20,90005,-1.6663443612183249,1.2748633572605186
anisotropic,300,10,linear,0.001,diag,20,90006,-2.0145411705767153,1.9193673269929572
anisotropic,300,10,linear,0.001,diag,20,90007,-1.31626529775404,1.5852269178692993
anisotropic,300,10,linear,0.001,diag,20,90008,-1.8173390049084204,2.0680099851806055
anisotropic,300,10,linear,0.001,diag,20,90009,-1.6860434002458027,3.068264834485357
anisotropic,300,20,geometric,0.0001,isotropic,10,90000,-1.5864961447368615,1.0329063605505262
anisotropic,300,20,geometric,0.0001,isotropic,10,90001,-1.7315569948367404,1.9125932215967663
anisotropic,300,20,geometric,0.0001,isotropic,10,90002,-1.8690086008076359,6.248425574874924
anisotropic,300,20,geometric,0.0001,isotropic,10,90003,-1.437935678282301,1.5730568157132754
anisotropic,300,20,geometric,0.0001,isotropic,10,90004,-1.7874252232308327,1.6182141039550837
anisotropic,300,20,geometric,0.0001,isotropic,10,90005,-1.4690563919349542,1.445558735941079
anisotropic,300,20,geometric,0.0001,isotropic,10,90006,-1.3506844077848548,1.0025694063478983
anisotropic,300,20,geometric,0.0001,isotropic,10,90007,-1.5014548258051092,1.024223181826546
anisotropic,300,20,geometric,0.0001,isotropic,10,90008,-1.4949533353985751,1.3313378560839053
anisotropic,300,20,geometric,0.0001,isotropic,10,90009,-1.3847648944462922,1.0017687138854203
anisotropic,300,20,geometric,0.0001,diag,10,90000,-1.1871223837903926,1.0030080640978851
anisotropic,300,20,geometric,0.0001,diag,10,90001,-1.735195575255434,1.981563003067839
anisotropic,300,20,geometric,0.0001,diag,10,90002,-1.4796988242362228,2.904018789661908
anisotropic,300,20,geometric,0.0001,diag,10,90003,-1.330300808938064,1.2591868353115212
anisotropic,300,20,geometric,0.0001,diag,10,90004,-1.6019988183032512,1.0063394106313546
anisotropic,300,20,geometric,0.0001,diag,10,90005,-1.8632282745221966,1.8024690295227104
anisotropic,300,20,geometric,0.0001,diag,10,90006,-1.9618984903538916,4.7190696362995315
anisotropic,300,20,geometric,0.0001,diag,10,90007,-1.260733531011433,1.0027348779147907
anisotropic,300,20,geometric,0.0001,diag,10,90008,-1.6119114308970919,1.1543600648336623
anisotropic,300,20,geometric,0.0001,diag,10,90009,-1.2780941093786313,1.0765557832775632
anisotropic,300,20,geometric,0.001,isotropic,10,90000,-1.812106234659974,1.2355991269098792
anisotropic,300,20,geometric,0.001,isotropic,10,90001,-1.4220921152164694,2.086660148305656
anisotropic,300,20,geometric,0.001,isotropic,10,90002,-1.8795623319731103,2.878278284618063
anisotropic,300,20,geometric,0.001,isotropic,10,90003,-1.1128292267818525,1.042019720871047
anisotropic,300,20,geometric,0.001,isotropic,10,90004,-1.8711934606693874,1.9731505764588968
anisotropic,300,20,geometric,0.001,isotropic,10,90005,-1.8519651030929078,2.222452341590607
anisotropic,300,20,geometric,0.001,isotropic,10,90006,-1.6493375699416495,1.0474700748813064
anisotropic,300,20,geometric,0.001,isotropic,10,90007,-1.3451802575904919,2.5435426033703235
anisotropic,300,20,geometric,0.001,isotropic,10,90008,-1.9216748738687741,1.3084854704264768
anisotropic,300,20,geometric,0.001,isotropic,10,90009,-1.0811181916651496,1.047644546443634
anisotropic,300,20,geometric,0.001,diag,10,90000,-1.5107450430152962,1.955289002719824
anisotropic,300,20,geometric,0.001,diag,10,90001,-1.1839019651808085,1.1240003081583838
anisotropic,300,20,geometric,0.001,diag,10,90002,-1.8630234082288908,1.337286523821315
anisotropic,300,20,geometric,0.001,diag,10,90003,-1.441488241453648,1.1298015296575203
anisotropic,300,20,geometric,0.001,diag,10,90004,-1.5862471296434437,1.0194762309922523
anisotropic,300,20,geometric,0.001,diag,10,90005,-2.1211419687021724,4.636514341581052
anisotropic,300,20,geometric,0.001,diag,10,90006,-1.8365845680958464,2.0687607284426224
anisotropic,300,20,geometric,0.001,diag,10,90007,-1.4558969080180408,2.1791124813061775
anisotropic,300,20,geometric,0.001,diag,10,90008,-1.9723985128168082,1.680673845378597
anisotropic,300,20,geometric,0.001,diag,10,90009,-1.2471686823184656,2.170801862410201
anisotropic,300,20,geometric,0.01,isotropic,10,90000,-1.6889708934848475,2.439367833223923
anisotropic,300,20,geometric,0.01,isotropic,10,90001,-1.9587186394947607,2.497504660254914
anisotropic,300,20,geometric,0.01,isotropic,10,90002,-1.1538766894442731,1.0149531916004906
anisotropic,300,20,geometric,0.01,isotropic,10,90003,-1.2585109819136862,1.11959046702181
anisotropic,300,20,geometric,0.01,isotropic,10,90004,-2.1744275042634946,3.747333556801416
anisotropic,300,20,geometric,0.01,isotropic,10,90005,-1.9361599671054515,4.019003072963654
anisotropic,300,20,geometric,0.01,isotropic,10,90006,-1.6955116324983412,1.014938521419951
anisotropic,300,20,geometric,0.01,isotropic,10,90007,-1.921584659225231,2.078300210899653
anisotropic,300,20,geometric,0.01,isotropic,10,90008,-1.6582160075081682,1.177088375934578
anisotropic,300,20,geometric,0.01,isotropic,10,90009,-1.7134188827028987,1.4167852260014893
anisotropic,300,20,geometric,0.01,diag,10,90000,-1.774439825133976,1.2578974363635491
anisotropic,300,20,geometric,0.01,diag,10,90001,-1.3696486071044283,2.0559526318373167
anisotropic,300,20,geometric,0.01,diag,10,90002,-1.8460691306268426,1.639211262719584
anisotropic,300,20,geometric,0.01,diag,10,90003,-2.0746823972623596,2.933221333772369
anisotropic,300,20,geometric,0.01,diag,10,90004,-1.4086246931350919,3.7920113570444336
anisotropic,300,20,geometric,0.01,diag,10,90005,-1.6616303022668226,1.0750388258887682
anisotropic,300,20,geometric,0.01,diag,10,90006,-1.890618246017506,1.6807369325446202
anisotropic,300,20,geometric,0.01,diag,10,90007,-1.9925815691046884,2.306355593139525
anisotropic,300,20,geometric,0.01,diag,10,90008,-1.7688385138780642,3.774527387116433
anisotropic,300,20,geometric,0.01,diag,10,90009,-1.6796084534830011,1.1600967339292159
anisotropic,300,20,linear,0.001,isotropic,10,90000,-1.691142290349993,1.0724267577751412
anisotropic,300,20,linear,0.001,isotropic,10,90001,-1.5432402983262037,2.1326199797614946
anisotropic,300,20,linear,0.001,isotropic,10,90002,-2.141422928866535,2.8827674469333524
anisotropic,300,20,linear,0.001,isotropic,10,90003,-1.236745141129786,1.086653738498961
anisotropic,300,20,linear,0.001,isotropic,10,90004,-1.8588737080475561,1.4823641214659125
anisotropic,300,20,linear,0.001,isotropic,10,90005,-1.7891294106848719,1.3473117679505302
anisotropic,300,20,linear,0.001,isotropic,10,90006,-2.4671106235301226,3.465130430122244
anisotropic,300,20,linear,0.001,isotropic,10,90007,-1.2981769888983943,1.101937554773223
anisotropic,300,20,linear,0.001,isotropic,10,90008,-1.6222427384326947,2.2306934369810736
anisotropic,300,20,linear,0.001,isotropic,10,90009,-1.9345578265432357,1.6279421396293803
anisotropic,300,20,linear,0.001,diag,10,90000,-1.8634527571294262,1.2792330573688209
anisotropic,300,20,linear,0.001,diag,10,90001,-1.6090262063316274,1.4306146245747493
anisotropic,300,20,linear,0.001,diag,10,90002,-2.1561181702870007,2.8563468212592844
anisotropic,300,20,linear,0.001,diag,10,90003,-1.1934673375369875,1.1290554191448428
anisotropic,300,20,linear,0.001,diag,10,90004,-1.7002220657717695,1.1431789610614846
anisotropic,300,20,linear,0.001,diag,10,90005,-1.661558554937909,1.1031923883020662
anisotropic,300,20,linear,0.001,diag,10,90006,-1.9866938604399866,3.0146543133215062
anisotropic,300,20,linear,0.001,diag,10,90007,-1.3460268321739732,1.5595961087225751
anisotropic,300,20,linear,0.001,diag,10,90008,-1.9887851092547693,1.564157683673702
anisotropic,300,20,linear,0.001,diag,10,90009,-2.2734878950471202,4.920581946131391
anisotropic,1000,1,geometric,0.0001,isotropic,60,90000,-1.322638788324796,1.0007870939826518
anisotropic,1000,1,geometric,0.0001,isotropic,60,90001,-1.2450132033150867,1.0225619290720869
anisotropic,1000,1,geometric,0.0001,isotropic,60,90002,-1.473088491753307,1.0000844167960128
anisotropic,1000,1,geometric,0.0001,isotropic,60,90003,-1.2334702153985715,1.3242321623606905
anisotropic,1000,1,geometric,0.0001,isotropic,60,90004,-1.5023416785501547,1.2148498816153135
anisotropic,1000,1,geometric,0.0001,isotropic,60,90005,-1.4930268855566204,1.0289338307133036
anisotropic,1000,1,geometric,0.0001,isotropic,60,90006,-1.4877879100126599,2.319753963597693
anisotropic,1000,1,geometric,0.0001,isotropic,60,90007,-1.4514807350263617,2.211261760995086
anisotropic,1000,1,geometric,0.0001,isotropic,60,90008,-1.348474914879674,1.1032850699068322
anisotropic,1000,1,geometric,0.0001,isotropic,60,90009,-1.7968040413255744,1.8656450239684204
anisotropic,1000,1,geometric,0.0001,diag,60,90000,-1.7870692265785466,1.8550390884757915
anisotropic,1000,1,geometric,0.0001,diag,60,90001,-1.2350387620865546,1.0023512014116005
anisotropic,1000,1,geometric,0.0001,diag,60,90002,-1.47311719518791,1.0001179233095314
anisotropic,1000,1,geometric,0.0001,diag,60,90003,-1.2415046842945092,1.0249862634230738
anisotropic,1000,1,geometric,0.0001,diag,60,90004,-1.4650125501498232,1.1190518345556906
anisotropic,1000,1,geometric,0.0001,diag,60,90005,-1.47443903666327,1.0059725030296602
anisotropic,1000,1,geometric,0.0001,diag,60,90006,-1.2508048141452415,2.533516110291128
anisotropic,1000,1,geometric,0.0001,diag,60,90007,-1.3731818900424002,2.1523551572610997
anisotropic,1000,1,geometric,0.0001,diag,60,90008,-1.4306006979336048,1.794898851521378
anisotropic,1000,1,geometric,0.0001,diag,60,90009,-1.796642623547287,1.8652098255392993
anisotropic,1000,1,geometric,0.001,isotropic,60,90000,-1.3498707527974838,1.044148137286874
anisotropic,1000,1,geometric,0.001,isotropic,60,90001,-1.8694081118354253,3.8762356976693257
anisotropic,1000,1,geometric,0.001,isotropic,60,90002,-1.4731812018506816,1.0001710664841263
anisotropic,1000,1,geometric,0.001,isotropic,60,90003,-1.224415001542386,1.0906780775418703
anisotropic,1000,1,geometric,0.001,isotropic,60,90004,-1.432741789754055,1.0249392358285332
anisotropic,1000,1,geometric,0.001,isotropic,60,90005,-1.7124127605055808,1.3983070368748693
anisotropic,1000,1,geometric,0.001,isotropic,60,90006,-1.233494210618474,1.689853364273688
anisotropic,1000,1,geometric,0.001,isotropic,60,90007,-1.4688122477155687,1.7611369298907291
anisotropic,1000,1,geometric,0.001,isotropic,60,90008,-1.2752696943359023,1.002754015189538
anisotropic,1000,1,geometric,0.001,isotropic,60,90009,-1.8042131986003154,1.8896838020339077
anisotropic,1000,1,geometric,0.001,diag,60,90000,-1.5762165881243897,1.030580241304292
anisotropic,1000,1,geometric,0.001,diag,60,90001,-1.8409344014666706,3.7814933332243688
anisotropic,1000,1,geometric,0.001,diag,60,90002,-1.4736732918689621,1.0006223976796011
anisotropic,1000,1,geometric,0.001,diag,60,90003,-1.1859844070945849,1.0542956406378376
anisotropic,1000,1,geometric,0.001,diag,60,90004,-1.4272942020122041,1.0236959277145556
anisotropic,1000,1,geometric,0.001,diag,60,90005,-1.4772458207170902,1.0094577114770764
anisotropic,1000,1,geometric,0.001,diag,60,90006,-1.5301941200346532,1.0001783328094187
anisotropic,1000,1,geometric,0.001,diag,60,90007,-1.7723160295131746,2.762275688687294
anisotropic,1000,1,geometric,0.001,diag,60,90008,-1.7862163968653157,2.047522247305394
anisotropic,1000,1,geometric,0.001,diag,60,90009,-1.8052196754669798,1.8932124608243732
anisotropic,1000,1,geometric,0.01,isotropic,60,90000,-1.4085055216939153,1.2161205639369372
anisotropic,1000,1,geometric,0.01,isotropic,60,90001,-1.4979967138565278,1.0029209730872948
anisotropic,1000,1,geometric,0.01,isotropic,60,90002,-1.4783621183477351,1.0054005540855926
anisotropic,1000,1,geometric,0.01,isotropic,60,90003,-1.4337086873952738,1.124824458739865
anisotropic,1000,1,geometric,0.01,isotropic,60,90004,-1.231623243025807,1.0753667858911884
anisotropic,1000,1,geometric,0.01,isotropic,60,90005,-1.5040760264980948,1.0454487450810916
anisotropic,1000,1,geometric,0.01,isotropic,60,90006,-1.4946094439504218,1.1379446274166747
anisotropic,1000,1,geometric,0.01,isotropic,60,90007,-1.4036035895899515,1.1820152366623007
anisotropic,1000,1,geometric,0.01,isotropic,60,90008,-1.5184756243802238,1.4621370588200606
anisotropic,1000,1,geometric,0.01,isotropic,60,90009,-1.6710086094085936,1.8630202028147942
anisotropic,1000,1,geometric,0.01,diag,60,90000,-1.3847107448680969,1.1291066109118664
anisotropic,1000,1,geometric,0.01,diag,60,90001,-1.5989264873704199,1.353605544805692
anisotropic,1000,1,geometric,0.01,diag,60,90002,-1.6078372258880989,1.9456669607006423
anisotropic,1000,1,geometric,0.01,diag,60,90003,-1.407454910325586,1.1550483014027901
anisotropic,1000,1,geometric,0.01,diag,60,90004,-1.4725018721701042,1.9319403323648483
anisotropic,1000,1,geometric,0.01,diag,60,90005,-1.493072011191092,1.031056078154009
anisotropic,1000,1,geometric,0.01,diag,60,90006,-1.5187257031265602,1.0115831542785363
anisotropic,1000,1,geometric,0.01,diag,60,90007,-1.3160596057312426,1.0300010068714207
anisotropic,1000,1,geometric,0.01,diag,60,90008,-1.5259083785962633,1.1819612381052218
anisotropic,1000,1,geometric,0.01,diag,60,90009,-1.5979097195613574,1.7538899121832745
anisotropic,1000,1,linear,0.001,isotropic,60,90000,-1.6912331719842164,1.8360394980159458
anisotropic,1000,1,linear,0.001,isotropic,60,90001,-1.4015631440555942,1.1357143612808778
anisotropic,1000,1,linear,0.001,isotropic,60,90002,-1.4756907931453391,1.0328222218314385
anisotropic,1000,1,linear,0.001,isotropic,60,90003,-1.4163022173155215,1.1174474862834975
anisotropic,1000,1,linear,0.001,isotropic,60,90004,-1.2334770812006388,1.0600423940002421
anisotropic,1000,1,linear,0.001,isotropic,60,90005,-1.4848741686608504,1.0114902149251732
anisotropic,1000,1,linear,0.001,isotropic,60,90006,-1.4350724852356995,1.9705176322874245
anisotropic,1000,1,linear,0.001,isotropic,60,90007,-1.3067967721389042,2.340556695480981
anisotropic,1000,1,linear,0.001,isotropic,60,90008,-1.631819280009062,1.7081946492057583
anisotropic,1000,1,linear,0.001,isotropic,60,90009,-1.7653366787356874,2.0394190229917326
anisotropic,1000,1,linear,0.001,diag,60,90000,-1.2621621467537376,1.1874719823166693
anisotropic,1000,1,linear,0.001,diag,60,90001,-1.2881568654040008,1.3641880995677962
anisotropic,1000,1,linear,0.001,diag,60,90002,-1.4576695327023805,1.000552630949597
anisotropic,1000,1,linear,0.001,diag,60,90003,-1.4652130137182215,1.2759693750540397
anisotropic,1000,1,linear,0.001,diag,60,90004,-1.2941195038793167,1.5825458700683954
anisotropic,1000,1,linear,0.001,diag,60,90005,-1.4242316765737293,1.0108451998345822
anisotropic,1000,1,linear,0.001,diag,60,90006,-1.5368093203592932,1.5793388916807685
anisotropic,1000,1,linear,0.001,diag,60,90007,-1.3941219436696393,2.6496812580804368
anisotropic,1000,1,linear,0.001,diag,60,90008,-1.6530182913672464,1.5736056350534458
anisotropic,1000,1,linear,0.001,diag,60,90009,-1.716138786028157,2.01302343465207
anisotropic,1000,2,geometric,0.0001,isotropic,30,90000,-1.3226317850398288,1.000774878214312
anisotropic,1000,2,geometric,0.0001,isotropic,30,90001,-1.2486106844709628,1.0306875213171693
anisotropic,1000,2,geometric,0.0001,isotropic,30,90002,-1.4730786147877448,1.0000741222822236
anisotropic,1000,2,geometric,0.0001,isotropic,30,90003,-1.24994644767364,1.3754549429765532
anisotropic,1000,2,geometric,0.0001,isotropic,30,90004,-1.493190618849294,1.1876956530779124
anisotropic,1000,2,geometric,0.0001,isotropic,30,90005,-1.4927484920858238,1.0285199108660303
anisotropic,1000,2,geometric,0.0001,isotropic,30,90006,-1.4979173661814746,2.21073534952102
anisotropic,1000,2,geometric,0.0001,isotropic,30,90007,-1.462469900495662,2.3663827129482904
anisotropic,1000,2,geometric,0.0001,isotropic,30,90008,-1.349282465028969,1.1063230677839186
anisotropic,1000,2,geometric,0.0001,isotropic,30,90009,-1.7967482446575298,1.8654982807419778
anisotropic,1000,2,geometric,0.0001,diag,30,90000,-1.7829941011184123,1.901092002821604
anisotropic,1000,2,geometric,0.0001,diag,30,90001,-1.2350483197338002,1.0023675083650685
anisotropic,1000,2,geometric,0.0001,diag,30,90002,-1.4731036758670157,1.0001021182906866
anisotropic,1000,2,geometric,0.0001,diag,30,90003,-1.241296019531499,1.0246855643400432
anisotropic,1000,2,geometric,0.0001,diag,30,90004,-1.4641317707253005,1.1170707977419259
anisotropic,1000,2,geometric,0.0001,diag,30,90005,-1.474420084043081,1.0059438394015046
anisotropic,1000,2,geometric,0.0001,diag,30,90006,-1.2594972594179752,2.578088724106499
anisotropic,1000,2,geometric,0.0001,diag,30,90007,-1.355567994493661,1.9903268746359237
anisotropic,1000,2,geometric,0.0001,diag,30,90008,-1.4338621777781804,1.8519080515858042
anisotropic,1000,2,geometric,0.0001,diag,30,90009,-1.7970696071697032,1.8664520556586508
anisotropic,1000,2,geometric,0.001,isotropic,30,90000,-1.3489793732558835,1.0429879043476284
anisotropic,1000,2,geometric,0.001,isotropic,30,90001,-1.8645208509534592,3.696404576243393
anisotropic,1000,2,geometric,0.001,isotropic,30,90002,-1.4731874779968657,1.0001753946301646
anisotropic,1000,2,geometric,0.001,isotropic,30,90003,-1.2098404029498133,1.059621684929444
anisotropic,1000,2,geometric,0.001,isotropic,30,90004,-1.431053713284036,1.0231076030815236
anisotropic,1000,2,geometric,0.001,isotropic,30,90005,-1.7003395833059711,1.3718529958706616
anisotropic,1000,2,geometric,0.001,isotropic,30,90006,-1.1831644033605515,1.476968751829035
anisotropic,1000,2,geometric,0.001,isotropic,30,90007,-1.446388725207735,1.648335171996484
anisotropic,1000,2,geometric,0.001,isotropic,30,90008,-1.27530125464193,1.003607273165599
anisotropic,1000,2,geometric,0.001,isotropic,30,90009,-1.8041307242913966,1.8894229483308063
anisotropic,1000,2,geometric,0.001,diag,30,90000,-1.575548638705696,1.0296862941127025
anisotropic,1000,2,geometric,0.001,diag,30,90001,-1.838375231979162,3.698568517951861
anisotropic,1000,2,geometric,0.001,diag,30,90002,-1.4737528235688138,1.0006934689318931
anisotropic,1000,2,geometric,0.001,diag,30,90003,-1.1788765843851152,1.0319598515747455
anisotropic,1000,2,geometric,0.001,diag,30,90004,-1.425911426741181,1.021213059645785
anisotropic,1000,2,geometric,0.001,diag,30,90005,-1.477087406097224,1.0092753596876243
anisotropic,1000,2,geometric,0.001,diag,30,90006,-1.532603996505182,1.000196617580996
anisotropic,1000,2,geometric,0.001,diag,30,90007,-1.7656309277227829,2.794518986036984
anisotropic,1000,2,geometric,0.001,diag,30,90008,-1.7499285628096983,1.8282363808832767
anisotropic,1000,2,geometric,0.001,diag,30,90009,-1.8081761723464649,1.8963802273517736
anisotropic,1000,2,geometric,0.01,isotropic,30,90000,-1.4160527729428862,1.2492918737923058
anisotropic,1000,2,geometric,0.01,isotropic,30,90001,-1.4966887675566696,1.0028873753612535
anisotropic,1000,2,geometric,0.01,isotropic,30,90002,-1.4783997532161959,1.0054402046849096
anisotropic,1000,2,geometric,0.01,isotropic,30,90003,-1.42727110943815,1.1121750035375786
anisotropic,1000,2,geometric,0.01,isotropic,30,90004,-1.2334574347138754,1.078178553266293
anisotropic,1000,2,geometric,0.01,isotropic,30,90005,-1.4993291861943119,1.0384202881847102
anisotropic,1000,2,geometric,0.01,isotropic,30,90006,-1.536120674999962,1.2433217991646641
anisotropic,1000,2,geometric,0.01,isotropic,30,90007,-1.3869889790444587,1.1456120894912125
anisotropic,1000,2,geometric,0.01,isotropic,30,90008,-1.504682973375967,1.3342567246175463
anisotropic,1000,2,geometric,0.01,isotropic,30,90009,-1.6695909677617158,1.8554492559194762
anisotropic,1000,2,geometric,0.01,diag,30,90000,-1.392331614724778,1.1487825980721924
anisotropic,1000,2,geometric,0.01,diag,30,90001,-1.5761355725484358,1.2845855145298235
anisotropic,1000,2,geometric,0.01,diag,30,90002,-1.594852721758694,2.007051789035079
anisotropic,1000,2,geometric,0.01,diag,30,90003,-1.3969857940145178,1.1228702582890426
anisotropic,1000,2,geometric,0.01,diag,30,90004,-1.4691180893618523,1.9410962264059024
anisotropic,1000,2,geometric,0.01,diag,30,90005,-1.4922104019844065,1.028523024458182
anisotropic,1000,2,geometric,0.01,diag,30,90006,-1.5191680335112794,1.0100180676262513
anisotropic,1000,2,geometric,0.01,diag,30,90007,-1.3169170441283609,1.0328648686964665
anisotropic,1000,2,geometric,0.01,diag,30,90008,-1.5198064456624178,1.1682522949334624
anisotropic,1000,2,geometric,0.01,diag,30,90009,-1.5964344226284994,1.7471418737290714
anisotropic,1000,2,linear,0.001,isotropic,30,90000,-1.65421272853531,1.7447535710822673
anisotropic,1000,2,linear,0.001,isotropic,30,90001,-1.4031282294095806,1.1481235817143336
anisotropic,1000,2,linear,0.001,isotropic,30,90002,-1.4580236561620254,1.000613072364854
anisotropic,1000,2,linear,0.001,isotropic,30,90003,-1.4151219764982295,1.1149081750614545
anisotropic,1000,2,linear,0.001,isotropic,30,90004,-1.2333140125397155,1.0617963393454146
anisotropic,1000,2,linear,0.001,isotropic,30,90005,-1.4842715481602498,1.0112000178090503
anisotropic,1000,2,linear,0.001,isotropic,30,90006,-1.4342531621347556,2.0467453978979644
anisotropic,1000,2,linear,0.001,isotropic,30,90007,-1.2973613453695239,2.3016064520659794
anisotropic,1000,2,linear,0.001,isotropic,30,90008,-1.6325936368603096,1.6955025798686842
anisotropic,1000,2,linear,0.001,isotropic,30,90009,-1.7594243797305278,2.0230959983754313
anisotropic,1000,2,linear,0.001,diag,30,90000,-1.25517234882786,1.172110280695446
anisotropic,1000,2,linear,0.001,diag,30,90001,-1.2760239150637358,1.327601189318813
anisotropic,1000,2,linear,0.001,diag,30,90002,-1.4576107820508115,1.0005381555636426
anisotropic,1000,2,linear,0.001,diag,30,90003,-1.4714853869000675,1.2965903167217228
anisotropic,1000,2,linear,0.001,diag,30,90004,-1.2958772556367744,1.5785667707568436
anisotropic,1000,2,linear,0.001,diag,30,90005,-1.4229077369852747,1.0107485521504007
anisotropic,1000,2,linear,0.001,diag,30,90006,-1.5303271855420366,1.5537170170815666
anisotropic,1000,2,linear,0.001,diag,30,90007,-1.355754832787615,2.454580573784986
anisotropic,1000,2,linear,0.001,diag,30,90008,-1.6528193748277396,1.541765441304538
anisotropic,1000,2,linear,0.001,diag,30,90009,-1.7819304140869874,2.2713883395003407
anisotropic,1000,5,geometric,0.0001,isotropic,12,90000,-1.3307490865088436,1.013305524445618
anisotropic,1000,5,geometric,0.0001,isotropic,12,90001,-1.2346376613809207,1.0017627565581952
anisotropic,1000,5,geometric,0.0001,isotropic,12,90002,-1.4731122563318215,1.0001117757137568
anisotropic,1000,5,geometric,0.0001,isotropic,12,90003,-1.2005010865951107,1.2316106312301112
anisotropic,1000,5,geometric,0.0001,isotropic,12,90004,-1.5007978661419406,1.2100192431844567
anisotropic,1000,5,geometric,0.0001,isotropic,12,90005,-1.4917142917763944,1.0271625251696948
anisotropic,1000,5,geometric,0.0001,isotropic,12,90006,-1.510125033543715,2.071845632989552
anisotropic,1000,5,geometric,0.0001,isotropic,12,90007,-1.4427130423602847,2.356340789360373
anisotropic,1000,5,geometric,0.0001,isotropic,12,90008,-1.3489498039617354,1.1050697902156033
anisotropic,1000,5,geometric,0.0001,isotropic,12,90009,-1.8078375677736747,1.9136890613221011
anisotropic,1000,5,geometric,0.0001,diag,12,90000,-1.7753128097007695,1.991197533434263
anisotropic,1000,5,geometric,0.0001,diag,12,90001,-1.234580343010955,1.0017148381287095
anisotropic,1000,5,geometric,0.0001,diag,12,90002,-1.4731122737656501,1.0001145643291542
anisotropic,1000,5,geometric,0.0001,diag,12,90003,-1.2411896604671064,1.0244975384988586
anisotropic,1000,5,geometric,0.0001,diag,12,90004,-1.465878711540138,1.1211344182345553
anisotropic,1000,5,geometric,0.0001,diag,12,90005,-1.474651738065469,1.0062301663856372
anisotropic,1000,5,geometric,0.0001,diag,12,90006,-1.2967068126890469,2.7567552486635893
anisotropic,1000,5,geometric,0.0001,diag,12,90007,-1.3753308337933359,2.003654807826273
anisotropic,1000,5,geometric,0.0001,diag,12,90008,-1.4334603275842224,1.8853487120270607
anisotropic,1000,5,geometric,0.0001,diag,12,90009,-1.8078441305332322,1.9137029034937905
anisotropic,1000,5,geometric,0.001,isotropic,12,90000,-1.3371329633708438,1.0228992944576474
anisotropic,1000,5,geometric,0.001,isotropic,12,90001,-1.7346539430430519,3.06368672504324
anisotropic,1000,5,geometric,0.001,isotropic,12,90002,-1.4731966198995048,1.0001874190646345
anisotropic,1000,5,geometric,0.001,isotropic,12,90003,-1.2110064594466712,1.067754253278284
anisotropic,1000,5,geometric,0.001,isotropic,12,90004,-1.4221823656618344,1.0141151277875105
anisotropic,1000,5,geometric,0.001,isotropic,12,90005,-1.6884770213646818,1.3533892883318412
anisotropic,1000,5,geometric,0.001,isotropic,12,90006,-1.1002125608496347,1.1913861568321968
anisotropic,1000,5,geometric,0.001,isotropic,12,90007,-1.346006514257764,1.3014066155692467
anisotropic,1000,5,geometric,0.001,isotropic,12,90008,-1.2780600423077562,1.0027867239550907
anisotropic,1000,5,geometric,0.001,isotropic,12,90009,-1.8110906261371205,1.9134482874118581
anisotropic,1000,5,geometric,0.001,diag,12,90000,-1.5739457388455267,1.0357417077095514
anisotropic,1000,5,geometric,0.001,diag,12,90001,-1.7469500208641358,3.1429476131021583
anisotropic,1000,5,geometric,0.001,diag,12,90002,-1.4736358655600326,1.0005831678613986
anisotropic,1000,5,geometric,0.001,diag,12,90003,-1.1803839215575274,1.0296014798496929
anisotropic,1000,5,geometric,0.001,diag,12,90004,-1.4255978005966707,1.0206883492177923
anisotropic,1000,5,geometric,0.001,diag,12,90005,-1.4778535302755718,1.0099690123620784
anisotropic,1000,5,geometric,0.001,diag,12,90006,-1.0340068514281393,1.0331305003006044
anisotropic,1000,5,geometric,0.001,diag,12,90007,-1.2331884145875776,1.1418831011425186
anisotropic,1000,5,geometric,0.001,diag,12,90008,-1.7193870172231345,1.6394453777069713
anisotropic,1000,5,geometric,0.001,diag,12,90009,-1.8111089197035297,1.9142862509737337
anisotropic,1000,5,geometric,0.01,isotropic,12,90000,-1.3914290834706027,1.17459637696936
anisotropic,1000,5,geometric,0.01,isotropic,12,90001,-1.4984751127621379,1.0023982170740933
anisotropic,1000,5,geometric,0.01,isotropic,12,90002,-1.4779989277537742,1.004999733988431
anisotropic,1000,5,geometric,0.01,isotropic,12,90003,-1.4393312967987302,1.137636245542263
anisotropic,1000,5,geometric,0.01,isotropic,12,90004,-1.2158001635283096,1.0468143954575457
anisotropic,1000,5,geometric,0.01,isotropic,12,90005,-1.592374489187912,1.1632989664969997
anisotropic,1000,5,geometric,0.01,isotropic,12,90006,-1.5734559209514183,1.344280604225525
anisotropic,1000,5,geometric,0.01,isotropic,12,90007,-1.5834870970431487,1.7756330876391035
anisotropic,1000,5,geometric,0.01,isotropic,12,90008,-1.5143569692647085,1.517997539470134
anisotropic,1000,5,geometric,0.01,isotropic,12,90009,-1.662883443874555,1.833078780479876
anisotropic,1000,5,geometric,0.01,diag,12,90000,-1.344701611036641,1.0396806459822365
anisotropic,1000,5,geometric,0.01,diag,12,90001,-1.5608927330122915,1.2267149931152477
anisotropic,1000,5,geometric,0.01,diag,12,90002,-1.5983819049240071,1.343882567939911
anisotropic,1000,5,geometric,0.01,diag,12,90003,-1.38175257087036,1.0894628156275354
anisotropic,1000,5,geometric,0.01,diag,12,90004,-1.2651165970377078,1.8759065408263034
anisotropic,1000,5,geometric,0.01,diag,12,90005,-1.4953981136541232,1.0272863600924809
anisotropic,1000,5,geometric,0.01,diag,12,90006,-1.5177855178788913,1.0119709093218852
anisotropic,1000,5,geometric,0.01,diag,12,90007,-1.341646519445848,1.108364590648541
anisotropic,1000,5,geometric,0.01,diag,12,90008,-1.5458445891196613,1.228157698643648
anisotropic,1000,5,geometric,0.01,diag,12,90009,-1.8088721563016121,1.9070900149583172
anisotropic,1000,5,linear,0.001,isotropic,12,90000,-1.6316533858901885,1.6865691585879998
anisotropic,1000,5,linear,0.001,isotropic,12,90001,-1.3981087738044913,1.1324108386825247
anisotropic,1000,5,linear,0.001,isotropic,12,90002,-1.4580488848577844,1.0004986952532
anisotropic,1000,5,linear,0.001,isotropic,12,90003,-1.4182404586632487,1.1228907643967687
anisotropic,1000,5,linear,0.001,isotropic,12,90004,-1.2433175763971254,1.0910794088979106
anisotropic,1000,5,linear,0.001,isotropic,12,90005,-1.4845095547710525,1.0103335474126827
anisotropic,1000,5,linear,0.001,isotropic,12,90006,-1.4145800130410842,2.087659899557296
anisotropic,1000,5,linear,0.001,isotropic,12,90007,-1.2564462030536736,2.093880802199956
anisotropic,1000,5,linear,0.001,isotropic,12,90008,-1.624485173363346,1.8299974250320994
anisotropic,1000,5,linear,0.001,isotropic,12,90009,-1.7604616595529057,2.0352139941233607
anisotropic,1000,5,linear,0.001,diag,12,90000,-1.250484616691467,1.1627616294528584
anisotropic,1000,5,linear,0.001,diag,12,90001,-1.2728809032794095,1.3152346876398486
anisotropic,1000,5,linear,0.001,diag,12,90002,-1.4596705875449154,1.0004855199845917
anisotropic,1000,5,linear,0.001,diag,12,90003,-1.477406130910079,1.3149317176265647
anisotropic,1000,5,linear,0.001,diag,12,90004,-1.2979966934949305,1.5102560406992454
anisotropic,1000,5,linear,0.001,diag,12,90005,-1.4231213967085408,1.0103918779354017
anisotropic,1000,5,linear,0.001,diag,12,90006,-1.5865531517771496,2.4739423774301197
anisotropic,1000,5,linear,0.001,diag,12,90007,-1.3165320481334057,2.2354949871928302
anisotropic,1000,5,linear,0.001,diag,12,90008,-1.655487911246586,1.673830469763619
anisotropic,1000,5,linear,0.001,diag,12,90009,-1.7154985483421363,1.9917013543225996
anisotropic,1000,10,geometric,0.0001,isotropic,6,90000,-1.342626486887347,1.0348286619744633
anisotropic,1000,10,geometric,0.0001,isotropic,6,90001,-1.234552887787437,1.0016789532551842
anisotropic,1000,10,geometric,0.0001,isotropic,6,90002,-1.4731186759016937,1.000117425283258
anisotropic,1000,10,geometric,0.0001,isotropic,6,90003,-1.2397533190451517,1.0221419259358075
anisotropic,1000,10,geometric,0.0001,isotropic,6,90004,-1.5162564961471752,1.2591840076772949
anisotropic,1000,10,geometric,0.0001,isotropic,6,90005,-1.4902418022500021,1.0245726844770782
anisotropic,1000,10,geometric,0.0001,isotropic,6,90006,-1.4958143295645765,1.4158398530958176
anisotropic,1000,10,geometric,0.0001,isotropic,6,90007,-1.4541885007172526,2.016467409972181
anisotropic,1000,10,geometric,0.0001,isotropic,6,90008,-1.347350934191278,1.099219072405194
anisotropic,1000,10,geometric,0.0001,isotropic,6,90009,-1.8078344834340825,1.9136841896751489
anisotropic,1000,10,geometric,0.0001,diag,6,90000,-1.7151341503096063,2.015014590979618
anisotropic,1000,10,geometric,0.0001,diag,6,90001,-1.2344802442740272,1.0016159874049662
anisotropic,1000,10,geometric,0.0001,diag,6,90002,-1.4731232775165721,1.000124214375095
anisotropic,1000,10,geometric,0.0001,diag,6,90003,-1.240812649078773,1.0238581660434245
anisotropic,1000,10,geometric,0.0001,diag,6,90004,-1.4670601574259634,1.1240726149732854
anisotropic,1000,10,geometric,0.0001,diag,6,90005,-1.4795504347228816,1.0106320164351412
anisotropic,1000,10,geometric,0.0001,diag,6,90006,-1.3092810040419416,2.803920634802182
anisotropic,1000,10,geometric,0.0001,diag,6,90007,-1.4735107451317218,2.6597162716130316
anisotropic,1000,10,geometric,0.0001,diag,6,90008,-1.4182610377544933,1.5708357459668167
anisotropic,1000,10,geometric,0.0001,diag,6,90009,-1.8114290342479367,1.9136878105060522
anisotropic,1000,10,geometric,0.001,isotropic,6,90000,-1.336365404827068,1.0271496822065735
anisotropic,1000,10,geometric,0.001,isotropic,6,90001,-1.7110329489267242,2.876880117053705
anisotropic,1000,10,geometric,0.001,isotropic,6,90002,-1.4732051201245016,1.0001949676699733
anisotropic,1000,10,geometric,0.001,isotropic,6,90003,-1.1886024099284234,1.0238167541762553
anisotropic,1000,10,geometric,0.001,isotropic,6,90004,-1.460159424757622,1.1085619220119987
anisotropic,1000,10,geometric,0.001,isotropic,6,90005,-1.6403780910422272,1.2446821833687958
anisotropic,1000,10,geometric,0.001,isotropic,6,90006,-1.394304588360975,2.235932895572464
anisotropic,1000,10,geometric,0.001,isotropic,6,90007,-1.306572882026969,1.2100795135714104
anisotropic,1000,10,geometric,0.001,isotropic,6,90008,-1.2983780583867484,1.0015814560086336
anisotropic,1000,10,geometric,0.001,isotropic,6,90009,-1.8107646935499078,1.9132547995963525
anisotropic,1000,10,geometric,0.001,diag,6,90000,-1.5803244955087103,1.0680857024037373
anisotropic,1000,10,geometric,0.001,diag,6,90001,-1.2349932140841793,1.0025997854577782
anisotropic,1000,10,geometric,0.001,diag,6,90002,-1.4737088210783944,1.0006446519934766
anisotropic,1000,10,geometric,0.001,diag,6,90003,-1.1789633674711402,1.0269094677989914
anisotropic,1000,10,geometric,0.001,diag,6,90004,-1.4273967818508604,1.0239318216659767
anisotropic,1000,10,geometric,0.001,diag,6,90005,-1.639449206754997,1.2633106178091276
anisotropic,1000,10,geometric,0.001,diag,6,90006,-1.253019559135611,2.570401594307778
anisotropic,1000,10,geometric,0.001,diag,6,90007,-1.253631080579331,1.1798752258490204
anisotropic,1000,10,geometric,0.001,diag,6,90008,-1.695076949747907,1.675286522501388
anisotropic,1000,10,geometric,0.001,diag,6,90009,-1.8111611983521743,1.9142244245270867
anisotropic,1000,10,geometric,0.01,isotropic,6,90000,-1.413597959009284,1.2931995005366694
anisotropic,1000,10,geometric,0.01,isotropic,6,90001,-1.7725614519996533,2.7406349474915874
anisotropic,1000,10,geometric,0.01,isotropic,6,90002,-1.4757798220356806,1.002642534798946
anisotropic,1000,10,geometric,0.01,isotropic,6,90003,-1.4383286995569193,1.1343444118364643
anisotropic,1000,10,geometric,0.01,isotropic,6,90004,-1.2071724824677321,1.026021955000043
anisotropic,1000,10,geometric,0.01,isotropic,6,90005,-1.5466648746036717,1.0932576321106813
anisotropic,1000,10,geometric,0.01,isotropic,6,90006,-1.6290743025265,2.413330867349296
anisotropic,1000,10,geometric,0.01,isotropic,6,90007,-1.4996751922616745,1.737963743086541
anisotropic,1000,10,geometric,0.01,isotropic,6,90008,-1.5025062445495805,1.5497355610580215
anisotropic,1000,10,geometric,0.01,isotropic,6,90009,-1.6903558068714095,1.9167683625865122
anisotropic,1000,10,geometric,0.01,diag,6,90000,-1.3343358291637841,1.0189528960728114
anisotropic,1000,10,geometric,0.01,diag,6,90001,-1.2377687785675755,1.0061963828500384
anisotropic,1000,10,geometric,0.01,diag,6,90002,-1.4145345416368984,1.2686828789938602
anisotropic,1000,10,geometric,0.01,diag,6,90003,-1.405524970607838,1.1072601174478074
anisotropic,1000,10,geometric,0.01,diag,6,90004,-1.2577702555491848,1.5670095181546362
anisotropic,1000,10,geometric,0.01,diag,6,90005,-1.4885102985370509,1.0186768745504975
anisotropic,1000,10,geometric,0.01,diag,6,90006,-1.5074334825496865,1.004737979673741
anisotropic,1000,10,geometric,0.01,diag,6,90007,-1.353023189902473,1.1832258445904322
anisotropic,1000,10,geometric,0.01,diag,6,90008,-1.5251286091126426,1.188921402293659
anisotropic,1000,10,geometric,0.01,diag,6,90009,-1.6359012407613052,1.915290399976005
anisotropic,1000,10,linear,0.001,isotropic,6,90000,-1.5232708058020008,1.4065204873769555
anisotropic,1000,10,linear,0.001,isotropic,6,90001,-1.3828612112485488,1.0929898334529837
anisotropic,1000,10,linear,0.001,isotropic,6,90002,-1.457215258370021,1.0003527648550292
anisotropic,1000,10,linear,0.001,isotropic,6,90003,-1.427186356431948,1.1464002626810814
anisotropic,1000,10,linear,0.001,isotropic,6,90004,-1.2477907575426133,1.0944140142774617
anisotropic,1000,10,linear,0.001,isotropic,6,90005,-1.4872636658935248,1.0098462088952558
anisotropic,1000,10,linear,0.001,isotropic,6,90006,-1.4097230916903838,2.298771265658902
anisotropic,1000,10,linear,0.001,isotropic,6,90007,-1.2662459210776063,2.071915171889809
anisotropic,1000,10,linear,0.001,isotropic,6,90008,-1.6192112586984502,1.8501658313260836
anisotropic,1000,10,linear,0.001,isotropic,6,90009,-1.7657365485413918,2.089149250134583
anisotropic,1000,10,linear,0.001,diag,6,90000,-1.204208334989995,1.0689660873453857
anisotropic,1000,10,linear,0.001,diag,6,90001,-1.2729326099368103,1.3099578672017154
anisotropic,1000,10,linear,0.001,diag,6,90002,-1.4624240132124358,1.0003152986077677
anisotropic,1000,10,linear,0.001,diag,6,90003,-1.4736491345560288,1.3034658871754108
anisotropic,1000,10,linear,0.001,diag,6,90004,-1.29778845466071,1.457544201842088
anisotropic,1000,10,linear,0.001,diag,6,90005,-1.4264047735973804,1.0115208015427177
anisotropic,1000,10,linear,0.001,diag,6,90006,-1.605327254804903,2.140717490651994
anisotropic,1000,10,linear,0.001,diag,6,90007,-1.3645845083762,2.3160067325206892
anisotropic,1000,10,linear,0.001,diag,6,90008,-1.657361112153644,1.6857162009769386
anisotropic,1000,10,linear,0.001,diag,6,90009,-1.7880363888915385,2.32911693580441
anisotropic,1000,20,geometric,0.0001,isotropic,3,90000,-1.3307405084256287,1.0132896056733849
anisotropic,1000,20,geometric,0.0001,isotropic,3,90001,-1.4223834229449939,1.4267070161790119
anisotropic,1000,20,geometric,0.0001,isotropic,3,90002,-1.4731101703660803,1.0001087929192276
anisotropic,1000,20,geometric,0.0001,isotropic,3,90003,-1.2394668015747314,1.0216902190319437
anisotropic,1000,20,geometric,0.0001,isotropic,3,90004,-1.4611571163664228,1.107777039202179
anisotropic,1000,20,geometric,0.0001,isotropic,3,90005,-1.4962886487529086,1.0293424049708044
anisotropic,1000,20,geometric,0.0001,isotropic,3,90006,-1.4417800222736918,2.723411068881776
anisotropic,1000,20,geometric,0.0001,isotropic,3,90007,-1.3501391404092962,1.5016741219145322
anisotropic,1000,20,geometric,0.0001,isotropic,3,90008,-1.3392473353037022,1.0729909799128516
anisotropic,1000,20,geometric,0.0001,isotropic,3,90009,-1.8114990226399892,1.9136758826158007
anisotropic,1000,20,geometric,0.0001,diag,3,90000,-1.4803501614618784,1.3460366908081565
anisotropic,1000,20,geometric,0.0001,diag,3,90001,-1.2343550677607211,1.0014402010904897
anisotropic,1000,20,geometric,0.0001,diag,3,90002,-1.4731063123385422,1.0001087930086143
anisotropic,1000,20,geometric,0.0001,diag,3,90003,-1.2400005773456135,1.022523926561308
anisotropic,1000,20,geometric,0.0001,diag,3,90004,-1.4208143454208546,1.0128460782243829
anisotropic,1000,20,geometric,0.0001,diag,3,90005,-1.4914716642310046,1.0217641850920998
anisotropic,1000,20,geometric,0.0001,diag,3,90006,-1.1484546861640956,1.3068023006531806
anisotropic,1000,20,geometric,0.0001,diag,3,90007,-1.1976726123051835,1.0455577857129272
anisotropic,1000,20,geometric,0.0001,diag,3,90008,-1.299131999319751,1.0028562271012358
anisotropic,1000,20,geometric,0.0001,diag,3,90009,-1.8114744382482784,1.913675891319654
anisotropic,1000,20,geometric,0.001,isotropic,3,90000,-1.3308394256399625,1.0134573307131722
anisotropic,1000,20,geometric,0.001,isotropic,3,90001,-1.5129973402678047,1.5363651427944218
anisotropic,1000,20,geometric,0.001,isotropic,3,90002,-1.473214314815866,1.0002033363883842
anisotropic,1000,20,geometric,0.001,isotropic,3,90003,-1.1947296753869026,1.0225848382029665
anisotropic,1000,20,geometric,0.001,isotropic,3,90004,-1.4208172046926952,1.0128485085404466
anisotropic,1000,20,geometric,0.001,isotropic,3,90005,-1.549854119710152,1.0933986868743646
anisotropic,1000,20,geometric,0.001,isotropic,3,90006,-1.0314491300085886,1.0169267543166423
anisotropic,1000,20,geometric,0.001,isotropic,3,90007,-1.3696462436156633,1.8481487343536678
anisotropic,1000,20,geometric,0.001,isotropic,3,90008,-1.2814275568099591,1.0079757170809691
anisotropic,1000,20,geometric,0.001,isotropic,3,90009,-1.8106851566140352,1.9131011129297633
anisotropic,1000,20,geometric,0.001,diag,3,90000,-1.7782205190902594,1.7545845082049625
anisotropic,1000,20,geometric,0.001,diag,3,90001,-1.592660246411157,1.9788166868005082
anisotropic,1000,20,geometric,0.001,diag,3,90002,-1.4734178624487082,1.0003853793039252
anisotropic,1000,20,geometric,0.001,diag,3,90003,-1.1748793373817616,1.0261222338334317
anisotropic,1000,20,geometric,0.001,diag,3,90004,-1.4254430101373712,1.0210747267414064
anisotropic,1000,20,geometric,0.001,diag,3,90005,-1.5617762729190081,1.1140204630646957
anisotropic,1000,20,geometric,0.001,diag,3,90006,-1.0257623203273134,1.0151550278410106
anisotropic,1000,20,geometric,0.001,diag,3,90007,-1.2275925109471468,1.0806293713217698
anisotropic,1000,20,geometric,0.001,diag,3,90008,-1.8094058403660511,2.0167658991775874
anisotropic,1000,20,geometric,0.001,diag,3,90009,-1.8103925522664328,1.9136785664456035
anisotropic,1000,20,geometric,0.01,isotropic,3,90000,-1.398818464294539,1.347815631952302
anisotropic,1000,20,geometric,0.01,isotropic,3,90001,-1.4770855008352155,1.3682651225662759
anisotropic,1000,20,geometric,0.01,isotropic,3,90002,-1.428768178114008,1.6435459720338175
anisotropic,1000,20,geometric,0.01,isotropic,3,90003,-1.2268355121183787,1.022764096014103
anisotropic,1000,20,geometric,0.01,isotropic,3,90004,-1.1929395732487165,1.0310097792366009
anisotropic,1000,20,geometric,0.01,isotropic,3,90005,-1.4837988238573308,1.014810081711078
anisotropic,1000,20,geometric,0.01,isotropic,3,90006,-1.2369541172360854,1.0316276305102112
anisotropic,1000,20,geometric,0.01,isotropic,3,90007,-1.420303224236463,1.7955526474867005
anisotropic,1000,20,geometric,0.01,isotropic,3,90008,-1.4379836642373307,1.1012184202605155
anisotropic,1000,20,geometric,0.01,isotropic,3,90009,-1.6839867595656055,1.9158161438747714
anisotropic,1000,20,geometric,0.01,diag,3,90000,-1.330639143289901,1.0138142801914491
anisotropic,1000,20,geometric,0.01,diag,3,90001,-1.4706512267426062,1.347911457427973
anisotropic,1000,20,geometric,0.01,diag,3,90002,-1.5314153115049454,2.01557484813179
anisotropic,1000,20,geometric,0.01,diag,3,90003,-1.2035119476563587,1.0238610987302486
anisotropic,1000,20,geometric,0.01,diag,3,90004,-1.2648433825058705,1.962424520642388
anisotropic,1000,20,geometric,0.01,diag,3,90005,-1.479524468042441,1.0096022814044383
anisotropic,1000,20,geometric,0.01,diag,3,90006,-1.4988639675705777,1.000511430355056
anisotropic,1000,20,geometric,0.01,diag,3,90007,-1.3571529193399645,1.8007555464547684
anisotropic,1000,20,geometric,0.01,diag,3,90008,-1.4476005315894966,1.0364927021768675
anisotropic,1000,20,geometric,0.01,diag,3,90009,-1.646437812289292,1.9138478708705948
anisotropic,1000,20,linear,0.001,isotropic,3,90000,-1.400908926697575,1.1356388651102403
anisotropic,1000,20,linear,0.001,isotropic,3,90001,-1.3788313689854572,1.07168562092361
anisotropic,1000,20,linear,0.001,isotropic,3,90002,-1.4603762261909872,1.000284989208813
anisotropic,1000,20,linear,0.001,isotropic,3,90003,-1.396962353765447,1.0703863879445488
anisotropic,1000,20,linear,0.001,isotropic,3,90004,-1.245834821520257,1.0980222161643307
anisotropic,1000,20,linear,0.001,isotropic,3,90005,-1.481863147450188,1.0049510033982012
anisotropic,1000,20,linear,0.001,isotropic,3,90006,-1.304256705248055,2.231378639196896
anisotropic,1000,20,linear,0.001,isotropic,3,90007,-1.28796262450038,2.1493989060979404
anisotropic,1000,20,linear,0.001,isotropic,3,90008,-1.3885171814647,1.5343399979267465
anisotropic,1000,20,linear,0.001,isotropic,3,90009,-1.7736266489365775,2.1005886639222315
anisotropic,1000,20,linear,0.001,diag,3,90000,-1.1742392640365673,1.0178090922624243
anisotropic,1000,20,linear,0.001,diag,3,90001,-1.1901705853295657,1.1020619406904
anisotropic,1000,20,linear,0.001,diag,3,90002,-1.465695591396788,1.0053897176072626
anisotropic,1000,20,linear,0.001,diag,3,90003,-1.412810739036899,1.1257226393070987
anisotropic,1000,20,linear,0.001,diag,3,90004,-1.2668012245296931,1.137519155320727
anisotropic,1000,20,linear,0.001,diag,3,90005,-1.42612129208933,1.0048985228300897
anisotropic,1000,20,linear,0.001,diag,3,90006,-1.4431031131716694,3.981972642402187
anisotropic,1000,20,linear,0.001,diag,3,90007,-1.3958136593296884,2.4932046658454152
anisotropic,1000,20,linear,0.001,diag,3,90008,-1.3970924374728972,1.5556365443952294
anisotropic,1000,20,linear,0.001,diag,3,90009,-1.7734882492328055,2.100837371955929
